adm1_code,adm1_name,adm2_code,adm2_name,dimension,category,indicator_key,indicator,value,authority,dataset,method
TZ01,Dodoma,TZ0101,Kondoa,Hazard & Exposure,Exposure,hazard:exposure,Population Exposure,3.19,NBS,2022 PHC population,"population density, log min-max"
TZ01,Dodoma,TZ0101,Kondoa,Hazard & Exposure,Natural hazards,hazard:coastalHazards,Coastal Hazards,0,TMA / PMO-DMD,coastal strip,documented overlay
TZ01,Dodoma,TZ0101,Kondoa,Hazard & Exposure,Natural hazards,hazard:drought,Drought,8.6,TMA / MoA,CHIRPS v3 1991-2024 + ERA5 t2m,"aridity+variability+SPEI+growing-season, min-max"
TZ01,Dodoma,TZ0101,Kondoa,Hazard & Exposure,Natural hazards,hazard:earthquake,Earthquake,10,INFORM SADC,INFORM seismic,baseline
TZ01,Dodoma,TZ0101,Kondoa,Hazard & Exposure,Natural hazards,hazard:environmentalDegradation,Environmental Degradation,4.35,INFORM SADC 2024,INFORM Sub-national SADC 2024,baseline
TZ01,Dodoma,TZ0101,Kondoa,Hazard & Exposure,Natural hazards,hazard:flood,Flood,3.8,PMO-DMD / TMA / MoW,CHIRPS v3 daily + recorded floods,"max(hazard, sqrt(hazard×exposure))"
TZ01,Dodoma,TZ0101,Kondoa,Hazard & Exposure,Natural hazards,hazard:landslide,Landslide,4.7,TMA / PMO-DMD,documented rainfall-triggered events,documented overlay
TZ01,Dodoma,TZ0101,Kondoa,Hazard & Exposure,Natural hazards,hazard:stormsCyclone,Storms Cyclone,0,TMA / PMO-DMD,Cyclone Hidaya 2024 + Lindi 1952 + Zanzibar 1872,documented cyclone/storm exposure overlay
TZ01,Dodoma,TZ0101,Kondoa,Hazard & Exposure,Natural hazards,hazard:volcano,Volcano,0,INFORM SADC 2024,INFORM Sub-national SADC 2024,baseline
TZ01,Dodoma,TZ0101,Kondoa,Hazard & Exposure,Natural hazards,hazard:wildfire,Wildfire,4.75,INFORM SADC 2024,INFORM Sub-national SADC 2024,baseline
TZ01,Dodoma,TZ0101,Kondoa,Hazard & Exposure,Human hazards,hazard:conflictIntensity,Conflict Intensity,0,INFORM SADC 2024,INFORM Sub-national SADC 2024,baseline
TZ01,Dodoma,TZ0101,Kondoa,Hazard & Exposure,Human hazards,hazard:conflictRisk,Conflict Risk,0.7,INFORM SADC 2024,INFORM Sub-national SADC 2024,baseline
TZ01,Dodoma,TZ0101,Kondoa,Hazard & Exposure,Human hazards,hazard:internalViolence,Internal Violence,1.35,INFORM SADC 2024,INFORM Sub-national SADC 2024,baseline
TZ01,Dodoma,TZ0101,Kondoa,Vulnerability,Socio-economic,vulnerability:developmentPoverty,Development Poverty,7.7,NBS,Household Budget Survey 2017/18,poverty headcount
TZ01,Dodoma,TZ0101,Kondoa,Vulnerability,Socio-economic,vulnerability:economicDependency,Economic Dependency,3.966666667,INFORM SADC 2024,INFORM Sub-national SADC 2024,baseline
TZ01,Dodoma,TZ0101,Kondoa,Vulnerability,Socio-economic,vulnerability:habitat,Habitat,4.9,INFORM SADC 2024,INFORM Sub-national SADC 2024,baseline
TZ01,Dodoma,TZ0101,Kondoa,Vulnerability,Socio-economic,vulnerability:livelihoods,Livelihoods,10,MUCHALI / IPC (MoA),IPC acute food-insecurity rounds,food-insecurity phase
TZ01,Dodoma,TZ0101,Kondoa,Vulnerability,Vulnerable groups,vulnerability:displacedPeople,Displaced People,0,INFORM SADC 2024,INFORM Sub-national SADC 2024,baseline
TZ01,Dodoma,TZ0101,Kondoa,Vulnerability,Vulnerable groups,vulnerability:healthConditions,Health Conditions,4.533333333,INFORM SADC 2024,INFORM Sub-national SADC 2024,baseline
TZ01,Dodoma,TZ0101,Kondoa,Vulnerability,Vulnerable groups,vulnerability:childrenHealthNutrition,Children Health Nutrition,7.5,MoH,TDHS 2022,under-5 stunting
TZ01,Dodoma,TZ0101,Kondoa,Lack of Coping Capacity,Infrastructure,coping:accessHealth,Access Health,3.96,MoH,2022 PHC health facilities,resource availability
TZ01,Dodoma,TZ0101,Kondoa,Lack of Coping Capacity,Infrastructure,coping:economicCapacity,Economic Capacity,9.866666667,INFORM SADC 2024,INFORM Sub-national SADC 2024,baseline
TZ01,Dodoma,TZ0101,Kondoa,Lack of Coping Capacity,Infrastructure,coping:wash,Wash,4.7,MoW,2022 PHC water points & boreholes,"resource availability, rank 2-8"
TZ01,Dodoma,TZ0101,Kondoa,Lack of Coping Capacity,Infrastructure,coping:communication,Communication,4.45,INFORM SADC 2024,INFORM Sub-national SADC 2024,baseline
TZ01,Dodoma,TZ0101,Kondoa,Lack of Coping Capacity,Infrastructure,coping:education,Education,6.3,NBS / MoH,2022 PHC schools,resource availability
TZ01,Dodoma,TZ0101,Kondoa,Lack of Coping Capacity,Institutional,coping:drrImplementation,Drr Implementation,3,PMO-DMD / DRR Coordinator,EPRP / EOCC / Anticipatory-Action records,DRM investment overlay
TZ01,Dodoma,TZ0101,Kondoa,Lack of Coping Capacity,Institutional,coping:governance,Governance,3.5,PMO-DMD,INFORM SADC governance,baseline
TZ01,Dodoma,TZ0102,Mpwapwa,Hazard & Exposure,Exposure,hazard:exposure,Population Exposure,3.21,NBS,2022 PHC population,"population density, log min-max"
TZ01,Dodoma,TZ0102,Mpwapwa,Hazard & Exposure,Natural hazards,hazard:coastalHazards,Coastal Hazards,0,TMA / PMO-DMD,coastal strip,documented overlay
TZ01,Dodoma,TZ0102,Mpwapwa,Hazard & Exposure,Natural hazards,hazard:drought,Drought,7,TMA / MoA,CHIRPS v3 1991-2024 + ERA5 t2m,"aridity+variability+SPEI+growing-season, min-max"
TZ01,Dodoma,TZ0102,Mpwapwa,Hazard & Exposure,Natural hazards,hazard:earthquake,Earthquake,8.7,INFORM SADC,INFORM seismic,baseline
TZ01,Dodoma,TZ0102,Mpwapwa,Hazard & Exposure,Natural hazards,hazard:environmentalDegradation,Environmental Degradation,4.35,INFORM SADC 2024,INFORM Sub-national SADC 2024,baseline
TZ01,Dodoma,TZ0102,Mpwapwa,Hazard & Exposure,Natural hazards,hazard:flood,Flood,4.3,PMO-DMD / TMA / MoW,CHIRPS v3 daily + recorded floods,"max(hazard, sqrt(hazard×exposure))"
TZ01,Dodoma,TZ0102,Mpwapwa,Hazard & Exposure,Natural hazards,hazard:landslide,Landslide,7.1,TMA / PMO-DMD,documented rainfall-triggered events,documented overlay
TZ01,Dodoma,TZ0102,Mpwapwa,Hazard & Exposure,Natural hazards,hazard:stormsCyclone,Storms Cyclone,0,TMA / PMO-DMD,Cyclone Hidaya 2024 + Lindi 1952 + Zanzibar 1872,documented cyclone/storm exposure overlay
TZ01,Dodoma,TZ0102,Mpwapwa,Hazard & Exposure,Natural hazards,hazard:volcano,Volcano,0,INFORM SADC 2024,INFORM Sub-national SADC 2024,baseline
TZ01,Dodoma,TZ0102,Mpwapwa,Hazard & Exposure,Natural hazards,hazard:wildfire,Wildfire,4.75,INFORM SADC 2024,INFORM Sub-national SADC 2024,baseline
TZ01,Dodoma,TZ0102,Mpwapwa,Hazard & Exposure,Human hazards,hazard:conflictIntensity,Conflict Intensity,0,INFORM SADC 2024,INFORM Sub-national SADC 2024,baseline
TZ01,Dodoma,TZ0102,Mpwapwa,Hazard & Exposure,Human hazards,hazard:conflictRisk,Conflict Risk,0.7,INFORM SADC 2024,INFORM Sub-national SADC 2024,baseline
TZ01,Dodoma,TZ0102,Mpwapwa,Hazard & Exposure,Human hazards,hazard:internalViolence,Internal Violence,1.35,INFORM SADC 2024,INFORM Sub-national SADC 2024,baseline
TZ01,Dodoma,TZ0102,Mpwapwa,Vulnerability,Socio-economic,vulnerability:developmentPoverty,Development Poverty,7.7,NBS,Household Budget Survey 2017/18,poverty headcount
TZ01,Dodoma,TZ0102,Mpwapwa,Vulnerability,Socio-economic,vulnerability:economicDependency,Economic Dependency,3.966666667,INFORM SADC 2024,INFORM Sub-national SADC 2024,baseline
TZ01,Dodoma,TZ0102,Mpwapwa,Vulnerability,Socio-economic,vulnerability:habitat,Habitat,4.9,INFORM SADC 2024,INFORM Sub-national SADC 2024,baseline
TZ01,Dodoma,TZ0102,Mpwapwa,Vulnerability,Socio-economic,vulnerability:livelihoods,Livelihoods,10,MUCHALI / IPC (MoA),IPC acute food-insecurity rounds,food-insecurity phase
TZ01,Dodoma,TZ0102,Mpwapwa,Vulnerability,Vulnerable groups,vulnerability:displacedPeople,Displaced People,0,INFORM SADC 2024,INFORM Sub-national SADC 2024,baseline
TZ01,Dodoma,TZ0102,Mpwapwa,Vulnerability,Vulnerable groups,vulnerability:healthConditions,Health Conditions,4.533333333,INFORM SADC 2024,INFORM Sub-national SADC 2024,baseline
TZ01,Dodoma,TZ0102,Mpwapwa,Vulnerability,Vulnerable groups,vulnerability:childrenHealthNutrition,Children Health Nutrition,7.5,MoH,TDHS 2022,under-5 stunting
TZ01,Dodoma,TZ0102,Mpwapwa,Lack of Coping Capacity,Infrastructure,coping:accessHealth,Access Health,3.96,MoH,2022 PHC health facilities,resource availability
TZ01,Dodoma,TZ0102,Mpwapwa,Lack of Coping Capacity,Infrastructure,coping:economicCapacity,Economic Capacity,9.866666667,INFORM SADC 2024,INFORM Sub-national SADC 2024,baseline
TZ01,Dodoma,TZ0102,Mpwapwa,Lack of Coping Capacity,Infrastructure,coping:wash,Wash,3.4,MoW,2022 PHC water points & boreholes,"resource availability, rank 2-8"
TZ01,Dodoma,TZ0102,Mpwapwa,Lack of Coping Capacity,Infrastructure,coping:communication,Communication,4.45,INFORM SADC 2024,INFORM Sub-national SADC 2024,baseline
TZ01,Dodoma,TZ0102,Mpwapwa,Lack of Coping Capacity,Infrastructure,coping:education,Education,6.3,NBS / MoH,2022 PHC schools,resource availability
TZ01,Dodoma,TZ0102,Mpwapwa,Lack of Coping Capacity,Institutional,coping:drrImplementation,Drr Implementation,3,PMO-DMD / DRR Coordinator,EPRP / EOCC / Anticipatory-Action records,DRM investment overlay
TZ01,Dodoma,TZ0102,Mpwapwa,Lack of Coping Capacity,Institutional,coping:governance,Governance,3.5,PMO-DMD,INFORM SADC governance,baseline
TZ01,Dodoma,TZ0103,Kongwa,Hazard & Exposure,Exposure,hazard:exposure,Population Exposure,4.1,NBS,2022 PHC population,"population density, log min-max"
TZ01,Dodoma,TZ0103,Kongwa,Hazard & Exposure,Natural hazards,hazard:coastalHazards,Coastal Hazards,0,TMA / PMO-DMD,coastal strip,documented overlay
TZ01,Dodoma,TZ0103,Kongwa,Hazard & Exposure,Natural hazards,hazard:drought,Drought,7.3,TMA / MoA,CHIRPS v3 1991-2024 + ERA5 t2m,"aridity+variability+SPEI+growing-season, min-max"
TZ01,Dodoma,TZ0103,Kongwa,Hazard & Exposure,Natural hazards,hazard:earthquake,Earthquake,8,INFORM SADC,INFORM seismic,baseline
TZ01,Dodoma,TZ0103,Kongwa,Hazard & Exposure,Natural hazards,hazard:environmentalDegradation,Environmental Degradation,4.2,INFORM SADC 2024,INFORM Sub-national SADC 2024,baseline
TZ01,Dodoma,TZ0103,Kongwa,Hazard & Exposure,Natural hazards,hazard:flood,Flood,2.8,PMO-DMD / TMA / MoW,CHIRPS v3 daily + recorded floods,"max(hazard, sqrt(hazard×exposure))"
TZ01,Dodoma,TZ0103,Kongwa,Hazard & Exposure,Natural hazards,hazard:landslide,Landslide,4.8,TMA / PMO-DMD,documented rainfall-triggered events,documented overlay
TZ01,Dodoma,TZ0103,Kongwa,Hazard & Exposure,Natural hazards,hazard:stormsCyclone,Storms Cyclone,0,TMA / PMO-DMD,Cyclone Hidaya 2024 + Lindi 1952 + Zanzibar 1872,documented cyclone/storm exposure overlay
TZ01,Dodoma,TZ0103,Kongwa,Hazard & Exposure,Natural hazards,hazard:volcano,Volcano,0,INFORM SADC 2024,INFORM Sub-national SADC 2024,baseline
TZ01,Dodoma,TZ0103,Kongwa,Hazard & Exposure,Natural hazards,hazard:wildfire,Wildfire,4.75,INFORM SADC 2024,INFORM Sub-national SADC 2024,baseline
TZ01,Dodoma,TZ0103,Kongwa,Hazard & Exposure,Human hazards,hazard:conflictIntensity,Conflict Intensity,0,INFORM SADC 2024,INFORM Sub-national SADC 2024,baseline
TZ01,Dodoma,TZ0103,Kongwa,Hazard & Exposure,Human hazards,hazard:conflictRisk,Conflict Risk,0.7,INFORM SADC 2024,INFORM Sub-national SADC 2024,baseline
TZ01,Dodoma,TZ0103,Kongwa,Hazard & Exposure,Human hazards,hazard:internalViolence,Internal Violence,1.35,INFORM SADC 2024,INFORM Sub-national SADC 2024,baseline
TZ01,Dodoma,TZ0103,Kongwa,Vulnerability,Socio-economic,vulnerability:developmentPoverty,Development Poverty,7.7,NBS,Household Budget Survey 2017/18,poverty headcount
TZ01,Dodoma,TZ0103,Kongwa,Vulnerability,Socio-economic,vulnerability:economicDependency,Economic Dependency,3.966666667,INFORM SADC 2024,INFORM Sub-national SADC 2024,baseline
TZ01,Dodoma,TZ0103,Kongwa,Vulnerability,Socio-economic,vulnerability:habitat,Habitat,4.9,INFORM SADC 2024,INFORM Sub-national SADC 2024,baseline
TZ01,Dodoma,TZ0103,Kongwa,Vulnerability,Socio-economic,vulnerability:livelihoods,Livelihoods,10,MUCHALI / IPC (MoA),IPC acute food-insecurity rounds,food-insecurity phase
TZ01,Dodoma,TZ0103,Kongwa,Vulnerability,Vulnerable groups,vulnerability:displacedPeople,Displaced People,0,INFORM SADC 2024,INFORM Sub-national SADC 2024,baseline
TZ01,Dodoma,TZ0103,Kongwa,Vulnerability,Vulnerable groups,vulnerability:healthConditions,Health Conditions,4.533333333,INFORM SADC 2024,INFORM Sub-national SADC 2024,baseline
TZ01,Dodoma,TZ0103,Kongwa,Vulnerability,Vulnerable groups,vulnerability:childrenHealthNutrition,Children Health Nutrition,7.5,MoH,TDHS 2022,under-5 stunting
TZ01,Dodoma,TZ0103,Kongwa,Lack of Coping Capacity,Infrastructure,coping:accessHealth,Access Health,3.96,MoH,2022 PHC health facilities,resource availability
TZ01,Dodoma,TZ0103,Kongwa,Lack of Coping Capacity,Infrastructure,coping:economicCapacity,Economic Capacity,9.866666667,INFORM SADC 2024,INFORM Sub-national SADC 2024,baseline
TZ01,Dodoma,TZ0103,Kongwa,Lack of Coping Capacity,Infrastructure,coping:wash,Wash,4.6,MoW,2022 PHC water points & boreholes,"resource availability, rank 2-8"
TZ01,Dodoma,TZ0103,Kongwa,Lack of Coping Capacity,Infrastructure,coping:communication,Communication,4.45,INFORM SADC 2024,INFORM Sub-national SADC 2024,baseline
TZ01,Dodoma,TZ0103,Kongwa,Lack of Coping Capacity,Infrastructure,coping:education,Education,6.3,NBS / MoH,2022 PHC schools,resource availability
TZ01,Dodoma,TZ0103,Kongwa,Lack of Coping Capacity,Institutional,coping:drrImplementation,Drr Implementation,3,PMO-DMD / DRR Coordinator,EPRP / EOCC / Anticipatory-Action records,DRM investment overlay
TZ01,Dodoma,TZ0103,Kongwa,Lack of Coping Capacity,Institutional,coping:governance,Governance,3.5,PMO-DMD,INFORM SADC governance,baseline
TZ01,Dodoma,TZ0104,Chamwino,Hazard & Exposure,Exposure,hazard:exposure,Population Exposure,3.18,NBS,2022 PHC population,"population density, log min-max"
TZ01,Dodoma,TZ0104,Chamwino,Hazard & Exposure,Natural hazards,hazard:coastalHazards,Coastal Hazards,0,TMA / PMO-DMD,coastal strip,documented overlay
TZ01,Dodoma,TZ0104,Chamwino,Hazard & Exposure,Natural hazards,hazard:drought,Drought,8,TMA / MoA,CHIRPS v3 1991-2024 + ERA5 t2m,"aridity+variability+SPEI+growing-season, min-max"
TZ01,Dodoma,TZ0104,Chamwino,Hazard & Exposure,Natural hazards,hazard:earthquake,Earthquake,9.9,INFORM SADC,INFORM seismic,baseline
TZ01,Dodoma,TZ0104,Chamwino,Hazard & Exposure,Natural hazards,hazard:environmentalDegradation,Environmental Degradation,4.9,INFORM SADC 2024,INFORM Sub-national SADC 2024,baseline
TZ01,Dodoma,TZ0104,Chamwino,Hazard & Exposure,Natural hazards,hazard:flood,Flood,4.8,PMO-DMD / TMA / MoW,CHIRPS v3 daily + recorded floods,"max(hazard, sqrt(hazard×exposure))"
TZ01,Dodoma,TZ0104,Chamwino,Hazard & Exposure,Natural hazards,hazard:landslide,Landslide,4.1,TMA / PMO-DMD,documented rainfall-triggered events,documented overlay
TZ01,Dodoma,TZ0104,Chamwino,Hazard & Exposure,Natural hazards,hazard:stormsCyclone,Storms Cyclone,0,TMA / PMO-DMD,Cyclone Hidaya 2024 + Lindi 1952 + Zanzibar 1872,documented cyclone/storm exposure overlay
TZ01,Dodoma,TZ0104,Chamwino,Hazard & Exposure,Natural hazards,hazard:volcano,Volcano,0,INFORM SADC 2024,INFORM Sub-national SADC 2024,baseline
TZ01,Dodoma,TZ0104,Chamwino,Hazard & Exposure,Natural hazards,hazard:wildfire,Wildfire,4.75,INFORM SADC 2024,INFORM Sub-national SADC 2024,baseline
TZ01,Dodoma,TZ0104,Chamwino,Hazard & Exposure,Human hazards,hazard:conflictIntensity,Conflict Intensity,0,INFORM SADC 2024,INFORM Sub-national SADC 2024,baseline
TZ01,Dodoma,TZ0104,Chamwino,Hazard & Exposure,Human hazards,hazard:conflictRisk,Conflict Risk,0.7,INFORM SADC 2024,INFORM Sub-national SADC 2024,baseline
TZ01,Dodoma,TZ0104,Chamwino,Hazard & Exposure,Human hazards,hazard:internalViolence,Internal Violence,1.35,INFORM SADC 2024,INFORM Sub-national SADC 2024,baseline
TZ01,Dodoma,TZ0104,Chamwino,Vulnerability,Socio-economic,vulnerability:developmentPoverty,Development Poverty,7.7,NBS,Household Budget Survey 2017/18,poverty headcount
TZ01,Dodoma,TZ0104,Chamwino,Vulnerability,Socio-economic,vulnerability:economicDependency,Economic Dependency,3.966666667,INFORM SADC 2024,INFORM Sub-national SADC 2024,baseline
TZ01,Dodoma,TZ0104,Chamwino,Vulnerability,Socio-economic,vulnerability:habitat,Habitat,4.9,INFORM SADC 2024,INFORM Sub-national SADC 2024,baseline
TZ01,Dodoma,TZ0104,Chamwino,Vulnerability,Socio-economic,vulnerability:livelihoods,Livelihoods,10,MUCHALI / IPC (MoA),IPC acute food-insecurity rounds,food-insecurity phase
TZ01,Dodoma,TZ0104,Chamwino,Vulnerability,Vulnerable groups,vulnerability:displacedPeople,Displaced People,0,INFORM SADC 2024,INFORM Sub-national SADC 2024,baseline
TZ01,Dodoma,TZ0104,Chamwino,Vulnerability,Vulnerable groups,vulnerability:healthConditions,Health Conditions,4.533333333,INFORM SADC 2024,INFORM Sub-national SADC 2024,baseline
TZ01,Dodoma,TZ0104,Chamwino,Vulnerability,Vulnerable groups,vulnerability:childrenHealthNutrition,Children Health Nutrition,7.5,MoH,TDHS 2022,under-5 stunting
TZ01,Dodoma,TZ0104,Chamwino,Lack of Coping Capacity,Infrastructure,coping:accessHealth,Access Health,3.96,MoH,2022 PHC health facilities,resource availability
TZ01,Dodoma,TZ0104,Chamwino,Lack of Coping Capacity,Infrastructure,coping:economicCapacity,Economic Capacity,9.866666667,INFORM SADC 2024,INFORM Sub-national SADC 2024,baseline
TZ01,Dodoma,TZ0104,Chamwino,Lack of Coping Capacity,Infrastructure,coping:wash,Wash,2.6,MoW,2022 PHC water points & boreholes,"resource availability, rank 2-8"
TZ01,Dodoma,TZ0104,Chamwino,Lack of Coping Capacity,Infrastructure,coping:communication,Communication,4.45,INFORM SADC 2024,INFORM Sub-national SADC 2024,baseline
TZ01,Dodoma,TZ0104,Chamwino,Lack of Coping Capacity,Infrastructure,coping:education,Education,6.3,NBS / MoH,2022 PHC schools,resource availability
TZ01,Dodoma,TZ0104,Chamwino,Lack of Coping Capacity,Institutional,coping:drrImplementation,Drr Implementation,3,PMO-DMD / DRR Coordinator,EPRP / EOCC / Anticipatory-Action records,DRM investment overlay
TZ01,Dodoma,TZ0104,Chamwino,Lack of Coping Capacity,Institutional,coping:governance,Governance,3.5,PMO-DMD,INFORM SADC governance,baseline
TZ01,Dodoma,TZ0105,Dodoma Urban,Hazard & Exposure,Natural hazards,hazard:coastalHazards,Coastal Hazards,0,TMA / PMO-DMD,coastal strip,documented overlay
TZ01,Dodoma,TZ0105,Dodoma Urban,Hazard & Exposure,Natural hazards,hazard:drought,Drought,7,TMA / MoA,CHIRPS v3 1991-2024 + ERA5 t2m,"aridity+variability+SPEI+growing-season, min-max"
TZ01,Dodoma,TZ0105,Dodoma Urban,Hazard & Exposure,Natural hazards,hazard:earthquake,Earthquake,10,INFORM SADC,INFORM seismic,baseline
TZ01,Dodoma,TZ0105,Dodoma Urban,Hazard & Exposure,Natural hazards,hazard:environmentalDegradation,Environmental Degradation,3.95,INFORM SADC 2024,INFORM Sub-national SADC 2024,baseline
TZ01,Dodoma,TZ0105,Dodoma Urban,Hazard & Exposure,Natural hazards,hazard:flood,Flood,3.1,PMO-DMD / TMA / MoW,CHIRPS v3 daily + recorded floods,"max(hazard, sqrt(hazard×exposure))"
TZ01,Dodoma,TZ0105,Dodoma Urban,Hazard & Exposure,Natural hazards,hazard:landslide,Landslide,1.2,TMA / PMO-DMD,documented rainfall-triggered events,documented overlay
TZ01,Dodoma,TZ0105,Dodoma Urban,Hazard & Exposure,Natural hazards,hazard:stormsCyclone,Storms Cyclone,0,TMA / PMO-DMD,Cyclone Hidaya 2024 + Lindi 1952 + Zanzibar 1872,documented cyclone/storm exposure overlay
TZ01,Dodoma,TZ0105,Dodoma Urban,Hazard & Exposure,Natural hazards,hazard:volcano,Volcano,0,INFORM SADC 2024,INFORM Sub-national SADC 2024,baseline
TZ01,Dodoma,TZ0105,Dodoma Urban,Hazard & Exposure,Natural hazards,hazard:wildfire,Wildfire,4.75,INFORM SADC 2024,INFORM Sub-national SADC 2024,baseline
TZ01,Dodoma,TZ0105,Dodoma Urban,Hazard & Exposure,Human hazards,hazard:conflictIntensity,Conflict Intensity,0,INFORM SADC 2024,INFORM Sub-national SADC 2024,baseline
TZ01,Dodoma,TZ0105,Dodoma Urban,Hazard & Exposure,Human hazards,hazard:conflictRisk,Conflict Risk,0.7,INFORM SADC 2024,INFORM Sub-national SADC 2024,baseline
TZ01,Dodoma,TZ0105,Dodoma Urban,Hazard & Exposure,Human hazards,hazard:internalViolence,Internal Violence,1.35,INFORM SADC 2024,INFORM Sub-national SADC 2024,baseline
TZ01,Dodoma,TZ0105,Dodoma Urban,Vulnerability,Socio-economic,vulnerability:developmentPoverty,Development Poverty,7.7,NBS,Household Budget Survey 2017/18,poverty headcount
TZ01,Dodoma,TZ0105,Dodoma Urban,Vulnerability,Socio-economic,vulnerability:economicDependency,Economic Dependency,3.966666667,INFORM SADC 2024,INFORM Sub-national SADC 2024,baseline
TZ01,Dodoma,TZ0105,Dodoma Urban,Vulnerability,Socio-economic,vulnerability:habitat,Habitat,4.9,INFORM SADC 2024,INFORM Sub-national SADC 2024,baseline
TZ01,Dodoma,TZ0105,Dodoma Urban,Vulnerability,Socio-economic,vulnerability:livelihoods,Livelihoods,10,MUCHALI / IPC (MoA),IPC acute food-insecurity rounds,food-insecurity phase
TZ01,Dodoma,TZ0105,Dodoma Urban,Vulnerability,Vulnerable groups,vulnerability:displacedPeople,Displaced People,0,INFORM SADC 2024,INFORM Sub-national SADC 2024,baseline
TZ01,Dodoma,TZ0105,Dodoma Urban,Vulnerability,Vulnerable groups,vulnerability:healthConditions,Health Conditions,4.533333333,INFORM SADC 2024,INFORM Sub-national SADC 2024,baseline
TZ01,Dodoma,TZ0105,Dodoma Urban,Vulnerability,Vulnerable groups,vulnerability:childrenHealthNutrition,Children Health Nutrition,7.5,MoH,TDHS 2022,under-5 stunting
TZ01,Dodoma,TZ0105,Dodoma Urban,Lack of Coping Capacity,Infrastructure,coping:accessHealth,Access Health,3.96,MoH,2022 PHC health facilities,resource availability
TZ01,Dodoma,TZ0105,Dodoma Urban,Lack of Coping Capacity,Infrastructure,coping:economicCapacity,Economic Capacity,9.866666667,INFORM SADC 2024,INFORM Sub-national SADC 2024,baseline
TZ01,Dodoma,TZ0105,Dodoma Urban,Lack of Coping Capacity,Infrastructure,coping:wash,Wash,7,MoW,2022 PHC water points & boreholes,"resource availability, rank 2-8"
TZ01,Dodoma,TZ0105,Dodoma Urban,Lack of Coping Capacity,Infrastructure,coping:communication,Communication,4.45,INFORM SADC 2024,INFORM Sub-national SADC 2024,baseline
TZ01,Dodoma,TZ0105,Dodoma Urban,Lack of Coping Capacity,Infrastructure,coping:education,Education,6.3,NBS / MoH,2022 PHC schools,resource availability
TZ01,Dodoma,TZ0105,Dodoma Urban,Lack of Coping Capacity,Institutional,coping:drrImplementation,Drr Implementation,3,PMO-DMD / DRR Coordinator,EPRP / EOCC / Anticipatory-Action records,DRM investment overlay
TZ01,Dodoma,TZ0105,Dodoma Urban,Lack of Coping Capacity,Institutional,coping:governance,Governance,3.5,PMO-DMD,INFORM SADC governance,baseline
TZ01,Dodoma,TZ0106,Bahi,Hazard & Exposure,Exposure,hazard:exposure,Population Exposure,3.32,NBS,2022 PHC population,"population density, log min-max"
TZ01,Dodoma,TZ0106,Bahi,Hazard & Exposure,Natural hazards,hazard:coastalHazards,Coastal Hazards,0,TMA / PMO-DMD,coastal strip,documented overlay
TZ01,Dodoma,TZ0106,Bahi,Hazard & Exposure,Natural hazards,hazard:drought,Drought,7.9,TMA / MoA,CHIRPS v3 1991-2024 + ERA5 t2m,"aridity+variability+SPEI+growing-season, min-max"
TZ01,Dodoma,TZ0106,Bahi,Hazard & Exposure,Natural hazards,hazard:earthquake,Earthquake,10,INFORM SADC,INFORM seismic,baseline
TZ01,Dodoma,TZ0106,Bahi,Hazard & Exposure,Natural hazards,hazard:environmentalDegradation,Environmental Degradation,3.85,INFORM SADC 2024,INFORM Sub-national SADC 2024,baseline
TZ01,Dodoma,TZ0106,Bahi,Hazard & Exposure,Natural hazards,hazard:flood,Flood,7.4,PMO-DMD / TMA / MoW,CHIRPS v3 daily + recorded floods,"max(hazard, sqrt(hazard×exposure))"
TZ01,Dodoma,TZ0106,Bahi,Hazard & Exposure,Natural hazards,hazard:landslide,Landslide,0.6,TMA / PMO-DMD,documented rainfall-triggered events,documented overlay
TZ01,Dodoma,TZ0106,Bahi,Hazard & Exposure,Natural hazards,hazard:stormsCyclone,Storms Cyclone,0,TMA / PMO-DMD,Cyclone Hidaya 2024 + Lindi 1952 + Zanzibar 1872,documented cyclone/storm exposure overlay
TZ01,Dodoma,TZ0106,Bahi,Hazard & Exposure,Natural hazards,hazard:volcano,Volcano,0,INFORM SADC 2024,INFORM Sub-national SADC 2024,baseline
TZ01,Dodoma,TZ0106,Bahi,Hazard & Exposure,Natural hazards,hazard:wildfire,Wildfire,4.75,INFORM SADC 2024,INFORM Sub-national SADC 2024,baseline
TZ01,Dodoma,TZ0106,Bahi,Hazard & Exposure,Human hazards,hazard:conflictIntensity,Conflict Intensity,0,INFORM SADC 2024,INFORM Sub-national SADC 2024,baseline
TZ01,Dodoma,TZ0106,Bahi,Hazard & Exposure,Human hazards,hazard:conflictRisk,Conflict Risk,0.7,INFORM SADC 2024,INFORM Sub-national SADC 2024,baseline
TZ01,Dodoma,TZ0106,Bahi,Hazard & Exposure,Human hazards,hazard:internalViolence,Internal Violence,1.35,INFORM SADC 2024,INFORM Sub-national SADC 2024,baseline
TZ01,Dodoma,TZ0106,Bahi,Vulnerability,Socio-economic,vulnerability:developmentPoverty,Development Poverty,7.7,NBS,Household Budget Survey 2017/18,poverty headcount
TZ01,Dodoma,TZ0106,Bahi,Vulnerability,Socio-economic,vulnerability:economicDependency,Economic Dependency,3.966666667,INFORM SADC 2024,INFORM Sub-national SADC 2024,baseline
TZ01,Dodoma,TZ0106,Bahi,Vulnerability,Socio-economic,vulnerability:habitat,Habitat,4.9,INFORM SADC 2024,INFORM Sub-national SADC 2024,baseline
TZ01,Dodoma,TZ0106,Bahi,Vulnerability,Socio-economic,vulnerability:livelihoods,Livelihoods,10,MUCHALI / IPC (MoA),IPC acute food-insecurity rounds,food-insecurity phase
TZ01,Dodoma,TZ0106,Bahi,Vulnerability,Vulnerable groups,vulnerability:displacedPeople,Displaced People,0,INFORM SADC 2024,INFORM Sub-national SADC 2024,baseline
TZ01,Dodoma,TZ0106,Bahi,Vulnerability,Vulnerable groups,vulnerability:healthConditions,Health Conditions,4.533333333,INFORM SADC 2024,INFORM Sub-national SADC 2024,baseline
TZ01,Dodoma,TZ0106,Bahi,Vulnerability,Vulnerable groups,vulnerability:childrenHealthNutrition,Children Health Nutrition,7.5,MoH,TDHS 2022,under-5 stunting
TZ01,Dodoma,TZ0106,Bahi,Lack of Coping Capacity,Infrastructure,coping:accessHealth,Access Health,3.96,MoH,2022 PHC health facilities,resource availability
TZ01,Dodoma,TZ0106,Bahi,Lack of Coping Capacity,Infrastructure,coping:economicCapacity,Economic Capacity,9.866666667,INFORM SADC 2024,INFORM Sub-national SADC 2024,baseline
TZ01,Dodoma,TZ0106,Bahi,Lack of Coping Capacity,Infrastructure,coping:wash,Wash,5.1,MoW,2022 PHC water points & boreholes,"resource availability, rank 2-8"
TZ01,Dodoma,TZ0106,Bahi,Lack of Coping Capacity,Infrastructure,coping:communication,Communication,4.45,INFORM SADC 2024,INFORM Sub-national SADC 2024,baseline
TZ01,Dodoma,TZ0106,Bahi,Lack of Coping Capacity,Infrastructure,coping:education,Education,6.3,NBS / MoH,2022 PHC schools,resource availability
TZ01,Dodoma,TZ0106,Bahi,Lack of Coping Capacity,Institutional,coping:drrImplementation,Drr Implementation,3,PMO-DMD / DRR Coordinator,EPRP / EOCC / Anticipatory-Action records,DRM investment overlay
TZ01,Dodoma,TZ0106,Bahi,Lack of Coping Capacity,Institutional,coping:governance,Governance,3.5,PMO-DMD,INFORM SADC governance,baseline
TZ01,Dodoma,TZ0107,Chemba,Hazard & Exposure,Exposure,hazard:exposure,Population Exposure,2.99,NBS,2022 PHC population,"population density, log min-max"
TZ01,Dodoma,TZ0107,Chemba,Hazard & Exposure,Natural hazards,hazard:coastalHazards,Coastal Hazards,0,TMA / PMO-DMD,coastal strip,documented overlay
TZ01,Dodoma,TZ0107,Chemba,Hazard & Exposure,Natural hazards,hazard:drought,Drought,8.6,TMA / MoA,CHIRPS v3 1991-2024 + ERA5 t2m,"aridity+variability+SPEI+growing-season, min-max"
TZ01,Dodoma,TZ0107,Chemba,Hazard & Exposure,Natural hazards,hazard:earthquake,Earthquake,10,INFORM SADC,INFORM seismic,baseline
TZ01,Dodoma,TZ0107,Chemba,Hazard & Exposure,Natural hazards,hazard:environmentalDegradation,Environmental Degradation,5,INFORM SADC 2024,INFORM Sub-national SADC 2024,baseline
TZ01,Dodoma,TZ0107,Chemba,Hazard & Exposure,Natural hazards,hazard:flood,Flood,5.7,PMO-DMD / TMA / MoW,CHIRPS v3 daily + recorded floods,"max(hazard, sqrt(hazard×exposure))"
TZ01,Dodoma,TZ0107,Chemba,Hazard & Exposure,Natural hazards,hazard:landslide,Landslide,4,TMA / PMO-DMD,documented rainfall-triggered events,documented overlay
TZ01,Dodoma,TZ0107,Chemba,Hazard & Exposure,Natural hazards,hazard:stormsCyclone,Storms Cyclone,0,TMA / PMO-DMD,Cyclone Hidaya 2024 + Lindi 1952 + Zanzibar 1872,documented cyclone/storm exposure overlay
TZ01,Dodoma,TZ0107,Chemba,Hazard & Exposure,Natural hazards,hazard:volcano,Volcano,0,INFORM SADC 2024,INFORM Sub-national SADC 2024,baseline
TZ01,Dodoma,TZ0107,Chemba,Hazard & Exposure,Natural hazards,hazard:wildfire,Wildfire,4.75,INFORM SADC 2024,INFORM Sub-national SADC 2024,baseline
TZ01,Dodoma,TZ0107,Chemba,Hazard & Exposure,Human hazards,hazard:conflictIntensity,Conflict Intensity,0,INFORM SADC 2024,INFORM Sub-national SADC 2024,baseline
TZ01,Dodoma,TZ0107,Chemba,Hazard & Exposure,Human hazards,hazard:conflictRisk,Conflict Risk,0.7,INFORM SADC 2024,INFORM Sub-national SADC 2024,baseline
TZ01,Dodoma,TZ0107,Chemba,Hazard & Exposure,Human hazards,hazard:internalViolence,Internal Violence,1.35,INFORM SADC 2024,INFORM Sub-national SADC 2024,baseline
TZ01,Dodoma,TZ0107,Chemba,Vulnerability,Socio-economic,vulnerability:developmentPoverty,Development Poverty,7.7,NBS,Household Budget Survey 2017/18,poverty headcount
TZ01,Dodoma,TZ0107,Chemba,Vulnerability,Socio-economic,vulnerability:economicDependency,Economic Dependency,3.966666667,INFORM SADC 2024,INFORM Sub-national SADC 2024,baseline
TZ01,Dodoma,TZ0107,Chemba,Vulnerability,Socio-economic,vulnerability:habitat,Habitat,4.9,INFORM SADC 2024,INFORM Sub-national SADC 2024,baseline
TZ01,Dodoma,TZ0107,Chemba,Vulnerability,Socio-economic,vulnerability:livelihoods,Livelihoods,10,MUCHALI / IPC (MoA),IPC acute food-insecurity rounds,food-insecurity phase
TZ01,Dodoma,TZ0107,Chemba,Vulnerability,Vulnerable groups,vulnerability:displacedPeople,Displaced People,0,INFORM SADC 2024,INFORM Sub-national SADC 2024,baseline
TZ01,Dodoma,TZ0107,Chemba,Vulnerability,Vulnerable groups,vulnerability:healthConditions,Health Conditions,4.533333333,INFORM SADC 2024,INFORM Sub-national SADC 2024,baseline
TZ01,Dodoma,TZ0107,Chemba,Vulnerability,Vulnerable groups,vulnerability:childrenHealthNutrition,Children Health Nutrition,7.5,MoH,TDHS 2022,under-5 stunting
TZ01,Dodoma,TZ0107,Chemba,Lack of Coping Capacity,Infrastructure,coping:accessHealth,Access Health,3.96,MoH,2022 PHC health facilities,resource availability
TZ01,Dodoma,TZ0107,Chemba,Lack of Coping Capacity,Infrastructure,coping:economicCapacity,Economic Capacity,9.866666667,INFORM SADC 2024,INFORM Sub-national SADC 2024,baseline
TZ01,Dodoma,TZ0107,Chemba,Lack of Coping Capacity,Infrastructure,coping:wash,Wash,4.1,MoW,2022 PHC water points & boreholes,"resource availability, rank 2-8"
TZ01,Dodoma,TZ0107,Chemba,Lack of Coping Capacity,Infrastructure,coping:communication,Communication,4.45,INFORM SADC 2024,INFORM Sub-national SADC 2024,baseline
TZ01,Dodoma,TZ0107,Chemba,Lack of Coping Capacity,Infrastructure,coping:education,Education,6.3,NBS / MoH,2022 PHC schools,resource availability
TZ01,Dodoma,TZ0107,Chemba,Lack of Coping Capacity,Institutional,coping:drrImplementation,Drr Implementation,3,PMO-DMD / DRR Coordinator,EPRP / EOCC / Anticipatory-Action records,DRM investment overlay
TZ01,Dodoma,TZ0107,Chemba,Lack of Coping Capacity,Institutional,coping:governance,Governance,3.5,PMO-DMD,INFORM SADC governance,baseline
TZ02,Arusha,TZ0201,Monduli,Hazard & Exposure,Exposure,hazard:exposure,Population Exposure,2.59,NBS,2022 PHC population,"population density, log min-max"
TZ02,Arusha,TZ0201,Monduli,Hazard & Exposure,Natural hazards,hazard:coastalHazards,Coastal Hazards,0,TMA / PMO-DMD,coastal strip,documented overlay
TZ02,Arusha,TZ0201,Monduli,Hazard & Exposure,Natural hazards,hazard:drought,Drought,9.2,TMA / MoA,CHIRPS v3 1991-2024 + ERA5 t2m,"aridity+variability+SPEI+growing-season, min-max"
TZ02,Arusha,TZ0201,Monduli,Hazard & Exposure,Natural hazards,hazard:earthquake,Earthquake,10,INFORM SADC,INFORM seismic,baseline
TZ02,Arusha,TZ0201,Monduli,Hazard & Exposure,Natural hazards,hazard:environmentalDegradation,Environmental Degradation,3.6,INFORM SADC 2024,INFORM Sub-national SADC 2024,baseline
TZ02,Arusha,TZ0201,Monduli,Hazard & Exposure,Natural hazards,hazard:flood,Flood,3.4,PMO-DMD / TMA / MoW,CHIRPS v3 daily + recorded floods,"max(hazard, sqrt(hazard×exposure))"
TZ02,Arusha,TZ0201,Monduli,Hazard & Exposure,Natural hazards,hazard:landslide,Landslide,4.7,TMA / PMO-DMD,documented rainfall-triggered events,documented overlay
TZ02,Arusha,TZ0201,Monduli,Hazard & Exposure,Natural hazards,hazard:stormsCyclone,Storms Cyclone,0,TMA / PMO-DMD,Cyclone Hidaya 2024 + Lindi 1952 + Zanzibar 1872,documented cyclone/storm exposure overlay
TZ02,Arusha,TZ0201,Monduli,Hazard & Exposure,Natural hazards,hazard:volcano,Volcano,10,INFORM SADC 2024,INFORM Sub-national SADC 2024,baseline
TZ02,Arusha,TZ0201,Monduli,Hazard & Exposure,Natural hazards,hazard:wildfire,Wildfire,4,INFORM SADC 2024,INFORM Sub-national SADC 2024,baseline
TZ02,Arusha,TZ0201,Monduli,Hazard & Exposure,Human hazards,hazard:conflictIntensity,Conflict Intensity,0,INFORM SADC 2024,INFORM Sub-national SADC 2024,baseline
TZ02,Arusha,TZ0201,Monduli,Hazard & Exposure,Human hazards,hazard:conflictRisk,Conflict Risk,0.7,INFORM SADC 2024,INFORM Sub-national SADC 2024,baseline
TZ02,Arusha,TZ0201,Monduli,Hazard & Exposure,Human hazards,hazard:internalViolence,Internal Violence,6.85,INFORM SADC 2024,INFORM Sub-national SADC 2024,baseline
TZ02,Arusha,TZ0201,Monduli,Vulnerability,Socio-economic,vulnerability:developmentPoverty,Development Poverty,4.675,NBS,Household Budget Survey 2017/18,poverty headcount
TZ02,Arusha,TZ0201,Monduli,Vulnerability,Socio-economic,vulnerability:economicDependency,Economic Dependency,3.333333333,INFORM SADC 2024,INFORM Sub-national SADC 2024,baseline
TZ02,Arusha,TZ0201,Monduli,Vulnerability,Socio-economic,vulnerability:habitat,Habitat,5.1,INFORM SADC 2024,INFORM Sub-national SADC 2024,baseline
TZ02,Arusha,TZ0201,Monduli,Vulnerability,Socio-economic,vulnerability:livelihoods,Livelihoods,4.2,MUCHALI / IPC (MoA),IPC acute food-insecurity rounds,food-insecurity phase
TZ02,Arusha,TZ0201,Monduli,Vulnerability,Vulnerable groups,vulnerability:displacedPeople,Displaced People,0,INFORM SADC 2024,INFORM Sub-national SADC 2024,baseline
TZ02,Arusha,TZ0201,Monduli,Vulnerability,Vulnerable groups,vulnerability:healthConditions,Health Conditions,0.8,INFORM SADC 2024,INFORM Sub-national SADC 2024,baseline
TZ02,Arusha,TZ0201,Monduli,Vulnerability,Vulnerable groups,vulnerability:childrenHealthNutrition,Children Health Nutrition,4.075,MoH,TDHS 2022,under-5 stunting
TZ02,Arusha,TZ0201,Monduli,Lack of Coping Capacity,Infrastructure,coping:accessHealth,Access Health,5.54,MoH,2022 PHC health facilities,resource availability
TZ02,Arusha,TZ0201,Monduli,Lack of Coping Capacity,Infrastructure,coping:economicCapacity,Economic Capacity,8.466666667,INFORM SADC 2024,INFORM Sub-national SADC 2024,baseline
TZ02,Arusha,TZ0201,Monduli,Lack of Coping Capacity,Infrastructure,coping:wash,Wash,7.1,MoW,2022 PHC water points & boreholes,"resource availability, rank 2-8"
TZ02,Arusha,TZ0201,Monduli,Lack of Coping Capacity,Infrastructure,coping:communication,Communication,6.55,INFORM SADC 2024,INFORM Sub-national SADC 2024,baseline
TZ02,Arusha,TZ0201,Monduli,Lack of Coping Capacity,Infrastructure,coping:education,Education,5.3,NBS / MoH,2022 PHC schools,resource availability
TZ02,Arusha,TZ0201,Monduli,Lack of Coping Capacity,Institutional,coping:drrImplementation,Drr Implementation,3,PMO-DMD / DRR Coordinator,EPRP / EOCC / Anticipatory-Action records,DRM investment overlay
TZ02,Arusha,TZ0201,Monduli,Lack of Coping Capacity,Institutional,coping:governance,Governance,3.5,PMO-DMD,INFORM SADC governance,baseline
TZ02,Arusha,TZ0202,Meru,Hazard & Exposure,Natural hazards,hazard:coastalHazards,Coastal Hazards,0,TMA / PMO-DMD,coastal strip,documented overlay
TZ02,Arusha,TZ0202,Meru,Hazard & Exposure,Natural hazards,hazard:drought,Drought,8.6,TMA / MoA,CHIRPS v3 1991-2024 + ERA5 t2m,"aridity+variability+SPEI+growing-season, min-max"
TZ02,Arusha,TZ0202,Meru,Hazard & Exposure,Natural hazards,hazard:earthquake,Earthquake,10,INFORM SADC,INFORM seismic,baseline
TZ02,Arusha,TZ0202,Meru,Hazard & Exposure,Natural hazards,hazard:environmentalDegradation,Environmental Degradation,5,INFORM SADC 2024,INFORM Sub-national SADC 2024,baseline
TZ02,Arusha,TZ0202,Meru,Hazard & Exposure,Natural hazards,hazard:flood,Flood,3.8,PMO-DMD / TMA / MoW,CHIRPS v3 daily + recorded floods,"max(hazard, sqrt(hazard×exposure))"
TZ02,Arusha,TZ0202,Meru,Hazard & Exposure,Natural hazards,hazard:landslide,Landslide,6.5,TMA / PMO-DMD,documented rainfall-triggered events,documented overlay
TZ02,Arusha,TZ0202,Meru,Hazard & Exposure,Natural hazards,hazard:stormsCyclone,Storms Cyclone,0,TMA / PMO-DMD,Cyclone Hidaya 2024 + Lindi 1952 + Zanzibar 1872,documented cyclone/storm exposure overlay
TZ02,Arusha,TZ0202,Meru,Hazard & Exposure,Natural hazards,hazard:volcano,Volcano,10,INFORM SADC 2024,INFORM Sub-national SADC 2024,baseline
TZ02,Arusha,TZ0202,Meru,Hazard & Exposure,Natural hazards,hazard:wildfire,Wildfire,4,INFORM SADC 2024,INFORM Sub-national SADC 2024,baseline
TZ02,Arusha,TZ0202,Meru,Hazard & Exposure,Human hazards,hazard:conflictIntensity,Conflict Intensity,0,INFORM SADC 2024,INFORM Sub-national SADC 2024,baseline
TZ02,Arusha,TZ0202,Meru,Hazard & Exposure,Human hazards,hazard:conflictRisk,Conflict Risk,0.7,INFORM SADC 2024,INFORM Sub-national SADC 2024,baseline
TZ02,Arusha,TZ0202,Meru,Hazard & Exposure,Human hazards,hazard:internalViolence,Internal Violence,6.85,INFORM SADC 2024,INFORM Sub-national SADC 2024,baseline
TZ02,Arusha,TZ0202,Meru,Vulnerability,Socio-economic,vulnerability:developmentPoverty,Development Poverty,4.675,NBS,Household Budget Survey 2017/18,poverty headcount
TZ02,Arusha,TZ0202,Meru,Vulnerability,Socio-economic,vulnerability:economicDependency,Economic Dependency,3.333333333,INFORM SADC 2024,INFORM Sub-national SADC 2024,baseline
TZ02,Arusha,TZ0202,Meru,Vulnerability,Socio-economic,vulnerability:habitat,Habitat,5.1,INFORM SADC 2024,INFORM Sub-national SADC 2024,baseline
TZ02,Arusha,TZ0202,Meru,Vulnerability,Socio-economic,vulnerability:livelihoods,Livelihoods,4.2,MUCHALI / IPC (MoA),IPC acute food-insecurity rounds,food-insecurity phase
TZ02,Arusha,TZ0202,Meru,Vulnerability,Vulnerable groups,vulnerability:displacedPeople,Displaced People,0,INFORM SADC 2024,INFORM Sub-national SADC 2024,baseline
TZ02,Arusha,TZ0202,Meru,Vulnerability,Vulnerable groups,vulnerability:healthConditions,Health Conditions,0.8,INFORM SADC 2024,INFORM Sub-national SADC 2024,baseline
TZ02,Arusha,TZ0202,Meru,Vulnerability,Vulnerable groups,vulnerability:childrenHealthNutrition,Children Health Nutrition,4.075,MoH,TDHS 2022,under-5 stunting
TZ02,Arusha,TZ0202,Meru,Lack of Coping Capacity,Infrastructure,coping:accessHealth,Access Health,5.54,MoH,2022 PHC health facilities,resource availability
TZ02,Arusha,TZ0202,Meru,Lack of Coping Capacity,Infrastructure,coping:economicCapacity,Economic Capacity,8.466666667,INFORM SADC 2024,INFORM Sub-national SADC 2024,baseline
TZ02,Arusha,TZ0202,Meru,Lack of Coping Capacity,Infrastructure,coping:wash,Wash,7,MoW,2022 PHC water points & boreholes,"resource availability, rank 2-8"
TZ02,Arusha,TZ0202,Meru,Lack of Coping Capacity,Infrastructure,coping:communication,Communication,6.55,INFORM SADC 2024,INFORM Sub-national SADC 2024,baseline
TZ02,Arusha,TZ0202,Meru,Lack of Coping Capacity,Infrastructure,coping:education,Education,5.3,NBS / MoH,2022 PHC schools,resource availability
TZ02,Arusha,TZ0202,Meru,Lack of Coping Capacity,Institutional,coping:drrImplementation,Drr Implementation,3,PMO-DMD / DRR Coordinator,EPRP / EOCC / Anticipatory-Action records,DRM investment overlay
TZ02,Arusha,TZ0202,Meru,Lack of Coping Capacity,Institutional,coping:governance,Governance,3.5,PMO-DMD,INFORM SADC governance,baseline
TZ02,Arusha,TZ0203,Arusha Urban,Hazard & Exposure,Natural hazards,hazard:coastalHazards,Coastal Hazards,0,TMA / PMO-DMD,coastal strip,documented overlay
TZ02,Arusha,TZ0203,Arusha Urban,Hazard & Exposure,Natural hazards,hazard:drought,Drought,8.6,TMA / MoA,CHIRPS v3 1991-2024 + ERA5 t2m,"aridity+variability+SPEI+growing-season, min-max"
TZ02,Arusha,TZ0203,Arusha Urban,Hazard & Exposure,Natural hazards,hazard:earthquake,Earthquake,10,INFORM SADC,INFORM seismic,baseline
TZ02,Arusha,TZ0203,Arusha Urban,Hazard & Exposure,Natural hazards,hazard:environmentalDegradation,Environmental Degradation,2.8,INFORM SADC 2024,INFORM Sub-national SADC 2024,baseline
TZ02,Arusha,TZ0203,Arusha Urban,Hazard & Exposure,Natural hazards,hazard:flood,Flood,0,PMO-DMD / TMA / MoW,CHIRPS v3 daily + recorded floods,"max(hazard, sqrt(hazard×exposure))"
TZ02,Arusha,TZ0203,Arusha Urban,Hazard & Exposure,Natural hazards,hazard:landslide,Landslide,4.5,TMA / PMO-DMD,documented rainfall-triggered events,documented overlay
TZ02,Arusha,TZ0203,Arusha Urban,Hazard & Exposure,Natural hazards,hazard:stormsCyclone,Storms Cyclone,0,TMA / PMO-DMD,Cyclone Hidaya 2024 + Lindi 1952 + Zanzibar 1872,documented cyclone/storm exposure overlay
TZ02,Arusha,TZ0203,Arusha Urban,Hazard & Exposure,Natural hazards,hazard:volcano,Volcano,10,INFORM SADC 2024,INFORM Sub-national SADC 2024,baseline
TZ02,Arusha,TZ0203,Arusha Urban,Hazard & Exposure,Natural hazards,hazard:wildfire,Wildfire,4,INFORM SADC 2024,INFORM Sub-national SADC 2024,baseline
TZ02,Arusha,TZ0203,Arusha Urban,Hazard & Exposure,Human hazards,hazard:conflictIntensity,Conflict Intensity,0,INFORM SADC 2024,INFORM Sub-national SADC 2024,baseline
TZ02,Arusha,TZ0203,Arusha Urban,Hazard & Exposure,Human hazards,hazard:conflictRisk,Conflict Risk,0.7,INFORM SADC 2024,INFORM Sub-national SADC 2024,baseline
TZ02,Arusha,TZ0203,Arusha Urban,Hazard & Exposure,Human hazards,hazard:internalViolence,Internal Violence,6.85,INFORM SADC 2024,INFORM Sub-national SADC 2024,baseline
TZ02,Arusha,TZ0203,Arusha Urban,Vulnerability,Socio-economic,vulnerability:developmentPoverty,Development Poverty,4.675,NBS,Household Budget Survey 2017/18,poverty headcount
TZ02,Arusha,TZ0203,Arusha Urban,Vulnerability,Socio-economic,vulnerability:economicDependency,Economic Dependency,3.333333333,INFORM SADC 2024,INFORM Sub-national SADC 2024,baseline
TZ02,Arusha,TZ0203,Arusha Urban,Vulnerability,Socio-economic,vulnerability:habitat,Habitat,5.1,INFORM SADC 2024,INFORM Sub-national SADC 2024,baseline
TZ02,Arusha,TZ0203,Arusha Urban,Vulnerability,Socio-economic,vulnerability:livelihoods,Livelihoods,4.2,MUCHALI / IPC (MoA),IPC acute food-insecurity rounds,food-insecurity phase
TZ02,Arusha,TZ0203,Arusha Urban,Vulnerability,Vulnerable groups,vulnerability:displacedPeople,Displaced People,0,INFORM SADC 2024,INFORM Sub-national SADC 2024,baseline
TZ02,Arusha,TZ0203,Arusha Urban,Vulnerability,Vulnerable groups,vulnerability:healthConditions,Health Conditions,0.8,INFORM SADC 2024,INFORM Sub-national SADC 2024,baseline
TZ02,Arusha,TZ0203,Arusha Urban,Vulnerability,Vulnerable groups,vulnerability:childrenHealthNutrition,Children Health Nutrition,4.075,MoH,TDHS 2022,under-5 stunting
TZ02,Arusha,TZ0203,Arusha Urban,Lack of Coping Capacity,Infrastructure,coping:accessHealth,Access Health,5.54,MoH,2022 PHC health facilities,resource availability
TZ02,Arusha,TZ0203,Arusha Urban,Lack of Coping Capacity,Infrastructure,coping:economicCapacity,Economic Capacity,8.466666667,INFORM SADC 2024,INFORM Sub-national SADC 2024,baseline
TZ02,Arusha,TZ0203,Arusha Urban,Lack of Coping Capacity,Infrastructure,coping:wash,Wash,7,MoW,2022 PHC water points & boreholes,"resource availability, rank 2-8"
TZ02,Arusha,TZ0203,Arusha Urban,Lack of Coping Capacity,Infrastructure,coping:communication,Communication,6.55,INFORM SADC 2024,INFORM Sub-national SADC 2024,baseline
TZ02,Arusha,TZ0203,Arusha Urban,Lack of Coping Capacity,Infrastructure,coping:education,Education,5.3,NBS / MoH,2022 PHC schools,resource availability
TZ02,Arusha,TZ0203,Arusha Urban,Lack of Coping Capacity,Institutional,coping:drrImplementation,Drr Implementation,3,PMO-DMD / DRR Coordinator,EPRP / EOCC / Anticipatory-Action records,DRM investment overlay
TZ02,Arusha,TZ0203,Arusha Urban,Lack of Coping Capacity,Institutional,coping:governance,Governance,3.5,PMO-DMD,INFORM SADC governance,baseline
TZ02,Arusha,TZ0204,Karatu,Hazard & Exposure,Exposure,hazard:exposure,Population Exposure,3.83,NBS,2022 PHC population,"population density, log min-max"
TZ02,Arusha,TZ0204,Karatu,Hazard & Exposure,Natural hazards,hazard:coastalHazards,Coastal Hazards,0,TMA / PMO-DMD,coastal strip,documented overlay
TZ02,Arusha,TZ0204,Karatu,Hazard & Exposure,Natural hazards,hazard:drought,Drought,8.7,TMA / MoA,CHIRPS v3 1991-2024 + ERA5 t2m,"aridity+variability+SPEI+growing-season, min-max"
TZ02,Arusha,TZ0204,Karatu,Hazard & Exposure,Natural hazards,hazard:earthquake,Earthquake,10,INFORM SADC,INFORM seismic,baseline
TZ02,Arusha,TZ0204,Karatu,Hazard & Exposure,Natural hazards,hazard:environmentalDegradation,Environmental Degradation,4.3,INFORM SADC 2024,INFORM Sub-national SADC 2024,baseline
TZ02,Arusha,TZ0204,Karatu,Hazard & Exposure,Natural hazards,hazard:flood,Flood,4.7,PMO-DMD / TMA / MoW,CHIRPS v3 daily + recorded floods,"max(hazard, sqrt(hazard×exposure))"
TZ02,Arusha,TZ0204,Karatu,Hazard & Exposure,Natural hazards,hazard:landslide,Landslide,5.4,TMA / PMO-DMD,documented rainfall-triggered events,documented overlay
TZ02,Arusha,TZ0204,Karatu,Hazard & Exposure,Natural hazards,hazard:stormsCyclone,Storms Cyclone,0,TMA / PMO-DMD,Cyclone Hidaya 2024 + Lindi 1952 + Zanzibar 1872,documented cyclone/storm exposure overlay
TZ02,Arusha,TZ0204,Karatu,Hazard & Exposure,Natural hazards,hazard:volcano,Volcano,10,INFORM SADC 2024,INFORM Sub-national SADC 2024,baseline
TZ02,Arusha,TZ0204,Karatu,Hazard & Exposure,Natural hazards,hazard:wildfire,Wildfire,4,INFORM SADC 2024,INFORM Sub-national SADC 2024,baseline
TZ02,Arusha,TZ0204,Karatu,Hazard & Exposure,Human hazards,hazard:conflictIntensity,Conflict Intensity,0,INFORM SADC 2024,INFORM Sub-national SADC 2024,baseline
TZ02,Arusha,TZ0204,Karatu,Hazard & Exposure,Human hazards,hazard:conflictRisk,Conflict Risk,0.7,INFORM SADC 2024,INFORM Sub-national SADC 2024,baseline
TZ02,Arusha,TZ0204,Karatu,Hazard & Exposure,Human hazards,hazard:internalViolence,Internal Violence,6.85,INFORM SADC 2024,INFORM Sub-national SADC 2024,baseline
TZ02,Arusha,TZ0204,Karatu,Vulnerability,Socio-economic,vulnerability:developmentPoverty,Development Poverty,4.675,NBS,Household Budget Survey 2017/18,poverty headcount
TZ02,Arusha,TZ0204,Karatu,Vulnerability,Socio-economic,vulnerability:economicDependency,Economic Dependency,3.333333333,INFORM SADC 2024,INFORM Sub-national SADC 2024,baseline
TZ02,Arusha,TZ0204,Karatu,Vulnerability,Socio-economic,vulnerability:habitat,Habitat,5.1,INFORM SADC 2024,INFORM Sub-national SADC 2024,baseline
TZ02,Arusha,TZ0204,Karatu,Vulnerability,Socio-economic,vulnerability:livelihoods,Livelihoods,4.2,MUCHALI / IPC (MoA),IPC acute food-insecurity rounds,food-insecurity phase
TZ02,Arusha,TZ0204,Karatu,Vulnerability,Vulnerable groups,vulnerability:displacedPeople,Displaced People,0,INFORM SADC 2024,INFORM Sub-national SADC 2024,baseline
TZ02,Arusha,TZ0204,Karatu,Vulnerability,Vulnerable groups,vulnerability:healthConditions,Health Conditions,0.8,INFORM SADC 2024,INFORM Sub-national SADC 2024,baseline
TZ02,Arusha,TZ0204,Karatu,Vulnerability,Vulnerable groups,vulnerability:childrenHealthNutrition,Children Health Nutrition,4.075,MoH,TDHS 2022,under-5 stunting
TZ02,Arusha,TZ0204,Karatu,Lack of Coping Capacity,Infrastructure,coping:accessHealth,Access Health,5.54,MoH,2022 PHC health facilities,resource availability
TZ02,Arusha,TZ0204,Karatu,Lack of Coping Capacity,Infrastructure,coping:economicCapacity,Economic Capacity,8.466666667,INFORM SADC 2024,INFORM Sub-national SADC 2024,baseline
TZ02,Arusha,TZ0204,Karatu,Lack of Coping Capacity,Infrastructure,coping:wash,Wash,6.2,MoW,2022 PHC water points & boreholes,"resource availability, rank 2-8"
TZ02,Arusha,TZ0204,Karatu,Lack of Coping Capacity,Infrastructure,coping:communication,Communication,6.55,INFORM SADC 2024,INFORM Sub-national SADC 2024,baseline
TZ02,Arusha,TZ0204,Karatu,Lack of Coping Capacity,Infrastructure,coping:education,Education,5.3,NBS / MoH,2022 PHC schools,resource availability
TZ02,Arusha,TZ0204,Karatu,Lack of Coping Capacity,Institutional,coping:drrImplementation,Drr Implementation,3,PMO-DMD / DRR Coordinator,EPRP / EOCC / Anticipatory-Action records,DRM investment overlay
TZ02,Arusha,TZ0204,Karatu,Lack of Coping Capacity,Institutional,coping:governance,Governance,3.5,PMO-DMD,INFORM SADC governance,baseline
TZ02,Arusha,TZ0205,Ngorongoro,Hazard & Exposure,Exposure,hazard:exposure,Population Exposure,1.86,NBS,2022 PHC population,"population density, log min-max"
TZ02,Arusha,TZ0205,Ngorongoro,Hazard & Exposure,Natural hazards,hazard:coastalHazards,Coastal Hazards,0,TMA / PMO-DMD,coastal strip,documented overlay
TZ02,Arusha,TZ0205,Ngorongoro,Hazard & Exposure,Natural hazards,hazard:drought,Drought,8.6,TMA / MoA,CHIRPS v3 1991-2024 + ERA5 t2m,"aridity+variability+SPEI+growing-season, min-max"
TZ02,Arusha,TZ0205,Ngorongoro,Hazard & Exposure,Natural hazards,hazard:earthquake,Earthquake,7.2,INFORM SADC,INFORM seismic,baseline
TZ02,Arusha,TZ0205,Ngorongoro,Hazard & Exposure,Natural hazards,hazard:environmentalDegradation,Environmental Degradation,4.3,INFORM SADC 2024,INFORM Sub-national SADC 2024,baseline
TZ02,Arusha,TZ0205,Ngorongoro,Hazard & Exposure,Natural hazards,hazard:flood,Flood,4.7,PMO-DMD / TMA / MoW,CHIRPS v3 daily + recorded floods,"max(hazard, sqrt(hazard×exposure))"
TZ02,Arusha,TZ0205,Ngorongoro,Hazard & Exposure,Natural hazards,hazard:landslide,Landslide,6.9,TMA / PMO-DMD,documented rainfall-triggered events,documented overlay
TZ02,Arusha,TZ0205,Ngorongoro,Hazard & Exposure,Natural hazards,hazard:stormsCyclone,Storms Cyclone,0,TMA / PMO-DMD,Cyclone Hidaya 2024 + Lindi 1952 + Zanzibar 1872,documented cyclone/storm exposure overlay
TZ02,Arusha,TZ0205,Ngorongoro,Hazard & Exposure,Natural hazards,hazard:volcano,Volcano,10,INFORM SADC 2024,INFORM Sub-national SADC 2024,baseline
TZ02,Arusha,TZ0205,Ngorongoro,Hazard & Exposure,Natural hazards,hazard:wildfire,Wildfire,4,INFORM SADC 2024,INFORM Sub-national SADC 2024,baseline
TZ02,Arusha,TZ0205,Ngorongoro,Hazard & Exposure,Human hazards,hazard:conflictIntensity,Conflict Intensity,0,INFORM SADC 2024,INFORM Sub-national SADC 2024,baseline
TZ02,Arusha,TZ0205,Ngorongoro,Hazard & Exposure,Human hazards,hazard:conflictRisk,Conflict Risk,0.7,INFORM SADC 2024,INFORM Sub-national SADC 2024,baseline
TZ02,Arusha,TZ0205,Ngorongoro,Hazard & Exposure,Human hazards,hazard:internalViolence,Internal Violence,6.85,INFORM SADC 2024,INFORM Sub-national SADC 2024,baseline
TZ02,Arusha,TZ0205,Ngorongoro,Vulnerability,Socio-economic,vulnerability:developmentPoverty,Development Poverty,4.675,NBS,Household Budget Survey 2017/18,poverty headcount
TZ02,Arusha,TZ0205,Ngorongoro,Vulnerability,Socio-economic,vulnerability:economicDependency,Economic Dependency,3.333333333,INFORM SADC 2024,INFORM Sub-national SADC 2024,baseline
TZ02,Arusha,TZ0205,Ngorongoro,Vulnerability,Socio-economic,vulnerability:habitat,Habitat,5.1,INFORM SADC 2024,INFORM Sub-national SADC 2024,baseline
TZ02,Arusha,TZ0205,Ngorongoro,Vulnerability,Socio-economic,vulnerability:livelihoods,Livelihoods,4.2,MUCHALI / IPC (MoA),IPC acute food-insecurity rounds,food-insecurity phase
TZ02,Arusha,TZ0205,Ngorongoro,Vulnerability,Vulnerable groups,vulnerability:displacedPeople,Displaced People,0,INFORM SADC 2024,INFORM Sub-national SADC 2024,baseline
TZ02,Arusha,TZ0205,Ngorongoro,Vulnerability,Vulnerable groups,vulnerability:healthConditions,Health Conditions,0.8,INFORM SADC 2024,INFORM Sub-national SADC 2024,baseline
TZ02,Arusha,TZ0205,Ngorongoro,Vulnerability,Vulnerable groups,vulnerability:childrenHealthNutrition,Children Health Nutrition,4.075,MoH,TDHS 2022,under-5 stunting
TZ02,Arusha,TZ0205,Ngorongoro,Lack of Coping Capacity,Infrastructure,coping:accessHealth,Access Health,5.54,MoH,2022 PHC health facilities,resource availability
TZ02,Arusha,TZ0205,Ngorongoro,Lack of Coping Capacity,Infrastructure,coping:economicCapacity,Economic Capacity,8.466666667,INFORM SADC 2024,INFORM Sub-national SADC 2024,baseline
TZ02,Arusha,TZ0205,Ngorongoro,Lack of Coping Capacity,Infrastructure,coping:wash,Wash,7.3,MoW,2022 PHC water points & boreholes,"resource availability, rank 2-8"
TZ02,Arusha,TZ0205,Ngorongoro,Lack of Coping Capacity,Infrastructure,coping:communication,Communication,6.55,INFORM SADC 2024,INFORM Sub-national SADC 2024,baseline
TZ02,Arusha,TZ0205,Ngorongoro,Lack of Coping Capacity,Infrastructure,coping:education,Education,5.3,NBS / MoH,2022 PHC schools,resource availability
TZ02,Arusha,TZ0205,Ngorongoro,Lack of Coping Capacity,Institutional,coping:drrImplementation,Drr Implementation,3,PMO-DMD / DRR Coordinator,EPRP / EOCC / Anticipatory-Action records,DRM investment overlay
TZ02,Arusha,TZ0205,Ngorongoro,Lack of Coping Capacity,Institutional,coping:governance,Governance,3.5,PMO-DMD,INFORM SADC governance,baseline
TZ02,Arusha,TZ0206,Arusha,Hazard & Exposure,Exposure,hazard:exposure,Population Exposure,8.42,NBS,2022 PHC population,"population density, log min-max"
TZ02,Arusha,TZ0206,Arusha,Hazard & Exposure,Natural hazards,hazard:coastalHazards,Coastal Hazards,0,TMA / PMO-DMD,coastal strip,documented overlay
TZ02,Arusha,TZ0206,Arusha,Hazard & Exposure,Natural hazards,hazard:drought,Drought,8.6,TMA / MoA,CHIRPS v3 1991-2024 + ERA5 t2m,"aridity+variability+SPEI+growing-season, min-max"
TZ02,Arusha,TZ0206,Arusha,Hazard & Exposure,Natural hazards,hazard:earthquake,Earthquake,10,INFORM SADC,INFORM seismic,baseline
TZ02,Arusha,TZ0206,Arusha,Hazard & Exposure,Natural hazards,hazard:environmentalDegradation,Environmental Degradation,6.15,INFORM SADC 2024,INFORM Sub-national SADC 2024,baseline
TZ02,Arusha,TZ0206,Arusha,Hazard & Exposure,Natural hazards,hazard:flood,Flood,4,PMO-DMD / TMA / MoW,CHIRPS v3 daily + recorded floods,"max(hazard, sqrt(hazard×exposure))"
TZ02,Arusha,TZ0206,Arusha,Hazard & Exposure,Natural hazards,hazard:landslide,Landslide,6.5,TMA / PMO-DMD,documented rainfall-triggered events,documented overlay
TZ02,Arusha,TZ0206,Arusha,Hazard & Exposure,Natural hazards,hazard:stormsCyclone,Storms Cyclone,0,TMA / PMO-DMD,Cyclone Hidaya 2024 + Lindi 1952 + Zanzibar 1872,documented cyclone/storm exposure overlay
TZ02,Arusha,TZ0206,Arusha,Hazard & Exposure,Natural hazards,hazard:volcano,Volcano,10,INFORM SADC 2024,INFORM Sub-national SADC 2024,baseline
TZ02,Arusha,TZ0206,Arusha,Hazard & Exposure,Natural hazards,hazard:wildfire,Wildfire,4,INFORM SADC 2024,INFORM Sub-national SADC 2024,baseline
TZ02,Arusha,TZ0206,Arusha,Hazard & Exposure,Human hazards,hazard:conflictIntensity,Conflict Intensity,0,INFORM SADC 2024,INFORM Sub-national SADC 2024,baseline
TZ02,Arusha,TZ0206,Arusha,Hazard & Exposure,Human hazards,hazard:conflictRisk,Conflict Risk,0.7,INFORM SADC 2024,INFORM Sub-national SADC 2024,baseline
TZ02,Arusha,TZ0206,Arusha,Hazard & Exposure,Human hazards,hazard:internalViolence,Internal Violence,6.85,INFORM SADC 2024,INFORM Sub-national SADC 2024,baseline
TZ02,Arusha,TZ0206,Arusha,Vulnerability,Socio-economic,vulnerability:developmentPoverty,Development Poverty,4.675,NBS,Household Budget Survey 2017/18,poverty headcount
TZ02,Arusha,TZ0206,Arusha,Vulnerability,Socio-economic,vulnerability:economicDependency,Economic Dependency,3.333333333,INFORM SADC 2024,INFORM Sub-national SADC 2024,baseline
TZ02,Arusha,TZ0206,Arusha,Vulnerability,Socio-economic,vulnerability:habitat,Habitat,5.1,INFORM SADC 2024,INFORM Sub-national SADC 2024,baseline
TZ02,Arusha,TZ0206,Arusha,Vulnerability,Socio-economic,vulnerability:livelihoods,Livelihoods,4.2,MUCHALI / IPC (MoA),IPC acute food-insecurity rounds,food-insecurity phase
TZ02,Arusha,TZ0206,Arusha,Vulnerability,Vulnerable groups,vulnerability:displacedPeople,Displaced People,0,INFORM SADC 2024,INFORM Sub-national SADC 2024,baseline
TZ02,Arusha,TZ0206,Arusha,Vulnerability,Vulnerable groups,vulnerability:healthConditions,Health Conditions,0.8,INFORM SADC 2024,INFORM Sub-national SADC 2024,baseline
TZ02,Arusha,TZ0206,Arusha,Vulnerability,Vulnerable groups,vulnerability:childrenHealthNutrition,Children Health Nutrition,4.075,MoH,TDHS 2022,under-5 stunting
TZ02,Arusha,TZ0206,Arusha,Lack of Coping Capacity,Infrastructure,coping:accessHealth,Access Health,5.54,MoH,2022 PHC health facilities,resource availability
TZ02,Arusha,TZ0206,Arusha,Lack of Coping Capacity,Infrastructure,coping:economicCapacity,Economic Capacity,8.466666667,INFORM SADC 2024,INFORM Sub-national SADC 2024,baseline
TZ02,Arusha,TZ0206,Arusha,Lack of Coping Capacity,Infrastructure,coping:wash,Wash,6.9,MoW,2022 PHC water points & boreholes,"resource availability, rank 2-8"
TZ02,Arusha,TZ0206,Arusha,Lack of Coping Capacity,Infrastructure,coping:communication,Communication,6.55,INFORM SADC 2024,INFORM Sub-national SADC 2024,baseline
TZ02,Arusha,TZ0206,Arusha,Lack of Coping Capacity,Infrastructure,coping:education,Education,5.3,NBS / MoH,2022 PHC schools,resource availability
TZ02,Arusha,TZ0206,Arusha,Lack of Coping Capacity,Institutional,coping:drrImplementation,Drr Implementation,3,PMO-DMD / DRR Coordinator,EPRP / EOCC / Anticipatory-Action records,DRM investment overlay
TZ02,Arusha,TZ0206,Arusha,Lack of Coping Capacity,Institutional,coping:governance,Governance,3.5,PMO-DMD,INFORM SADC governance,baseline
TZ02,Arusha,TZ0207,Longido,Hazard & Exposure,Exposure,hazard:exposure,Population Exposure,2.1,NBS,2022 PHC population,"population density, log min-max"
TZ02,Arusha,TZ0207,Longido,Hazard & Exposure,Natural hazards,hazard:coastalHazards,Coastal Hazards,0,TMA / PMO-DMD,coastal strip,documented overlay
TZ02,Arusha,TZ0207,Longido,Hazard & Exposure,Natural hazards,hazard:drought,Drought,9.7,TMA / MoA,CHIRPS v3 1991-2024 + ERA5 t2m,"aridity+variability+SPEI+growing-season, min-max"
TZ02,Arusha,TZ0207,Longido,Hazard & Exposure,Natural hazards,hazard:earthquake,Earthquake,10,INFORM SADC,INFORM seismic,baseline
TZ02,Arusha,TZ0207,Longido,Hazard & Exposure,Natural hazards,hazard:environmentalDegradation,Environmental Degradation,3.1,INFORM SADC 2024,INFORM Sub-national SADC 2024,baseline
TZ02,Arusha,TZ0207,Longido,Hazard & Exposure,Natural hazards,hazard:flood,Flood,4.7,PMO-DMD / TMA / MoW,CHIRPS v3 daily + recorded floods,"max(hazard, sqrt(hazard×exposure))"
TZ02,Arusha,TZ0207,Longido,Hazard & Exposure,Natural hazards,hazard:landslide,Landslide,4.8,TMA / PMO-DMD,documented rainfall-triggered events,documented overlay
TZ02,Arusha,TZ0207,Longido,Hazard & Exposure,Natural hazards,hazard:stormsCyclone,Storms Cyclone,0,TMA / PMO-DMD,Cyclone Hidaya 2024 + Lindi 1952 + Zanzibar 1872,documented cyclone/storm exposure overlay
TZ02,Arusha,TZ0207,Longido,Hazard & Exposure,Natural hazards,hazard:volcano,Volcano,10,INFORM SADC 2024,INFORM Sub-national SADC 2024,baseline
TZ02,Arusha,TZ0207,Longido,Hazard & Exposure,Natural hazards,hazard:wildfire,Wildfire,4,INFORM SADC 2024,INFORM Sub-national SADC 2024,baseline
TZ02,Arusha,TZ0207,Longido,Hazard & Exposure,Human hazards,hazard:conflictIntensity,Conflict Intensity,0,INFORM SADC 2024,INFORM Sub-national SADC 2024,baseline
TZ02,Arusha,TZ0207,Longido,Hazard & Exposure,Human hazards,hazard:conflictRisk,Conflict Risk,0.7,INFORM SADC 2024,INFORM Sub-national SADC 2024,baseline
TZ02,Arusha,TZ0207,Longido,Hazard & Exposure,Human hazards,hazard:internalViolence,Internal Violence,6.85,INFORM SADC 2024,INFORM Sub-national SADC 2024,baseline
TZ02,Arusha,TZ0207,Longido,Vulnerability,Socio-economic,vulnerability:developmentPoverty,Development Poverty,4.675,NBS,Household Budget Survey 2017/18,poverty headcount
TZ02,Arusha,TZ0207,Longido,Vulnerability,Socio-economic,vulnerability:economicDependency,Economic Dependency,3.333333333,INFORM SADC 2024,INFORM Sub-national SADC 2024,baseline
TZ02,Arusha,TZ0207,Longido,Vulnerability,Socio-economic,vulnerability:habitat,Habitat,5.1,INFORM SADC 2024,INFORM Sub-national SADC 2024,baseline
TZ02,Arusha,TZ0207,Longido,Vulnerability,Socio-economic,vulnerability:livelihoods,Livelihoods,4.2,MUCHALI / IPC (MoA),IPC acute food-insecurity rounds,food-insecurity phase
TZ02,Arusha,TZ0207,Longido,Vulnerability,Vulnerable groups,vulnerability:displacedPeople,Displaced People,0,INFORM SADC 2024,INFORM Sub-national SADC 2024,baseline
TZ02,Arusha,TZ0207,Longido,Vulnerability,Vulnerable groups,vulnerability:healthConditions,Health Conditions,0.8,INFORM SADC 2024,INFORM Sub-national SADC 2024,baseline
TZ02,Arusha,TZ0207,Longido,Vulnerability,Vulnerable groups,vulnerability:childrenHealthNutrition,Children Health Nutrition,4.075,MoH,TDHS 2022,under-5 stunting
TZ02,Arusha,TZ0207,Longido,Lack of Coping Capacity,Infrastructure,coping:accessHealth,Access Health,5.54,MoH,2022 PHC health facilities,resource availability
TZ02,Arusha,TZ0207,Longido,Lack of Coping Capacity,Infrastructure,coping:economicCapacity,Economic Capacity,8.466666667,INFORM SADC 2024,INFORM Sub-national SADC 2024,baseline
TZ02,Arusha,TZ0207,Longido,Lack of Coping Capacity,Infrastructure,coping:wash,Wash,7.5,MoW,2022 PHC water points & boreholes,"resource availability, rank 2-8"
TZ02,Arusha,TZ0207,Longido,Lack of Coping Capacity,Infrastructure,coping:communication,Communication,6.55,INFORM SADC 2024,INFORM Sub-national SADC 2024,baseline
TZ02,Arusha,TZ0207,Longido,Lack of Coping Capacity,Infrastructure,coping:education,Education,5.3,NBS / MoH,2022 PHC schools,resource availability
TZ02,Arusha,TZ0207,Longido,Lack of Coping Capacity,Institutional,coping:drrImplementation,Drr Implementation,3,PMO-DMD / DRR Coordinator,EPRP / EOCC / Anticipatory-Action records,DRM investment overlay
TZ02,Arusha,TZ0207,Longido,Lack of Coping Capacity,Institutional,coping:governance,Governance,3.5,PMO-DMD,INFORM SADC governance,baseline
TZ03,Kilimanjaro,TZ0301,Rombo,Hazard & Exposure,Exposure,hazard:exposure,Population Exposure,4.72,NBS,2022 PHC population,"population density, log min-max"
TZ03,Kilimanjaro,TZ0301,Rombo,Hazard & Exposure,Natural hazards,hazard:coastalHazards,Coastal Hazards,0,TMA / PMO-DMD,coastal strip,documented overlay
TZ03,Kilimanjaro,TZ0301,Rombo,Hazard & Exposure,Natural hazards,hazard:drought,Drought,4.4,TMA / MoA,CHIRPS v3 1991-2024 + ERA5 t2m,"aridity+variability+SPEI+growing-season, min-max"
TZ03,Kilimanjaro,TZ0301,Rombo,Hazard & Exposure,Natural hazards,hazard:earthquake,Earthquake,10,INFORM SADC,INFORM seismic,baseline
TZ03,Kilimanjaro,TZ0301,Rombo,Hazard & Exposure,Natural hazards,hazard:environmentalDegradation,Environmental Degradation,5.2,INFORM SADC 2024,INFORM Sub-national SADC 2024,baseline
TZ03,Kilimanjaro,TZ0301,Rombo,Hazard & Exposure,Natural hazards,hazard:flood,Flood,3.5,PMO-DMD / TMA / MoW,CHIRPS v3 daily + recorded floods,"max(hazard, sqrt(hazard×exposure))"
TZ03,Kilimanjaro,TZ0301,Rombo,Hazard & Exposure,Natural hazards,hazard:landslide,Landslide,7,TMA / PMO-DMD,documented rainfall-triggered events,documented overlay
TZ03,Kilimanjaro,TZ0301,Rombo,Hazard & Exposure,Natural hazards,hazard:stormsCyclone,Storms Cyclone,0,TMA / PMO-DMD,Cyclone Hidaya 2024 + Lindi 1952 + Zanzibar 1872,documented cyclone/storm exposure overlay
TZ03,Kilimanjaro,TZ0301,Rombo,Hazard & Exposure,Natural hazards,hazard:volcano,Volcano,0,INFORM SADC 2024,INFORM Sub-national SADC 2024,baseline
TZ03,Kilimanjaro,TZ0301,Rombo,Hazard & Exposure,Natural hazards,hazard:wildfire,Wildfire,3.9,INFORM SADC 2024,INFORM Sub-national SADC 2024,baseline
TZ03,Kilimanjaro,TZ0301,Rombo,Hazard & Exposure,Human hazards,hazard:conflictIntensity,Conflict Intensity,0,INFORM SADC 2024,INFORM Sub-national SADC 2024,baseline
TZ03,Kilimanjaro,TZ0301,Rombo,Hazard & Exposure,Human hazards,hazard:conflictRisk,Conflict Risk,0.7,INFORM SADC 2024,INFORM Sub-national SADC 2024,baseline
TZ03,Kilimanjaro,TZ0301,Rombo,Hazard & Exposure,Human hazards,hazard:internalViolence,Internal Violence,6.4,INFORM SADC 2024,INFORM Sub-national SADC 2024,baseline
TZ03,Kilimanjaro,TZ0301,Rombo,Vulnerability,Socio-economic,vulnerability:developmentPoverty,Development Poverty,2.7,NBS,Household Budget Survey 2017/18,poverty headcount
TZ03,Kilimanjaro,TZ0301,Rombo,Vulnerability,Socio-economic,vulnerability:economicDependency,Economic Dependency,2.333333333,INFORM SADC 2024,INFORM Sub-national SADC 2024,baseline
TZ03,Kilimanjaro,TZ0301,Rombo,Vulnerability,Socio-economic,vulnerability:habitat,Habitat,5.5,INFORM SADC 2024,INFORM Sub-national SADC 2024,baseline
TZ03,Kilimanjaro,TZ0301,Rombo,Vulnerability,Socio-economic,vulnerability:livelihoods,Livelihoods,0,MUCHALI / IPC (MoA),IPC acute food-insecurity rounds,food-insecurity phase
TZ03,Kilimanjaro,TZ0301,Rombo,Vulnerability,Vulnerable groups,vulnerability:displacedPeople,Displaced People,0,INFORM SADC 2024,INFORM Sub-national SADC 2024,baseline
TZ03,Kilimanjaro,TZ0301,Rombo,Vulnerability,Vulnerable groups,vulnerability:healthConditions,Health Conditions,1.4,INFORM SADC 2024,INFORM Sub-national SADC 2024,baseline
TZ03,Kilimanjaro,TZ0301,Rombo,Vulnerability,Vulnerable groups,vulnerability:childrenHealthNutrition,Children Health Nutrition,2.75,MoH,TDHS 2022,under-5 stunting
TZ03,Kilimanjaro,TZ0301,Rombo,Lack of Coping Capacity,Infrastructure,coping:accessHealth,Access Health,4.02,MoH,2022 PHC health facilities,resource availability
TZ03,Kilimanjaro,TZ0301,Rombo,Lack of Coping Capacity,Infrastructure,coping:economicCapacity,Economic Capacity,6.666666667,INFORM SADC 2024,INFORM Sub-national SADC 2024,baseline
TZ03,Kilimanjaro,TZ0301,Rombo,Lack of Coping Capacity,Infrastructure,coping:wash,Wash,6.2,MoW,2022 PHC water points & boreholes,"resource availability, rank 2-8"
TZ03,Kilimanjaro,TZ0301,Rombo,Lack of Coping Capacity,Infrastructure,coping:communication,Communication,4.45,INFORM SADC 2024,INFORM Sub-national SADC 2024,baseline
TZ03,Kilimanjaro,TZ0301,Rombo,Lack of Coping Capacity,Infrastructure,coping:education,Education,4.2,NBS / MoH,2022 PHC schools,resource availability
TZ03,Kilimanjaro,TZ0301,Rombo,Lack of Coping Capacity,Institutional,coping:drrImplementation,Drr Implementation,6.5,PMO-DMD / DRR Coordinator,EPRP / EOCC / Anticipatory-Action records,DRM investment overlay
TZ03,Kilimanjaro,TZ0301,Rombo,Lack of Coping Capacity,Institutional,coping:governance,Governance,4.6,PMO-DMD,INFORM SADC governance,baseline
TZ03,Kilimanjaro,TZ0302,Mwanga,Hazard & Exposure,Exposure,hazard:exposure,Population Exposure,3.61,NBS,2022 PHC population,"population density, log min-max"
TZ03,Kilimanjaro,TZ0302,Mwanga,Hazard & Exposure,Natural hazards,hazard:coastalHazards,Coastal Hazards,0,TMA / PMO-DMD,coastal strip,documented overlay
TZ03,Kilimanjaro,TZ0302,Mwanga,Hazard & Exposure,Natural hazards,hazard:drought,Drought,8,TMA / MoA,CHIRPS v3 1991-2024 + ERA5 t2m,"aridity+variability+SPEI+growing-season, min-max"
TZ03,Kilimanjaro,TZ0302,Mwanga,Hazard & Exposure,Natural hazards,hazard:earthquake,Earthquake,10,INFORM SADC,INFORM seismic,baseline
TZ03,Kilimanjaro,TZ0302,Mwanga,Hazard & Exposure,Natural hazards,hazard:environmentalDegradation,Environmental Degradation,4.6,INFORM SADC 2024,INFORM Sub-national SADC 2024,baseline
TZ03,Kilimanjaro,TZ0302,Mwanga,Hazard & Exposure,Natural hazards,hazard:flood,Flood,7,PMO-DMD / TMA / MoW,CHIRPS v3 daily + recorded floods,"max(hazard, sqrt(hazard×exposure))"
TZ03,Kilimanjaro,TZ0302,Mwanga,Hazard & Exposure,Natural hazards,hazard:landslide,Landslide,7,TMA / PMO-DMD,documented rainfall-triggered events,documented overlay
TZ03,Kilimanjaro,TZ0302,Mwanga,Hazard & Exposure,Natural hazards,hazard:stormsCyclone,Storms Cyclone,0,TMA / PMO-DMD,Cyclone Hidaya 2024 + Lindi 1952 + Zanzibar 1872,documented cyclone/storm exposure overlay
TZ03,Kilimanjaro,TZ0302,Mwanga,Hazard & Exposure,Natural hazards,hazard:volcano,Volcano,0,INFORM SADC 2024,INFORM Sub-national SADC 2024,baseline
TZ03,Kilimanjaro,TZ0302,Mwanga,Hazard & Exposure,Natural hazards,hazard:wildfire,Wildfire,3.9,INFORM SADC 2024,INFORM Sub-national SADC 2024,baseline
TZ03,Kilimanjaro,TZ0302,Mwanga,Hazard & Exposure,Human hazards,hazard:conflictIntensity,Conflict Intensity,0,INFORM SADC 2024,INFORM Sub-national SADC 2024,baseline
TZ03,Kilimanjaro,TZ0302,Mwanga,Hazard & Exposure,Human hazards,hazard:conflictRisk,Conflict Risk,0.7,INFORM SADC 2024,INFORM Sub-national SADC 2024,baseline
TZ03,Kilimanjaro,TZ0302,Mwanga,Hazard & Exposure,Human hazards,hazard:internalViolence,Internal Violence,6.4,INFORM SADC 2024,INFORM Sub-national SADC 2024,baseline
TZ03,Kilimanjaro,TZ0302,Mwanga,Vulnerability,Socio-economic,vulnerability:developmentPoverty,Development Poverty,2.7,NBS,Household Budget Survey 2017/18,poverty headcount
TZ03,Kilimanjaro,TZ0302,Mwanga,Vulnerability,Socio-economic,vulnerability:economicDependency,Economic Dependency,2.333333333,INFORM SADC 2024,INFORM Sub-national SADC 2024,baseline
TZ03,Kilimanjaro,TZ0302,Mwanga,Vulnerability,Socio-economic,vulnerability:habitat,Habitat,5.5,INFORM SADC 2024,INFORM Sub-national SADC 2024,baseline
TZ03,Kilimanjaro,TZ0302,Mwanga,Vulnerability,Socio-economic,vulnerability:livelihoods,Livelihoods,0,MUCHALI / IPC (MoA),IPC acute food-insecurity rounds,food-insecurity phase
TZ03,Kilimanjaro,TZ0302,Mwanga,Vulnerability,Vulnerable groups,vulnerability:displacedPeople,Displaced People,0,INFORM SADC 2024,INFORM Sub-national SADC 2024,baseline
TZ03,Kilimanjaro,TZ0302,Mwanga,Vulnerability,Vulnerable groups,vulnerability:healthConditions,Health Conditions,1.4,INFORM SADC 2024,INFORM Sub-national SADC 2024,baseline
TZ03,Kilimanjaro,TZ0302,Mwanga,Vulnerability,Vulnerable groups,vulnerability:childrenHealthNutrition,Children Health Nutrition,2.75,MoH,TDHS 2022,under-5 stunting
TZ03,Kilimanjaro,TZ0302,Mwanga,Lack of Coping Capacity,Infrastructure,coping:accessHealth,Access Health,4.02,MoH,2022 PHC health facilities,resource availability
TZ03,Kilimanjaro,TZ0302,Mwanga,Lack of Coping Capacity,Infrastructure,coping:economicCapacity,Economic Capacity,6.666666667,INFORM SADC 2024,INFORM Sub-national SADC 2024,baseline
TZ03,Kilimanjaro,TZ0302,Mwanga,Lack of Coping Capacity,Infrastructure,coping:wash,Wash,6.5,MoW,2022 PHC water points & boreholes,"resource availability, rank 2-8"
TZ03,Kilimanjaro,TZ0302,Mwanga,Lack of Coping Capacity,Infrastructure,coping:communication,Communication,4.45,INFORM SADC 2024,INFORM Sub-national SADC 2024,baseline
TZ03,Kilimanjaro,TZ0302,Mwanga,Lack of Coping Capacity,Infrastructure,coping:education,Education,4.2,NBS / MoH,2022 PHC schools,resource availability
TZ03,Kilimanjaro,TZ0302,Mwanga,Lack of Coping Capacity,Institutional,coping:drrImplementation,Drr Implementation,4.5,PMO-DMD / DRR Coordinator,EPRP / EOCC / Anticipatory-Action records,DRM investment overlay
TZ03,Kilimanjaro,TZ0302,Mwanga,Lack of Coping Capacity,Institutional,coping:governance,Governance,4.6,PMO-DMD,INFORM SADC governance,baseline
TZ03,Kilimanjaro,TZ0303,Same,Hazard & Exposure,Exposure,hazard:exposure,Population Exposure,3.08,NBS,2022 PHC population,"population density, log min-max"
TZ03,Kilimanjaro,TZ0303,Same,Hazard & Exposure,Natural hazards,hazard:coastalHazards,Coastal Hazards,0,TMA / PMO-DMD,coastal strip,documented overlay
TZ03,Kilimanjaro,TZ0303,Same,Hazard & Exposure,Natural hazards,hazard:drought,Drought,8.4,TMA / MoA,CHIRPS v3 1991-2024 + ERA5 t2m,"aridity+variability+SPEI+growing-season, min-max"
TZ03,Kilimanjaro,TZ0303,Same,Hazard & Exposure,Natural hazards,hazard:earthquake,Earthquake,10,INFORM SADC,INFORM seismic,baseline
TZ03,Kilimanjaro,TZ0303,Same,Hazard & Exposure,Natural hazards,hazard:environmentalDegradation,Environmental Degradation,4.4,INFORM SADC 2024,INFORM Sub-national SADC 2024,baseline
TZ03,Kilimanjaro,TZ0303,Same,Hazard & Exposure,Natural hazards,hazard:flood,Flood,7.1,PMO-DMD / TMA / MoW,CHIRPS v3 daily + recorded floods,"max(hazard, sqrt(hazard×exposure))"
TZ03,Kilimanjaro,TZ0303,Same,Hazard & Exposure,Natural hazards,hazard:landslide,Landslide,8.2,TMA / PMO-DMD,documented rainfall-triggered events,documented overlay
TZ03,Kilimanjaro,TZ0303,Same,Hazard & Exposure,Natural hazards,hazard:stormsCyclone,Storms Cyclone,0,TMA / PMO-DMD,Cyclone Hidaya 2024 + Lindi 1952 + Zanzibar 1872,documented cyclone/storm exposure overlay
TZ03,Kilimanjaro,TZ0303,Same,Hazard & Exposure,Natural hazards,hazard:volcano,Volcano,0,INFORM SADC 2024,INFORM Sub-national SADC 2024,baseline
TZ03,Kilimanjaro,TZ0303,Same,Hazard & Exposure,Natural hazards,hazard:wildfire,Wildfire,3.9,INFORM SADC 2024,INFORM Sub-national SADC 2024,baseline
TZ03,Kilimanjaro,TZ0303,Same,Hazard & Exposure,Human hazards,hazard:conflictIntensity,Conflict Intensity,0,INFORM SADC 2024,INFORM Sub-national SADC 2024,baseline
TZ03,Kilimanjaro,TZ0303,Same,Hazard & Exposure,Human hazards,hazard:conflictRisk,Conflict Risk,0.7,INFORM SADC 2024,INFORM Sub-national SADC 2024,baseline
TZ03,Kilimanjaro,TZ0303,Same,Hazard & Exposure,Human hazards,hazard:internalViolence,Internal Violence,6.4,INFORM SADC 2024,INFORM Sub-national SADC 2024,baseline
TZ03,Kilimanjaro,TZ0303,Same,Vulnerability,Socio-economic,vulnerability:developmentPoverty,Development Poverty,2.7,NBS,Household Budget Survey 2017/18,poverty headcount
TZ03,Kilimanjaro,TZ0303,Same,Vulnerability,Socio-economic,vulnerability:economicDependency,Economic Dependency,2.333333333,INFORM SADC 2024,INFORM Sub-national SADC 2024,baseline
TZ03,Kilimanjaro,TZ0303,Same,Vulnerability,Socio-economic,vulnerability:habitat,Habitat,5.5,INFORM SADC 2024,INFORM Sub-national SADC 2024,baseline
TZ03,Kilimanjaro,TZ0303,Same,Vulnerability,Socio-economic,vulnerability:livelihoods,Livelihoods,0,MUCHALI / IPC (MoA),IPC acute food-insecurity rounds,food-insecurity phase
TZ03,Kilimanjaro,TZ0303,Same,Vulnerability,Vulnerable groups,vulnerability:displacedPeople,Displaced People,0,INFORM SADC 2024,INFORM Sub-national SADC 2024,baseline
TZ03,Kilimanjaro,TZ0303,Same,Vulnerability,Vulnerable groups,vulnerability:healthConditions,Health Conditions,1.4,INFORM SADC 2024,INFORM Sub-national SADC 2024,baseline
TZ03,Kilimanjaro,TZ0303,Same,Vulnerability,Vulnerable groups,vulnerability:childrenHealthNutrition,Children Health Nutrition,2.75,MoH,TDHS 2022,under-5 stunting
TZ03,Kilimanjaro,TZ0303,Same,Lack of Coping Capacity,Infrastructure,coping:accessHealth,Access Health,4.02,MoH,2022 PHC health facilities,resource availability
TZ03,Kilimanjaro,TZ0303,Same,Lack of Coping Capacity,Infrastructure,coping:economicCapacity,Economic Capacity,6.666666667,INFORM SADC 2024,INFORM Sub-national SADC 2024,baseline
TZ03,Kilimanjaro,TZ0303,Same,Lack of Coping Capacity,Infrastructure,coping:wash,Wash,4.1,MoW,2022 PHC water points & boreholes,"resource availability, rank 2-8"
TZ03,Kilimanjaro,TZ0303,Same,Lack of Coping Capacity,Infrastructure,coping:communication,Communication,4.45,INFORM SADC 2024,INFORM Sub-national SADC 2024,baseline
TZ03,Kilimanjaro,TZ0303,Same,Lack of Coping Capacity,Infrastructure,coping:education,Education,4.2,NBS / MoH,2022 PHC schools,resource availability
TZ03,Kilimanjaro,TZ0303,Same,Lack of Coping Capacity,Institutional,coping:drrImplementation,Drr Implementation,3.8,PMO-DMD / DRR Coordinator,EPRP / EOCC / Anticipatory-Action records,DRM investment overlay
TZ03,Kilimanjaro,TZ0303,Same,Lack of Coping Capacity,Institutional,coping:governance,Governance,4.5,PMO-DMD,INFORM SADC governance,baseline
TZ03,Kilimanjaro,TZ0304,Moshi,Hazard & Exposure,Exposure,hazard:exposure,Population Exposure,5.99,NBS,2022 PHC population,"population density, log min-max"
TZ03,Kilimanjaro,TZ0304,Moshi,Hazard & Exposure,Natural hazards,hazard:coastalHazards,Coastal Hazards,0,TMA / PMO-DMD,coastal strip,documented overlay
TZ03,Kilimanjaro,TZ0304,Moshi,Hazard & Exposure,Natural hazards,hazard:drought,Drought,5.1,TMA / MoA,CHIRPS v3 1991-2024 + ERA5 t2m,"aridity+variability+SPEI+growing-season, min-max"
TZ03,Kilimanjaro,TZ0304,Moshi,Hazard & Exposure,Natural hazards,hazard:earthquake,Earthquake,10,INFORM SADC,INFORM seismic,baseline
TZ03,Kilimanjaro,TZ0304,Moshi,Hazard & Exposure,Natural hazards,hazard:environmentalDegradation,Environmental Degradation,3.65,INFORM SADC 2024,INFORM Sub-national SADC 2024,baseline
TZ03,Kilimanjaro,TZ0304,Moshi,Hazard & Exposure,Natural hazards,hazard:flood,Flood,6,PMO-DMD / TMA / MoW,CHIRPS v3 daily + recorded floods,"max(hazard, sqrt(hazard×exposure))"
TZ03,Kilimanjaro,TZ0304,Moshi,Hazard & Exposure,Natural hazards,hazard:landslide,Landslide,7,TMA / PMO-DMD,documented rainfall-triggered events,documented overlay
TZ03,Kilimanjaro,TZ0304,Moshi,Hazard & Exposure,Natural hazards,hazard:stormsCyclone,Storms Cyclone,0,TMA / PMO-DMD,Cyclone Hidaya 2024 + Lindi 1952 + Zanzibar 1872,documented cyclone/storm exposure overlay
TZ03,Kilimanjaro,TZ0304,Moshi,Hazard & Exposure,Natural hazards,hazard:volcano,Volcano,0,INFORM SADC 2024,INFORM Sub-national SADC 2024,baseline
TZ03,Kilimanjaro,TZ0304,Moshi,Hazard & Exposure,Natural hazards,hazard:wildfire,Wildfire,3.9,INFORM SADC 2024,INFORM Sub-national SADC 2024,baseline
TZ03,Kilimanjaro,TZ0304,Moshi,Hazard & Exposure,Human hazards,hazard:conflictIntensity,Conflict Intensity,0,INFORM SADC 2024,INFORM Sub-national SADC 2024,baseline
TZ03,Kilimanjaro,TZ0304,Moshi,Hazard & Exposure,Human hazards,hazard:conflictRisk,Conflict Risk,0.7,INFORM SADC 2024,INFORM Sub-national SADC 2024,baseline
TZ03,Kilimanjaro,TZ0304,Moshi,Hazard & Exposure,Human hazards,hazard:internalViolence,Internal Violence,6.4,INFORM SADC 2024,INFORM Sub-national SADC 2024,baseline
TZ03,Kilimanjaro,TZ0304,Moshi,Vulnerability,Socio-economic,vulnerability:developmentPoverty,Development Poverty,2.7,NBS,Household Budget Survey 2017/18,poverty headcount
TZ03,Kilimanjaro,TZ0304,Moshi,Vulnerability,Socio-economic,vulnerability:economicDependency,Economic Dependency,2.333333333,INFORM SADC 2024,INFORM Sub-national SADC 2024,baseline
TZ03,Kilimanjaro,TZ0304,Moshi,Vulnerability,Socio-economic,vulnerability:habitat,Habitat,5.5,INFORM SADC 2024,INFORM Sub-national SADC 2024,baseline
TZ03,Kilimanjaro,TZ0304,Moshi,Vulnerability,Socio-economic,vulnerability:livelihoods,Livelihoods,0,MUCHALI / IPC (MoA),IPC acute food-insecurity rounds,food-insecurity phase
TZ03,Kilimanjaro,TZ0304,Moshi,Vulnerability,Vulnerable groups,vulnerability:displacedPeople,Displaced People,0,INFORM SADC 2024,INFORM Sub-national SADC 2024,baseline
TZ03,Kilimanjaro,TZ0304,Moshi,Vulnerability,Vulnerable groups,vulnerability:healthConditions,Health Conditions,1.4,INFORM SADC 2024,INFORM Sub-national SADC 2024,baseline
TZ03,Kilimanjaro,TZ0304,Moshi,Vulnerability,Vulnerable groups,vulnerability:childrenHealthNutrition,Children Health Nutrition,2.75,MoH,TDHS 2022,under-5 stunting
TZ03,Kilimanjaro,TZ0304,Moshi,Lack of Coping Capacity,Infrastructure,coping:accessHealth,Access Health,4.02,MoH,2022 PHC health facilities,resource availability
TZ03,Kilimanjaro,TZ0304,Moshi,Lack of Coping Capacity,Infrastructure,coping:economicCapacity,Economic Capacity,6.666666667,INFORM SADC 2024,INFORM Sub-national SADC 2024,baseline
TZ03,Kilimanjaro,TZ0304,Moshi,Lack of Coping Capacity,Infrastructure,coping:wash,Wash,2.7,MoW,2022 PHC water points & boreholes,"resource availability, rank 2-8"
TZ03,Kilimanjaro,TZ0304,Moshi,Lack of Coping Capacity,Infrastructure,coping:communication,Communication,4.45,INFORM SADC 2024,INFORM Sub-national SADC 2024,baseline
TZ03,Kilimanjaro,TZ0304,Moshi,Lack of Coping Capacity,Infrastructure,coping:education,Education,4.2,NBS / MoH,2022 PHC schools,resource availability
TZ03,Kilimanjaro,TZ0304,Moshi,Lack of Coping Capacity,Institutional,coping:drrImplementation,Drr Implementation,6.5,PMO-DMD / DRR Coordinator,EPRP / EOCC / Anticipatory-Action records,DRM investment overlay
TZ03,Kilimanjaro,TZ0304,Moshi,Lack of Coping Capacity,Institutional,coping:governance,Governance,4.6,PMO-DMD,INFORM SADC governance,baseline
TZ03,Kilimanjaro,TZ0305,Hai,Hazard & Exposure,Exposure,hazard:exposure,Population Exposure,5.16,NBS,2022 PHC population,"population density, log min-max"
TZ03,Kilimanjaro,TZ0305,Hai,Hazard & Exposure,Natural hazards,hazard:coastalHazards,Coastal Hazards,0,TMA / PMO-DMD,coastal strip,documented overlay
TZ03,Kilimanjaro,TZ0305,Hai,Hazard & Exposure,Natural hazards,hazard:drought,Drought,4.9,TMA / MoA,CHIRPS v3 1991-2024 + ERA5 t2m,"aridity+variability+SPEI+growing-season, min-max"
TZ03,Kilimanjaro,TZ0305,Hai,Hazard & Exposure,Natural hazards,hazard:earthquake,Earthquake,10,INFORM SADC,INFORM seismic,baseline
TZ03,Kilimanjaro,TZ0305,Hai,Hazard & Exposure,Natural hazards,hazard:environmentalDegradation,Environmental Degradation,3.85,INFORM SADC 2024,INFORM Sub-national SADC 2024,baseline
TZ03,Kilimanjaro,TZ0305,Hai,Hazard & Exposure,Natural hazards,hazard:flood,Flood,5,PMO-DMD / TMA / MoW,CHIRPS v3 daily + recorded floods,"max(hazard, sqrt(hazard×exposure))"
TZ03,Kilimanjaro,TZ0305,Hai,Hazard & Exposure,Natural hazards,hazard:landslide,Landslide,7,TMA / PMO-DMD,documented rainfall-triggered events,documented overlay
TZ03,Kilimanjaro,TZ0305,Hai,Hazard & Exposure,Natural hazards,hazard:stormsCyclone,Storms Cyclone,0,TMA / PMO-DMD,Cyclone Hidaya 2024 + Lindi 1952 + Zanzibar 1872,documented cyclone/storm exposure overlay
TZ03,Kilimanjaro,TZ0305,Hai,Hazard & Exposure,Natural hazards,hazard:volcano,Volcano,0,INFORM SADC 2024,INFORM Sub-national SADC 2024,baseline
TZ03,Kilimanjaro,TZ0305,Hai,Hazard & Exposure,Natural hazards,hazard:wildfire,Wildfire,3.9,INFORM SADC 2024,INFORM Sub-national SADC 2024,baseline
TZ03,Kilimanjaro,TZ0305,Hai,Hazard & Exposure,Human hazards,hazard:conflictIntensity,Conflict Intensity,0,INFORM SADC 2024,INFORM Sub-national SADC 2024,baseline
TZ03,Kilimanjaro,TZ0305,Hai,Hazard & Exposure,Human hazards,hazard:conflictRisk,Conflict Risk,0.7,INFORM SADC 2024,INFORM Sub-national SADC 2024,baseline
TZ03,Kilimanjaro,TZ0305,Hai,Hazard & Exposure,Human hazards,hazard:internalViolence,Internal Violence,6.4,INFORM SADC 2024,INFORM Sub-national SADC 2024,baseline
TZ03,Kilimanjaro,TZ0305,Hai,Vulnerability,Socio-economic,vulnerability:developmentPoverty,Development Poverty,2.7,NBS,Household Budget Survey 2017/18,poverty headcount
TZ03,Kilimanjaro,TZ0305,Hai,Vulnerability,Socio-economic,vulnerability:economicDependency,Economic Dependency,2.333333333,INFORM SADC 2024,INFORM Sub-national SADC 2024,baseline
TZ03,Kilimanjaro,TZ0305,Hai,Vulnerability,Socio-economic,vulnerability:habitat,Habitat,5.5,INFORM SADC 2024,INFORM Sub-national SADC 2024,baseline
TZ03,Kilimanjaro,TZ0305,Hai,Vulnerability,Socio-economic,vulnerability:livelihoods,Livelihoods,0,MUCHALI / IPC (MoA),IPC acute food-insecurity rounds,food-insecurity phase
TZ03,Kilimanjaro,TZ0305,Hai,Vulnerability,Vulnerable groups,vulnerability:displacedPeople,Displaced People,0,INFORM SADC 2024,INFORM Sub-national SADC 2024,baseline
TZ03,Kilimanjaro,TZ0305,Hai,Vulnerability,Vulnerable groups,vulnerability:healthConditions,Health Conditions,1.4,INFORM SADC 2024,INFORM Sub-national SADC 2024,baseline
TZ03,Kilimanjaro,TZ0305,Hai,Vulnerability,Vulnerable groups,vulnerability:childrenHealthNutrition,Children Health Nutrition,2.75,MoH,TDHS 2022,under-5 stunting
TZ03,Kilimanjaro,TZ0305,Hai,Lack of Coping Capacity,Infrastructure,coping:accessHealth,Access Health,4.02,MoH,2022 PHC health facilities,resource availability
TZ03,Kilimanjaro,TZ0305,Hai,Lack of Coping Capacity,Infrastructure,coping:economicCapacity,Economic Capacity,6.666666667,INFORM SADC 2024,INFORM Sub-national SADC 2024,baseline
TZ03,Kilimanjaro,TZ0305,Hai,Lack of Coping Capacity,Infrastructure,coping:wash,Wash,6.2,MoW,2022 PHC water points & boreholes,"resource availability, rank 2-8"
TZ03,Kilimanjaro,TZ0305,Hai,Lack of Coping Capacity,Infrastructure,coping:communication,Communication,4.45,INFORM SADC 2024,INFORM Sub-national SADC 2024,baseline
TZ03,Kilimanjaro,TZ0305,Hai,Lack of Coping Capacity,Infrastructure,coping:education,Education,4.2,NBS / MoH,2022 PHC schools,resource availability
TZ03,Kilimanjaro,TZ0305,Hai,Lack of Coping Capacity,Institutional,coping:drrImplementation,Drr Implementation,4.5,PMO-DMD / DRR Coordinator,EPRP / EOCC / Anticipatory-Action records,DRM investment overlay
TZ03,Kilimanjaro,TZ0305,Hai,Lack of Coping Capacity,Institutional,coping:governance,Governance,4.6,PMO-DMD,INFORM SADC governance,baseline
TZ03,Kilimanjaro,TZ0306,Moshi Urban,Hazard & Exposure,Natural hazards,hazard:coastalHazards,Coastal Hazards,0,TMA / PMO-DMD,coastal strip,documented overlay
TZ03,Kilimanjaro,TZ0306,Moshi Urban,Hazard & Exposure,Natural hazards,hazard:drought,Drought,0.7,TMA / MoA,CHIRPS v3 1991-2024 + ERA5 t2m,"aridity+variability+SPEI+growing-season, min-max"
TZ03,Kilimanjaro,TZ0306,Moshi Urban,Hazard & Exposure,Natural hazards,hazard:earthquake,Earthquake,10,INFORM SADC,INFORM seismic,baseline
TZ03,Kilimanjaro,TZ0306,Moshi Urban,Hazard & Exposure,Natural hazards,hazard:environmentalDegradation,Environmental Degradation,2.35,INFORM SADC 2024,INFORM Sub-national SADC 2024,baseline
TZ03,Kilimanjaro,TZ0306,Moshi Urban,Hazard & Exposure,Natural hazards,hazard:flood,Flood,0,PMO-DMD / TMA / MoW,CHIRPS v3 daily + recorded floods,"max(hazard, sqrt(hazard×exposure))"
TZ03,Kilimanjaro,TZ0306,Moshi Urban,Hazard & Exposure,Natural hazards,hazard:landslide,Landslide,0,TMA / PMO-DMD,documented rainfall-triggered events,documented overlay
TZ03,Kilimanjaro,TZ0306,Moshi Urban,Hazard & Exposure,Natural hazards,hazard:stormsCyclone,Storms Cyclone,0,TMA / PMO-DMD,Cyclone Hidaya 2024 + Lindi 1952 + Zanzibar 1872,documented cyclone/storm exposure overlay
TZ03,Kilimanjaro,TZ0306,Moshi Urban,Hazard & Exposure,Natural hazards,hazard:volcano,Volcano,0,INFORM SADC 2024,INFORM Sub-national SADC 2024,baseline
TZ03,Kilimanjaro,TZ0306,Moshi Urban,Hazard & Exposure,Natural hazards,hazard:wildfire,Wildfire,3.9,INFORM SADC 2024,INFORM Sub-national SADC 2024,baseline
TZ03,Kilimanjaro,TZ0306,Moshi Urban,Hazard & Exposure,Human hazards,hazard:conflictIntensity,Conflict Intensity,0,INFORM SADC 2024,INFORM Sub-national SADC 2024,baseline
TZ03,Kilimanjaro,TZ0306,Moshi Urban,Hazard & Exposure,Human hazards,hazard:conflictRisk,Conflict Risk,0.7,INFORM SADC 2024,INFORM Sub-national SADC 2024,baseline
TZ03,Kilimanjaro,TZ0306,Moshi Urban,Hazard & Exposure,Human hazards,hazard:internalViolence,Internal Violence,6.4,INFORM SADC 2024,INFORM Sub-national SADC 2024,baseline
TZ03,Kilimanjaro,TZ0306,Moshi Urban,Vulnerability,Socio-economic,vulnerability:developmentPoverty,Development Poverty,2.7,NBS,Household Budget Survey 2017/18,poverty headcount
TZ03,Kilimanjaro,TZ0306,Moshi Urban,Vulnerability,Socio-economic,vulnerability:economicDependency,Economic Dependency,2.333333333,INFORM SADC 2024,INFORM Sub-national SADC 2024,baseline
TZ03,Kilimanjaro,TZ0306,Moshi Urban,Vulnerability,Socio-economic,vulnerability:habitat,Habitat,5.5,INFORM SADC 2024,INFORM Sub-national SADC 2024,baseline
TZ03,Kilimanjaro,TZ0306,Moshi Urban,Vulnerability,Socio-economic,vulnerability:livelihoods,Livelihoods,0,MUCHALI / IPC (MoA),IPC acute food-insecurity rounds,food-insecurity phase
TZ03,Kilimanjaro,TZ0306,Moshi Urban,Vulnerability,Vulnerable groups,vulnerability:displacedPeople,Displaced People,0,INFORM SADC 2024,INFORM Sub-national SADC 2024,baseline
TZ03,Kilimanjaro,TZ0306,Moshi Urban,Vulnerability,Vulnerable groups,vulnerability:healthConditions,Health Conditions,1.4,INFORM SADC 2024,INFORM Sub-national SADC 2024,baseline
TZ03,Kilimanjaro,TZ0306,Moshi Urban,Vulnerability,Vulnerable groups,vulnerability:childrenHealthNutrition,Children Health Nutrition,2.75,MoH,TDHS 2022,under-5 stunting
TZ03,Kilimanjaro,TZ0306,Moshi Urban,Lack of Coping Capacity,Infrastructure,coping:accessHealth,Access Health,4.02,MoH,2022 PHC health facilities,resource availability
TZ03,Kilimanjaro,TZ0306,Moshi Urban,Lack of Coping Capacity,Infrastructure,coping:economicCapacity,Economic Capacity,6.666666667,INFORM SADC 2024,INFORM Sub-national SADC 2024,baseline
TZ03,Kilimanjaro,TZ0306,Moshi Urban,Lack of Coping Capacity,Infrastructure,coping:wash,Wash,7,MoW,2022 PHC water points & boreholes,"resource availability, rank 2-8"
TZ03,Kilimanjaro,TZ0306,Moshi Urban,Lack of Coping Capacity,Infrastructure,coping:communication,Communication,4.45,INFORM SADC 2024,INFORM Sub-national SADC 2024,baseline
TZ03,Kilimanjaro,TZ0306,Moshi Urban,Lack of Coping Capacity,Infrastructure,coping:education,Education,4.2,NBS / MoH,2022 PHC schools,resource availability
TZ03,Kilimanjaro,TZ0306,Moshi Urban,Lack of Coping Capacity,Institutional,coping:drrImplementation,Drr Implementation,6.5,PMO-DMD / DRR Coordinator,EPRP / EOCC / Anticipatory-Action records,DRM investment overlay
TZ03,Kilimanjaro,TZ0306,Moshi Urban,Lack of Coping Capacity,Institutional,coping:governance,Governance,4.6,PMO-DMD,INFORM SADC governance,baseline
TZ03,Kilimanjaro,TZ0307,Siha,Hazard & Exposure,Exposure,hazard:exposure,Population Exposure,4.14,NBS,2022 PHC population,"population density, log min-max"
TZ03,Kilimanjaro,TZ0307,Siha,Hazard & Exposure,Natural hazards,hazard:coastalHazards,Coastal Hazards,0,TMA / PMO-DMD,coastal strip,documented overlay
TZ03,Kilimanjaro,TZ0307,Siha,Hazard & Exposure,Natural hazards,hazard:drought,Drought,5.7,TMA / MoA,CHIRPS v3 1991-2024 + ERA5 t2m,"aridity+variability+SPEI+growing-season, min-max"
TZ03,Kilimanjaro,TZ0307,Siha,Hazard & Exposure,Natural hazards,hazard:earthquake,Earthquake,10,INFORM SADC,INFORM seismic,baseline
TZ03,Kilimanjaro,TZ0307,Siha,Hazard & Exposure,Natural hazards,hazard:environmentalDegradation,Environmental Degradation,5,INFORM SADC 2024,INFORM Sub-national SADC 2024,baseline
TZ03,Kilimanjaro,TZ0307,Siha,Hazard & Exposure,Natural hazards,hazard:flood,Flood,3.1,PMO-DMD / TMA / MoW,CHIRPS v3 daily + recorded floods,"max(hazard, sqrt(hazard×exposure))"
TZ03,Kilimanjaro,TZ0307,Siha,Hazard & Exposure,Natural hazards,hazard:landslide,Landslide,5,TMA / PMO-DMD,documented rainfall-triggered events,documented overlay
TZ03,Kilimanjaro,TZ0307,Siha,Hazard & Exposure,Natural hazards,hazard:stormsCyclone,Storms Cyclone,0,TMA / PMO-DMD,Cyclone Hidaya 2024 + Lindi 1952 + Zanzibar 1872,documented cyclone/storm exposure overlay
TZ03,Kilimanjaro,TZ0307,Siha,Hazard & Exposure,Natural hazards,hazard:volcano,Volcano,0,INFORM SADC 2024,INFORM Sub-national SADC 2024,baseline
TZ03,Kilimanjaro,TZ0307,Siha,Hazard & Exposure,Natural hazards,hazard:wildfire,Wildfire,3.9,INFORM SADC 2024,INFORM Sub-national SADC 2024,baseline
TZ03,Kilimanjaro,TZ0307,Siha,Hazard & Exposure,Human hazards,hazard:conflictIntensity,Conflict Intensity,0,INFORM SADC 2024,INFORM Sub-national SADC 2024,baseline
TZ03,Kilimanjaro,TZ0307,Siha,Hazard & Exposure,Human hazards,hazard:conflictRisk,Conflict Risk,0.7,INFORM SADC 2024,INFORM Sub-national SADC 2024,baseline
TZ03,Kilimanjaro,TZ0307,Siha,Hazard & Exposure,Human hazards,hazard:internalViolence,Internal Violence,6.4,INFORM SADC 2024,INFORM Sub-national SADC 2024,baseline
TZ03,Kilimanjaro,TZ0307,Siha,Vulnerability,Socio-economic,vulnerability:developmentPoverty,Development Poverty,2.7,NBS,Household Budget Survey 2017/18,poverty headcount
TZ03,Kilimanjaro,TZ0307,Siha,Vulnerability,Socio-economic,vulnerability:economicDependency,Economic Dependency,2.333333333,INFORM SADC 2024,INFORM Sub-national SADC 2024,baseline
TZ03,Kilimanjaro,TZ0307,Siha,Vulnerability,Socio-economic,vulnerability:habitat,Habitat,5.5,INFORM SADC 2024,INFORM Sub-national SADC 2024,baseline
TZ03,Kilimanjaro,TZ0307,Siha,Vulnerability,Socio-economic,vulnerability:livelihoods,Livelihoods,0,MUCHALI / IPC (MoA),IPC acute food-insecurity rounds,food-insecurity phase
TZ03,Kilimanjaro,TZ0307,Siha,Vulnerability,Vulnerable groups,vulnerability:displacedPeople,Displaced People,0,INFORM SADC 2024,INFORM Sub-national SADC 2024,baseline
TZ03,Kilimanjaro,TZ0307,Siha,Vulnerability,Vulnerable groups,vulnerability:healthConditions,Health Conditions,1.4,INFORM SADC 2024,INFORM Sub-national SADC 2024,baseline
TZ03,Kilimanjaro,TZ0307,Siha,Vulnerability,Vulnerable groups,vulnerability:childrenHealthNutrition,Children Health Nutrition,2.75,MoH,TDHS 2022,under-5 stunting
TZ03,Kilimanjaro,TZ0307,Siha,Lack of Coping Capacity,Infrastructure,coping:accessHealth,Access Health,4.02,MoH,2022 PHC health facilities,resource availability
TZ03,Kilimanjaro,TZ0307,Siha,Lack of Coping Capacity,Infrastructure,coping:economicCapacity,Economic Capacity,6.666666667,INFORM SADC 2024,INFORM Sub-national SADC 2024,baseline
TZ03,Kilimanjaro,TZ0307,Siha,Lack of Coping Capacity,Infrastructure,coping:wash,Wash,7.4,MoW,2022 PHC water points & boreholes,"resource availability, rank 2-8"
TZ03,Kilimanjaro,TZ0307,Siha,Lack of Coping Capacity,Infrastructure,coping:communication,Communication,4.45,INFORM SADC 2024,INFORM Sub-national SADC 2024,baseline
TZ03,Kilimanjaro,TZ0307,Siha,Lack of Coping Capacity,Infrastructure,coping:education,Education,4.2,NBS / MoH,2022 PHC schools,resource availability
TZ03,Kilimanjaro,TZ0307,Siha,Lack of Coping Capacity,Institutional,coping:drrImplementation,Drr Implementation,6.5,PMO-DMD / DRR Coordinator,EPRP / EOCC / Anticipatory-Action records,DRM investment overlay
TZ03,Kilimanjaro,TZ0307,Siha,Lack of Coping Capacity,Institutional,coping:governance,Governance,4.6,PMO-DMD,INFORM SADC governance,baseline
TZ04,Tanga,TZ0401,Lushoto,Hazard & Exposure,Exposure,hazard:exposure,Population Exposure,3.7,NBS,2022 PHC population,"population density, log min-max"
TZ04,Tanga,TZ0401,Lushoto,Hazard & Exposure,Natural hazards,hazard:coastalHazards,Coastal Hazards,0,TMA / PMO-DMD,coastal strip,documented overlay
TZ04,Tanga,TZ0401,Lushoto,Hazard & Exposure,Natural hazards,hazard:drought,Drought,10,TMA / MoA,CHIRPS v3 1991-2024 + ERA5 t2m,"aridity+variability+SPEI+growing-season, min-max"
TZ04,Tanga,TZ0401,Lushoto,Hazard & Exposure,Natural hazards,hazard:earthquake,Earthquake,10,INFORM SADC,INFORM seismic,baseline
TZ04,Tanga,TZ0401,Lushoto,Hazard & Exposure,Natural hazards,hazard:environmentalDegradation,Environmental Degradation,5.25,INFORM SADC 2024,INFORM Sub-national SADC 2024,baseline
TZ04,Tanga,TZ0401,Lushoto,Hazard & Exposure,Natural hazards,hazard:flood,Flood,2.7,PMO-DMD / TMA / MoW,CHIRPS v3 daily + recorded floods,"max(hazard, sqrt(hazard×exposure))"
TZ04,Tanga,TZ0401,Lushoto,Hazard & Exposure,Natural hazards,hazard:landslide,Landslide,8,TMA / PMO-DMD,documented rainfall-triggered events,documented overlay
TZ04,Tanga,TZ0401,Lushoto,Hazard & Exposure,Natural hazards,hazard:stormsCyclone,Storms Cyclone,0,TMA / PMO-DMD,Cyclone Hidaya 2024 + Lindi 1952 + Zanzibar 1872,documented cyclone/storm exposure overlay
TZ04,Tanga,TZ0401,Lushoto,Hazard & Exposure,Natural hazards,hazard:volcano,Volcano,0,INFORM SADC 2024,INFORM Sub-national SADC 2024,baseline
TZ04,Tanga,TZ0401,Lushoto,Hazard & Exposure,Natural hazards,hazard:wildfire,Wildfire,3.4,INFORM SADC 2024,INFORM Sub-national SADC 2024,baseline
TZ04,Tanga,TZ0401,Lushoto,Hazard & Exposure,Human hazards,hazard:conflictIntensity,Conflict Intensity,0,INFORM SADC 2024,INFORM Sub-national SADC 2024,baseline
TZ04,Tanga,TZ0401,Lushoto,Hazard & Exposure,Human hazards,hazard:conflictRisk,Conflict Risk,0.7,INFORM SADC 2024,INFORM Sub-national SADC 2024,baseline
TZ04,Tanga,TZ0401,Lushoto,Hazard & Exposure,Human hazards,hazard:internalViolence,Internal Violence,7,INFORM SADC 2024,INFORM Sub-national SADC 2024,baseline
TZ04,Tanga,TZ0401,Lushoto,Vulnerability,Socio-economic,vulnerability:developmentPoverty,Development Poverty,4.9,NBS,Household Budget Survey 2017/18,poverty headcount
TZ04,Tanga,TZ0401,Lushoto,Vulnerability,Socio-economic,vulnerability:economicDependency,Economic Dependency,2.566666667,INFORM SADC 2024,INFORM Sub-national SADC 2024,baseline
TZ04,Tanga,TZ0401,Lushoto,Vulnerability,Socio-economic,vulnerability:habitat,Habitat,5.9,INFORM SADC 2024,INFORM Sub-national SADC 2024,baseline
TZ04,Tanga,TZ0401,Lushoto,Vulnerability,Socio-economic,vulnerability:livelihoods,Livelihoods,5.7,MUCHALI / IPC (MoA),IPC acute food-insecurity rounds,food-insecurity phase
TZ04,Tanga,TZ0401,Lushoto,Vulnerability,Vulnerable groups,vulnerability:displacedPeople,Displaced People,0,INFORM SADC 2024,INFORM Sub-national SADC 2024,baseline
TZ04,Tanga,TZ0401,Lushoto,Vulnerability,Vulnerable groups,vulnerability:healthConditions,Health Conditions,3.133333333,INFORM SADC 2024,INFORM Sub-national SADC 2024,baseline
TZ04,Tanga,TZ0401,Lushoto,Vulnerability,Vulnerable groups,vulnerability:childrenHealthNutrition,Children Health Nutrition,3.975,MoH,TDHS 2022,under-5 stunting
TZ04,Tanga,TZ0401,Lushoto,Lack of Coping Capacity,Infrastructure,coping:accessHealth,Access Health,5.36,MoH,2022 PHC health facilities,resource availability
TZ04,Tanga,TZ0401,Lushoto,Lack of Coping Capacity,Infrastructure,coping:economicCapacity,Economic Capacity,7.7,INFORM SADC 2024,INFORM Sub-national SADC 2024,baseline
TZ04,Tanga,TZ0401,Lushoto,Lack of Coping Capacity,Infrastructure,coping:wash,Wash,2.1,MoW,2022 PHC water points & boreholes,"resource availability, rank 2-8"
TZ04,Tanga,TZ0401,Lushoto,Lack of Coping Capacity,Infrastructure,coping:communication,Communication,5.35,INFORM SADC 2024,INFORM Sub-national SADC 2024,baseline
TZ04,Tanga,TZ0401,Lushoto,Lack of Coping Capacity,Infrastructure,coping:education,Education,5.5,NBS / MoH,2022 PHC schools,resource availability
TZ04,Tanga,TZ0401,Lushoto,Lack of Coping Capacity,Institutional,coping:drrImplementation,Drr Implementation,6.5,PMO-DMD / DRR Coordinator,EPRP / EOCC / Anticipatory-Action records,DRM investment overlay
TZ04,Tanga,TZ0401,Lushoto,Lack of Coping Capacity,Institutional,coping:governance,Governance,4.5,PMO-DMD,INFORM SADC governance,baseline
TZ04,Tanga,TZ0402,Korogwe,Hazard & Exposure,Exposure,hazard:exposure,Population Exposure,4.01,NBS,2022 PHC population,"population density, log min-max"
TZ04,Tanga,TZ0402,Korogwe,Hazard & Exposure,Natural hazards,hazard:coastalHazards,Coastal Hazards,0,TMA / PMO-DMD,coastal strip,documented overlay
TZ04,Tanga,TZ0402,Korogwe,Hazard & Exposure,Natural hazards,hazard:drought,Drought,7.3,TMA / MoA,CHIRPS v3 1991-2024 + ERA5 t2m,"aridity+variability+SPEI+growing-season, min-max"
TZ04,Tanga,TZ0402,Korogwe,Hazard & Exposure,Natural hazards,hazard:earthquake,Earthquake,7.9,INFORM SADC,INFORM seismic,baseline
TZ04,Tanga,TZ0402,Korogwe,Hazard & Exposure,Natural hazards,hazard:environmentalDegradation,Environmental Degradation,5,INFORM SADC 2024,INFORM Sub-national SADC 2024,baseline
TZ04,Tanga,TZ0402,Korogwe,Hazard & Exposure,Natural hazards,hazard:flood,Flood,8,PMO-DMD / TMA / MoW,CHIRPS v3 daily + recorded floods,"max(hazard, sqrt(hazard×exposure))"
TZ04,Tanga,TZ0402,Korogwe,Hazard & Exposure,Natural hazards,hazard:landslide,Landslide,8,TMA / PMO-DMD,documented rainfall-triggered events,documented overlay
TZ04,Tanga,TZ0402,Korogwe,Hazard & Exposure,Natural hazards,hazard:stormsCyclone,Storms Cyclone,0,TMA / PMO-DMD,Cyclone Hidaya 2024 + Lindi 1952 + Zanzibar 1872,documented cyclone/storm exposure overlay
TZ04,Tanga,TZ0402,Korogwe,Hazard & Exposure,Natural hazards,hazard:volcano,Volcano,0,INFORM SADC 2024,INFORM Sub-national SADC 2024,baseline
TZ04,Tanga,TZ0402,Korogwe,Hazard & Exposure,Natural hazards,hazard:wildfire,Wildfire,3.4,INFORM SADC 2024,INFORM Sub-national SADC 2024,baseline
TZ04,Tanga,TZ0402,Korogwe,Hazard & Exposure,Human hazards,hazard:conflictIntensity,Conflict Intensity,0,INFORM SADC 2024,INFORM Sub-national SADC 2024,baseline
TZ04,Tanga,TZ0402,Korogwe,Hazard & Exposure,Human hazards,hazard:conflictRisk,Conflict Risk,0.7,INFORM SADC 2024,INFORM Sub-national SADC 2024,baseline
TZ04,Tanga,TZ0402,Korogwe,Hazard & Exposure,Human hazards,hazard:internalViolence,Internal Violence,7,INFORM SADC 2024,INFORM Sub-national SADC 2024,baseline
TZ04,Tanga,TZ0402,Korogwe,Vulnerability,Socio-economic,vulnerability:developmentPoverty,Development Poverty,4.9,NBS,Household Budget Survey 2017/18,poverty headcount
TZ04,Tanga,TZ0402,Korogwe,Vulnerability,Socio-economic,vulnerability:economicDependency,Economic Dependency,2.566666667,INFORM SADC 2024,INFORM Sub-national SADC 2024,baseline
TZ04,Tanga,TZ0402,Korogwe,Vulnerability,Socio-economic,vulnerability:habitat,Habitat,5.9,INFORM SADC 2024,INFORM Sub-national SADC 2024,baseline
TZ04,Tanga,TZ0402,Korogwe,Vulnerability,Socio-economic,vulnerability:livelihoods,Livelihoods,5.7,MUCHALI / IPC (MoA),IPC acute food-insecurity rounds,food-insecurity phase
TZ04,Tanga,TZ0402,Korogwe,Vulnerability,Vulnerable groups,vulnerability:displacedPeople,Displaced People,0,INFORM SADC 2024,INFORM Sub-national SADC 2024,baseline
TZ04,Tanga,TZ0402,Korogwe,Vulnerability,Vulnerable groups,vulnerability:healthConditions,Health Conditions,3.133333333,INFORM SADC 2024,INFORM Sub-national SADC 2024,baseline
TZ04,Tanga,TZ0402,Korogwe,Vulnerability,Vulnerable groups,vulnerability:childrenHealthNutrition,Children Health Nutrition,3.975,MoH,TDHS 2022,under-5 stunting
TZ04,Tanga,TZ0402,Korogwe,Lack of Coping Capacity,Infrastructure,coping:accessHealth,Access Health,5.36,MoH,2022 PHC health facilities,resource availability
TZ04,Tanga,TZ0402,Korogwe,Lack of Coping Capacity,Infrastructure,coping:economicCapacity,Economic Capacity,7.7,INFORM SADC 2024,INFORM Sub-national SADC 2024,baseline
TZ04,Tanga,TZ0402,Korogwe,Lack of Coping Capacity,Infrastructure,coping:wash,Wash,4.1,MoW,2022 PHC water points & boreholes,"resource availability, rank 2-8"
TZ04,Tanga,TZ0402,Korogwe,Lack of Coping Capacity,Infrastructure,coping:communication,Communication,5.35,INFORM SADC 2024,INFORM Sub-national SADC 2024,baseline
TZ04,Tanga,TZ0402,Korogwe,Lack of Coping Capacity,Infrastructure,coping:education,Education,5.5,NBS / MoH,2022 PHC schools,resource availability
TZ04,Tanga,TZ0402,Korogwe,Lack of Coping Capacity,Institutional,coping:drrImplementation,Drr Implementation,6.5,PMO-DMD / DRR Coordinator,EPRP / EOCC / Anticipatory-Action records,DRM investment overlay
TZ04,Tanga,TZ0402,Korogwe,Lack of Coping Capacity,Institutional,coping:governance,Governance,4.5,PMO-DMD,INFORM SADC governance,baseline
TZ04,Tanga,TZ0403,Muheza,Hazard & Exposure,Exposure,hazard:exposure,Population Exposure,4.49,NBS,2022 PHC population,"population density, log min-max"
TZ04,Tanga,TZ0403,Muheza,Hazard & Exposure,Natural hazards,hazard:coastalHazards,Coastal Hazards,7,TMA / PMO-DMD,coastal strip,documented overlay
TZ04,Tanga,TZ0403,Muheza,Hazard & Exposure,Natural hazards,hazard:drought,Drought,7,TMA / MoA,CHIRPS v3 1991-2024 + ERA5 t2m,"aridity+variability+SPEI+growing-season, min-max"
TZ04,Tanga,TZ0403,Muheza,Hazard & Exposure,Natural hazards,hazard:earthquake,Earthquake,0.6,INFORM SADC,INFORM seismic,baseline
TZ04,Tanga,TZ0403,Muheza,Hazard & Exposure,Natural hazards,hazard:environmentalDegradation,Environmental Degradation,6.65,INFORM SADC 2024,INFORM Sub-national SADC 2024,baseline
TZ04,Tanga,TZ0403,Muheza,Hazard & Exposure,Natural hazards,hazard:flood,Flood,5.2,PMO-DMD / TMA / MoW,CHIRPS v3 daily + recorded floods,"max(hazard, sqrt(hazard×exposure))"
TZ04,Tanga,TZ0403,Muheza,Hazard & Exposure,Natural hazards,hazard:landslide,Landslide,8,TMA / PMO-DMD,documented rainfall-triggered events,documented overlay
TZ04,Tanga,TZ0403,Muheza,Hazard & Exposure,Natural hazards,hazard:stormsCyclone,Storms Cyclone,3,TMA / PMO-DMD,Cyclone Hidaya 2024 + Lindi 1952 + Zanzibar 1872,documented cyclone/storm exposure overlay
TZ04,Tanga,TZ0403,Muheza,Hazard & Exposure,Natural hazards,hazard:volcano,Volcano,0,INFORM SADC 2024,INFORM Sub-national SADC 2024,baseline
TZ04,Tanga,TZ0403,Muheza,Hazard & Exposure,Natural hazards,hazard:wildfire,Wildfire,3.4,INFORM SADC 2024,INFORM Sub-national SADC 2024,baseline
TZ04,Tanga,TZ0403,Muheza,Hazard & Exposure,Human hazards,hazard:conflictIntensity,Conflict Intensity,0,INFORM SADC 2024,INFORM Sub-national SADC 2024,baseline
TZ04,Tanga,TZ0403,Muheza,Hazard & Exposure,Human hazards,hazard:conflictRisk,Conflict Risk,0.7,INFORM SADC 2024,INFORM Sub-national SADC 2024,baseline
TZ04,Tanga,TZ0403,Muheza,Hazard & Exposure,Human hazards,hazard:internalViolence,Internal Violence,7,INFORM SADC 2024,INFORM Sub-national SADC 2024,baseline
TZ04,Tanga,TZ0403,Muheza,Vulnerability,Socio-economic,vulnerability:developmentPoverty,Development Poverty,4.9,NBS,Household Budget Survey 2017/18,poverty headcount
TZ04,Tanga,TZ0403,Muheza,Vulnerability,Socio-economic,vulnerability:economicDependency,Economic Dependency,2.566666667,INFORM SADC 2024,INFORM Sub-national SADC 2024,baseline
TZ04,Tanga,TZ0403,Muheza,Vulnerability,Socio-economic,vulnerability:habitat,Habitat,5.9,INFORM SADC 2024,INFORM Sub-national SADC 2024,baseline
TZ04,Tanga,TZ0403,Muheza,Vulnerability,Socio-economic,vulnerability:livelihoods,Livelihoods,5.7,MUCHALI / IPC (MoA),IPC acute food-insecurity rounds,food-insecurity phase
TZ04,Tanga,TZ0403,Muheza,Vulnerability,Vulnerable groups,vulnerability:displacedPeople,Displaced People,0,INFORM SADC 2024,INFORM Sub-national SADC 2024,baseline
TZ04,Tanga,TZ0403,Muheza,Vulnerability,Vulnerable groups,vulnerability:healthConditions,Health Conditions,3.133333333,INFORM SADC 2024,INFORM Sub-national SADC 2024,baseline
TZ04,Tanga,TZ0403,Muheza,Vulnerability,Vulnerable groups,vulnerability:childrenHealthNutrition,Children Health Nutrition,3.975,MoH,TDHS 2022,under-5 stunting
TZ04,Tanga,TZ0403,Muheza,Lack of Coping Capacity,Infrastructure,coping:accessHealth,Access Health,5.36,MoH,2022 PHC health facilities,resource availability
TZ04,Tanga,TZ0403,Muheza,Lack of Coping Capacity,Infrastructure,coping:economicCapacity,Economic Capacity,7.7,INFORM SADC 2024,INFORM Sub-national SADC 2024,baseline
TZ04,Tanga,TZ0403,Muheza,Lack of Coping Capacity,Infrastructure,coping:wash,Wash,4.4,MoW,2022 PHC water points & boreholes,"resource availability, rank 2-8"
TZ04,Tanga,TZ0403,Muheza,Lack of Coping Capacity,Infrastructure,coping:communication,Communication,5.35,INFORM SADC 2024,INFORM Sub-national SADC 2024,baseline
TZ04,Tanga,TZ0403,Muheza,Lack of Coping Capacity,Infrastructure,coping:education,Education,5.5,NBS / MoH,2022 PHC schools,resource availability
TZ04,Tanga,TZ0403,Muheza,Lack of Coping Capacity,Institutional,coping:drrImplementation,Drr Implementation,6.5,PMO-DMD / DRR Coordinator,EPRP / EOCC / Anticipatory-Action records,DRM investment overlay
TZ04,Tanga,TZ0403,Muheza,Lack of Coping Capacity,Institutional,coping:governance,Governance,4.5,PMO-DMD,INFORM SADC governance,baseline
TZ04,Tanga,TZ0404,Tanga Urban,Hazard & Exposure,Natural hazards,hazard:coastalHazards,Coastal Hazards,7,TMA / PMO-DMD,coastal strip,documented overlay
TZ04,Tanga,TZ0404,Tanga Urban,Hazard & Exposure,Natural hazards,hazard:drought,Drought,4.3,TMA / MoA,CHIRPS v3 1991-2024 + ERA5 t2m,"aridity+variability+SPEI+growing-season, min-max"
TZ04,Tanga,TZ0404,Tanga Urban,Hazard & Exposure,Natural hazards,hazard:earthquake,Earthquake,0,INFORM SADC,INFORM seismic,baseline
TZ04,Tanga,TZ0404,Tanga Urban,Hazard & Exposure,Natural hazards,hazard:environmentalDegradation,Environmental Degradation,6.4,INFORM SADC 2024,INFORM Sub-national SADC 2024,baseline
TZ04,Tanga,TZ0404,Tanga Urban,Hazard & Exposure,Natural hazards,hazard:flood,Flood,6.3,PMO-DMD / TMA / MoW,CHIRPS v3 daily + recorded floods,"max(hazard, sqrt(hazard×exposure))"
TZ04,Tanga,TZ0404,Tanga Urban,Hazard & Exposure,Natural hazards,hazard:landslide,Landslide,2.6,TMA / PMO-DMD,documented rainfall-triggered events,documented overlay
TZ04,Tanga,TZ0404,Tanga Urban,Hazard & Exposure,Natural hazards,hazard:stormsCyclone,Storms Cyclone,0,TMA / PMO-DMD,Cyclone Hidaya 2024 + Lindi 1952 + Zanzibar 1872,documented cyclone/storm exposure overlay
TZ04,Tanga,TZ0404,Tanga Urban,Hazard & Exposure,Natural hazards,hazard:volcano,Volcano,0,INFORM SADC 2024,INFORM Sub-national SADC 2024,baseline
TZ04,Tanga,TZ0404,Tanga Urban,Hazard & Exposure,Natural hazards,hazard:wildfire,Wildfire,3.4,INFORM SADC 2024,INFORM Sub-national SADC 2024,baseline
TZ04,Tanga,TZ0404,Tanga Urban,Hazard & Exposure,Human hazards,hazard:conflictIntensity,Conflict Intensity,0,INFORM SADC 2024,INFORM Sub-national SADC 2024,baseline
TZ04,Tanga,TZ0404,Tanga Urban,Hazard & Exposure,Human hazards,hazard:conflictRisk,Conflict Risk,0.7,INFORM SADC 2024,INFORM Sub-national SADC 2024,baseline
TZ04,Tanga,TZ0404,Tanga Urban,Hazard & Exposure,Human hazards,hazard:internalViolence,Internal Violence,7,INFORM SADC 2024,INFORM Sub-national SADC 2024,baseline
TZ04,Tanga,TZ0404,Tanga Urban,Vulnerability,Socio-economic,vulnerability:developmentPoverty,Development Poverty,4.9,NBS,Household Budget Survey 2017/18,poverty headcount
TZ04,Tanga,TZ0404,Tanga Urban,Vulnerability,Socio-economic,vulnerability:economicDependency,Economic Dependency,2.566666667,INFORM SADC 2024,INFORM Sub-national SADC 2024,baseline
TZ04,Tanga,TZ0404,Tanga Urban,Vulnerability,Socio-economic,vulnerability:habitat,Habitat,5.9,INFORM SADC 2024,INFORM Sub-national SADC 2024,baseline
TZ04,Tanga,TZ0404,Tanga Urban,Vulnerability,Socio-economic,vulnerability:livelihoods,Livelihoods,5.7,MUCHALI / IPC (MoA),IPC acute food-insecurity rounds,food-insecurity phase
TZ04,Tanga,TZ0404,Tanga Urban,Vulnerability,Vulnerable groups,vulnerability:displacedPeople,Displaced People,0,INFORM SADC 2024,INFORM Sub-national SADC 2024,baseline
TZ04,Tanga,TZ0404,Tanga Urban,Vulnerability,Vulnerable groups,vulnerability:healthConditions,Health Conditions,3.133333333,INFORM SADC 2024,INFORM Sub-national SADC 2024,baseline
TZ04,Tanga,TZ0404,Tanga Urban,Vulnerability,Vulnerable groups,vulnerability:childrenHealthNutrition,Children Health Nutrition,3.975,MoH,TDHS 2022,under-5 stunting
TZ04,Tanga,TZ0404,Tanga Urban,Lack of Coping Capacity,Infrastructure,coping:accessHealth,Access Health,5.36,MoH,2022 PHC health facilities,resource availability
TZ04,Tanga,TZ0404,Tanga Urban,Lack of Coping Capacity,Infrastructure,coping:economicCapacity,Economic Capacity,7.7,INFORM SADC 2024,INFORM Sub-national SADC 2024,baseline
TZ04,Tanga,TZ0404,Tanga Urban,Lack of Coping Capacity,Infrastructure,coping:wash,Wash,7,MoW,2022 PHC water points & boreholes,"resource availability, rank 2-8"
TZ04,Tanga,TZ0404,Tanga Urban,Lack of Coping Capacity,Infrastructure,coping:communication,Communication,5.35,INFORM SADC 2024,INFORM Sub-national SADC 2024,baseline
TZ04,Tanga,TZ0404,Tanga Urban,Lack of Coping Capacity,Infrastructure,coping:education,Education,5.5,NBS / MoH,2022 PHC schools,resource availability
TZ04,Tanga,TZ0404,Tanga Urban,Lack of Coping Capacity,Institutional,coping:drrImplementation,Drr Implementation,6.5,PMO-DMD / DRR Coordinator,EPRP / EOCC / Anticipatory-Action records,DRM investment overlay
TZ04,Tanga,TZ0404,Tanga Urban,Lack of Coping Capacity,Institutional,coping:governance,Governance,4.5,PMO-DMD,INFORM SADC governance,baseline
TZ04,Tanga,TZ0405,Pangani,Hazard & Exposure,Exposure,hazard:exposure,Population Exposure,2.89,NBS,2022 PHC population,"population density, log min-max"
TZ04,Tanga,TZ0405,Pangani,Hazard & Exposure,Natural hazards,hazard:coastalHazards,Coastal Hazards,7,TMA / PMO-DMD,coastal strip,documented overlay
TZ04,Tanga,TZ0405,Pangani,Hazard & Exposure,Natural hazards,hazard:drought,Drought,7,TMA / MoA,CHIRPS v3 1991-2024 + ERA5 t2m,"aridity+variability+SPEI+growing-season, min-max"
TZ04,Tanga,TZ0405,Pangani,Hazard & Exposure,Natural hazards,hazard:earthquake,Earthquake,0,INFORM SADC,INFORM seismic,baseline
TZ04,Tanga,TZ0405,Pangani,Hazard & Exposure,Natural hazards,hazard:environmentalDegradation,Environmental Degradation,6.1,INFORM SADC 2024,INFORM Sub-national SADC 2024,baseline
TZ04,Tanga,TZ0405,Pangani,Hazard & Exposure,Natural hazards,hazard:flood,Flood,9.8,PMO-DMD / TMA / MoW,CHIRPS v3 daily + recorded floods,"max(hazard, sqrt(hazard×exposure))"
TZ04,Tanga,TZ0405,Pangani,Hazard & Exposure,Natural hazards,hazard:landslide,Landslide,4.2,TMA / PMO-DMD,documented rainfall-triggered events,documented overlay
TZ04,Tanga,TZ0405,Pangani,Hazard & Exposure,Natural hazards,hazard:stormsCyclone,Storms Cyclone,6,TMA / PMO-DMD,Cyclone Hidaya 2024 + Lindi 1952 + Zanzibar 1872,documented cyclone/storm exposure overlay
TZ04,Tanga,TZ0405,Pangani,Hazard & Exposure,Natural hazards,hazard:volcano,Volcano,0,INFORM SADC 2024,INFORM Sub-national SADC 2024,baseline
TZ04,Tanga,TZ0405,Pangani,Hazard & Exposure,Natural hazards,hazard:wildfire,Wildfire,3.4,INFORM SADC 2024,INFORM Sub-national SADC 2024,baseline
TZ04,Tanga,TZ0405,Pangani,Hazard & Exposure,Human hazards,hazard:conflictIntensity,Conflict Intensity,0,INFORM SADC 2024,INFORM Sub-national SADC 2024,baseline
TZ04,Tanga,TZ0405,Pangani,Hazard & Exposure,Human hazards,hazard:conflictRisk,Conflict Risk,0.7,INFORM SADC 2024,INFORM Sub-national SADC 2024,baseline
TZ04,Tanga,TZ0405,Pangani,Hazard & Exposure,Human hazards,hazard:internalViolence,Internal Violence,7,INFORM SADC 2024,INFORM Sub-national SADC 2024,baseline
TZ04,Tanga,TZ0405,Pangani,Vulnerability,Socio-economic,vulnerability:developmentPoverty,Development Poverty,4.9,NBS,Household Budget Survey 2017/18,poverty headcount
TZ04,Tanga,TZ0405,Pangani,Vulnerability,Socio-economic,vulnerability:economicDependency,Economic Dependency,2.566666667,INFORM SADC 2024,INFORM Sub-national SADC 2024,baseline
TZ04,Tanga,TZ0405,Pangani,Vulnerability,Socio-economic,vulnerability:habitat,Habitat,5.9,INFORM SADC 2024,INFORM Sub-national SADC 2024,baseline
TZ04,Tanga,TZ0405,Pangani,Vulnerability,Socio-economic,vulnerability:livelihoods,Livelihoods,5.7,MUCHALI / IPC (MoA),IPC acute food-insecurity rounds,food-insecurity phase
TZ04,Tanga,TZ0405,Pangani,Vulnerability,Vulnerable groups,vulnerability:displacedPeople,Displaced People,0,INFORM SADC 2024,INFORM Sub-national SADC 2024,baseline
TZ04,Tanga,TZ0405,Pangani,Vulnerability,Vulnerable groups,vulnerability:healthConditions,Health Conditions,3.133333333,INFORM SADC 2024,INFORM Sub-national SADC 2024,baseline
TZ04,Tanga,TZ0405,Pangani,Vulnerability,Vulnerable groups,vulnerability:childrenHealthNutrition,Children Health Nutrition,3.975,MoH,TDHS 2022,under-5 stunting
TZ04,Tanga,TZ0405,Pangani,Lack of Coping Capacity,Infrastructure,coping:accessHealth,Access Health,5.36,MoH,2022 PHC health facilities,resource availability
TZ04,Tanga,TZ0405,Pangani,Lack of Coping Capacity,Infrastructure,coping:economicCapacity,Economic Capacity,7.7,INFORM SADC 2024,INFORM Sub-national SADC 2024,baseline
TZ04,Tanga,TZ0405,Pangani,Lack of Coping Capacity,Infrastructure,coping:wash,Wash,7.6,MoW,2022 PHC water points & boreholes,"resource availability, rank 2-8"
TZ04,Tanga,TZ0405,Pangani,Lack of Coping Capacity,Infrastructure,coping:communication,Communication,5.35,INFORM SADC 2024,INFORM Sub-national SADC 2024,baseline
TZ04,Tanga,TZ0405,Pangani,Lack of Coping Capacity,Infrastructure,coping:education,Education,5.5,NBS / MoH,2022 PHC schools,resource availability
TZ04,Tanga,TZ0405,Pangani,Lack of Coping Capacity,Institutional,coping:drrImplementation,Drr Implementation,6.5,PMO-DMD / DRR Coordinator,EPRP / EOCC / Anticipatory-Action records,DRM investment overlay
TZ04,Tanga,TZ0405,Pangani,Lack of Coping Capacity,Institutional,coping:governance,Governance,4.5,PMO-DMD,INFORM SADC governance,baseline
TZ04,Tanga,TZ0406,Handeni,Hazard & Exposure,Exposure,hazard:exposure,Population Exposure,3.45,NBS,2022 PHC population,"population density, log min-max"
TZ04,Tanga,TZ0406,Handeni,Hazard & Exposure,Natural hazards,hazard:coastalHazards,Coastal Hazards,0,TMA / PMO-DMD,coastal strip,documented overlay
TZ04,Tanga,TZ0406,Handeni,Hazard & Exposure,Natural hazards,hazard:drought,Drought,5.4,TMA / MoA,CHIRPS v3 1991-2024 + ERA5 t2m,"aridity+variability+SPEI+growing-season, min-max"
TZ04,Tanga,TZ0406,Handeni,Hazard & Exposure,Natural hazards,hazard:earthquake,Earthquake,0,INFORM SADC,INFORM seismic,baseline
TZ04,Tanga,TZ0406,Handeni,Hazard & Exposure,Natural hazards,hazard:environmentalDegradation,Environmental Degradation,6.3,INFORM SADC 2024,INFORM Sub-national SADC 2024,baseline
TZ04,Tanga,TZ0406,Handeni,Hazard & Exposure,Natural hazards,hazard:flood,Flood,3.8,PMO-DMD / TMA / MoW,CHIRPS v3 daily + recorded floods,"max(hazard, sqrt(hazard×exposure))"
TZ04,Tanga,TZ0406,Handeni,Hazard & Exposure,Natural hazards,hazard:landslide,Landslide,1.8,TMA / PMO-DMD,documented rainfall-triggered events,documented overlay
TZ04,Tanga,TZ0406,Handeni,Hazard & Exposure,Natural hazards,hazard:stormsCyclone,Storms Cyclone,0,TMA / PMO-DMD,Cyclone Hidaya 2024 + Lindi 1952 + Zanzibar 1872,documented cyclone/storm exposure overlay
TZ04,Tanga,TZ0406,Handeni,Hazard & Exposure,Natural hazards,hazard:volcano,Volcano,0,INFORM SADC 2024,INFORM Sub-national SADC 2024,baseline
TZ04,Tanga,TZ0406,Handeni,Hazard & Exposure,Natural hazards,hazard:wildfire,Wildfire,3.4,INFORM SADC 2024,INFORM Sub-national SADC 2024,baseline
TZ04,Tanga,TZ0406,Handeni,Hazard & Exposure,Human hazards,hazard:conflictIntensity,Conflict Intensity,0,INFORM SADC 2024,INFORM Sub-national SADC 2024,baseline
TZ04,Tanga,TZ0406,Handeni,Hazard & Exposure,Human hazards,hazard:conflictRisk,Conflict Risk,0.7,INFORM SADC 2024,INFORM Sub-national SADC 2024,baseline
TZ04,Tanga,TZ0406,Handeni,Hazard & Exposure,Human hazards,hazard:internalViolence,Internal Violence,7,INFORM SADC 2024,INFORM Sub-national SADC 2024,baseline
TZ04,Tanga,TZ0406,Handeni,Vulnerability,Socio-economic,vulnerability:developmentPoverty,Development Poverty,4.9,NBS,Household Budget Survey 2017/18,poverty headcount
TZ04,Tanga,TZ0406,Handeni,Vulnerability,Socio-economic,vulnerability:economicDependency,Economic Dependency,2.566666667,INFORM SADC 2024,INFORM Sub-national SADC 2024,baseline
TZ04,Tanga,TZ0406,Handeni,Vulnerability,Socio-economic,vulnerability:habitat,Habitat,5.9,INFORM SADC 2024,INFORM Sub-national SADC 2024,baseline
TZ04,Tanga,TZ0406,Handeni,Vulnerability,Socio-economic,vulnerability:livelihoods,Livelihoods,5.7,MUCHALI / IPC (MoA),IPC acute food-insecurity rounds,food-insecurity phase
TZ04,Tanga,TZ0406,Handeni,Vulnerability,Vulnerable groups,vulnerability:displacedPeople,Displaced People,0,INFORM SADC 2024,INFORM Sub-national SADC 2024,baseline
TZ04,Tanga,TZ0406,Handeni,Vulnerability,Vulnerable groups,vulnerability:healthConditions,Health Conditions,3.133333333,INFORM SADC 2024,INFORM Sub-national SADC 2024,baseline
TZ04,Tanga,TZ0406,Handeni,Vulnerability,Vulnerable groups,vulnerability:childrenHealthNutrition,Children Health Nutrition,3.975,MoH,TDHS 2022,under-5 stunting
TZ04,Tanga,TZ0406,Handeni,Lack of Coping Capacity,Infrastructure,coping:accessHealth,Access Health,5.36,MoH,2022 PHC health facilities,resource availability
TZ04,Tanga,TZ0406,Handeni,Lack of Coping Capacity,Infrastructure,coping:economicCapacity,Economic Capacity,7.7,INFORM SADC 2024,INFORM Sub-national SADC 2024,baseline
TZ04,Tanga,TZ0406,Handeni,Lack of Coping Capacity,Infrastructure,coping:wash,Wash,2.9,MoW,2022 PHC water points & boreholes,"resource availability, rank 2-8"
TZ04,Tanga,TZ0406,Handeni,Lack of Coping Capacity,Infrastructure,coping:communication,Communication,5.35,INFORM SADC 2024,INFORM Sub-national SADC 2024,baseline
TZ04,Tanga,TZ0406,Handeni,Lack of Coping Capacity,Infrastructure,coping:education,Education,5.5,NBS / MoH,2022 PHC schools,resource availability
TZ04,Tanga,TZ0406,Handeni,Lack of Coping Capacity,Institutional,coping:drrImplementation,Drr Implementation,3.8,PMO-DMD / DRR Coordinator,EPRP / EOCC / Anticipatory-Action records,DRM investment overlay
TZ04,Tanga,TZ0406,Handeni,Lack of Coping Capacity,Institutional,coping:governance,Governance,4.5,PMO-DMD,INFORM SADC governance,baseline
TZ04,Tanga,TZ0407,Kilindi,Hazard & Exposure,Exposure,hazard:exposure,Population Exposure,3.26,NBS,2022 PHC population,"population density, log min-max"
TZ04,Tanga,TZ0407,Kilindi,Hazard & Exposure,Natural hazards,hazard:coastalHazards,Coastal Hazards,0,TMA / PMO-DMD,coastal strip,documented overlay
TZ04,Tanga,TZ0407,Kilindi,Hazard & Exposure,Natural hazards,hazard:drought,Drought,8,TMA / MoA,CHIRPS v3 1991-2024 + ERA5 t2m,"aridity+variability+SPEI+growing-season, min-max"
TZ04,Tanga,TZ0407,Kilindi,Hazard & Exposure,Natural hazards,hazard:earthquake,Earthquake,0,INFORM SADC,INFORM seismic,baseline
TZ04,Tanga,TZ0407,Kilindi,Hazard & Exposure,Natural hazards,hazard:environmentalDegradation,Environmental Degradation,6.15,INFORM SADC 2024,INFORM Sub-national SADC 2024,baseline
TZ04,Tanga,TZ0407,Kilindi,Hazard & Exposure,Natural hazards,hazard:flood,Flood,3.6,PMO-DMD / TMA / MoW,CHIRPS v3 daily + recorded floods,"max(hazard, sqrt(hazard×exposure))"
TZ04,Tanga,TZ0407,Kilindi,Hazard & Exposure,Natural hazards,hazard:landslide,Landslide,6.1,TMA / PMO-DMD,documented rainfall-triggered events,documented overlay
TZ04,Tanga,TZ0407,Kilindi,Hazard & Exposure,Natural hazards,hazard:stormsCyclone,Storms Cyclone,0,TMA / PMO-DMD,Cyclone Hidaya 2024 + Lindi 1952 + Zanzibar 1872,documented cyclone/storm exposure overlay
TZ04,Tanga,TZ0407,Kilindi,Hazard & Exposure,Natural hazards,hazard:volcano,Volcano,0,INFORM SADC 2024,INFORM Sub-national SADC 2024,baseline
TZ04,Tanga,TZ0407,Kilindi,Hazard & Exposure,Natural hazards,hazard:wildfire,Wildfire,3.4,INFORM SADC 2024,INFORM Sub-national SADC 2024,baseline
TZ04,Tanga,TZ0407,Kilindi,Hazard & Exposure,Human hazards,hazard:conflictIntensity,Conflict Intensity,0,INFORM SADC 2024,INFORM Sub-national SADC 2024,baseline
TZ04,Tanga,TZ0407,Kilindi,Hazard & Exposure,Human hazards,hazard:conflictRisk,Conflict Risk,0.7,INFORM SADC 2024,INFORM Sub-national SADC 2024,baseline
TZ04,Tanga,TZ0407,Kilindi,Hazard & Exposure,Human hazards,hazard:internalViolence,Internal Violence,7,INFORM SADC 2024,INFORM Sub-national SADC 2024,baseline
TZ04,Tanga,TZ0407,Kilindi,Vulnerability,Socio-economic,vulnerability:developmentPoverty,Development Poverty,4.9,NBS,Household Budget Survey 2017/18,poverty headcount
TZ04,Tanga,TZ0407,Kilindi,Vulnerability,Socio-economic,vulnerability:economicDependency,Economic Dependency,2.566666667,INFORM SADC 2024,INFORM Sub-national SADC 2024,baseline
TZ04,Tanga,TZ0407,Kilindi,Vulnerability,Socio-economic,vulnerability:habitat,Habitat,5.9,INFORM SADC 2024,INFORM Sub-national SADC 2024,baseline
TZ04,Tanga,TZ0407,Kilindi,Vulnerability,Socio-economic,vulnerability:livelihoods,Livelihoods,5.7,MUCHALI / IPC (MoA),IPC acute food-insecurity rounds,food-insecurity phase
TZ04,Tanga,TZ0407,Kilindi,Vulnerability,Vulnerable groups,vulnerability:displacedPeople,Displaced People,0,INFORM SADC 2024,INFORM Sub-national SADC 2024,baseline
TZ04,Tanga,TZ0407,Kilindi,Vulnerability,Vulnerable groups,vulnerability:healthConditions,Health Conditions,3.133333333,INFORM SADC 2024,INFORM Sub-national SADC 2024,baseline
TZ04,Tanga,TZ0407,Kilindi,Vulnerability,Vulnerable groups,vulnerability:childrenHealthNutrition,Children Health Nutrition,3.975,MoH,TDHS 2022,under-5 stunting
TZ04,Tanga,TZ0407,Kilindi,Lack of Coping Capacity,Infrastructure,coping:accessHealth,Access Health,5.36,MoH,2022 PHC health facilities,resource availability
TZ04,Tanga,TZ0407,Kilindi,Lack of Coping Capacity,Infrastructure,coping:economicCapacity,Economic Capacity,7.7,INFORM SADC 2024,INFORM Sub-national SADC 2024,baseline
TZ04,Tanga,TZ0407,Kilindi,Lack of Coping Capacity,Infrastructure,coping:wash,Wash,3.8,MoW,2022 PHC water points & boreholes,"resource availability, rank 2-8"
TZ04,Tanga,TZ0407,Kilindi,Lack of Coping Capacity,Infrastructure,coping:communication,Communication,5.35,INFORM SADC 2024,INFORM Sub-national SADC 2024,baseline
TZ04,Tanga,TZ0407,Kilindi,Lack of Coping Capacity,Infrastructure,coping:education,Education,5.5,NBS / MoH,2022 PHC schools,resource availability
TZ04,Tanga,TZ0407,Kilindi,Lack of Coping Capacity,Institutional,coping:drrImplementation,Drr Implementation,6.5,PMO-DMD / DRR Coordinator,EPRP / EOCC / Anticipatory-Action records,DRM investment overlay
TZ04,Tanga,TZ0407,Kilindi,Lack of Coping Capacity,Institutional,coping:governance,Governance,4.5,PMO-DMD,INFORM SADC governance,baseline
TZ04,Tanga,TZ0408,Mkinga,Hazard & Exposure,Exposure,hazard:exposure,Population Exposure,3.2,NBS,2022 PHC population,"population density, log min-max"
TZ04,Tanga,TZ0408,Mkinga,Hazard & Exposure,Natural hazards,hazard:coastalHazards,Coastal Hazards,7,TMA / PMO-DMD,coastal strip,documented overlay
TZ04,Tanga,TZ0408,Mkinga,Hazard & Exposure,Natural hazards,hazard:drought,Drought,8,TMA / MoA,CHIRPS v3 1991-2024 + ERA5 t2m,"aridity+variability+SPEI+growing-season, min-max"
TZ04,Tanga,TZ0408,Mkinga,Hazard & Exposure,Natural hazards,hazard:environmentalDegradation,Environmental Degradation,4.9,INFORM SADC 2024,INFORM Sub-national SADC 2024,baseline
TZ04,Tanga,TZ0408,Mkinga,Hazard & Exposure,Natural hazards,hazard:flood,Flood,2.9,PMO-DMD / TMA / MoW,CHIRPS v3 daily + recorded floods,"max(hazard, sqrt(hazard×exposure))"
TZ04,Tanga,TZ0408,Mkinga,Hazard & Exposure,Natural hazards,hazard:stormsCyclone,Storms Cyclone,5,TMA / PMO-DMD,Cyclone Hidaya 2024 + Lindi 1952 + Zanzibar 1872,documented cyclone/storm exposure overlay
TZ04,Tanga,TZ0408,Mkinga,Hazard & Exposure,Natural hazards,hazard:volcano,Volcano,0,INFORM SADC 2024,INFORM Sub-national SADC 2024,baseline
TZ04,Tanga,TZ0408,Mkinga,Hazard & Exposure,Natural hazards,hazard:wildfire,Wildfire,3.4,INFORM SADC 2024,INFORM Sub-national SADC 2024,baseline
TZ04,Tanga,TZ0408,Mkinga,Hazard & Exposure,Human hazards,hazard:conflictIntensity,Conflict Intensity,0,INFORM SADC 2024,INFORM Sub-national SADC 2024,baseline
TZ04,Tanga,TZ0408,Mkinga,Hazard & Exposure,Human hazards,hazard:conflictRisk,Conflict Risk,0.7,INFORM SADC 2024,INFORM Sub-national SADC 2024,baseline
TZ04,Tanga,TZ0408,Mkinga,Hazard & Exposure,Human hazards,hazard:internalViolence,Internal Violence,7,INFORM SADC 2024,INFORM Sub-national SADC 2024,baseline
TZ04,Tanga,TZ0408,Mkinga,Vulnerability,Socio-economic,vulnerability:developmentPoverty,Development Poverty,4.9,NBS,Household Budget Survey 2017/18,poverty headcount
TZ04,Tanga,TZ0408,Mkinga,Vulnerability,Socio-economic,vulnerability:economicDependency,Economic Dependency,2.566666667,INFORM SADC 2024,INFORM Sub-national SADC 2024,baseline
TZ04,Tanga,TZ0408,Mkinga,Vulnerability,Socio-economic,vulnerability:habitat,Habitat,5.9,INFORM SADC 2024,INFORM Sub-national SADC 2024,baseline
TZ04,Tanga,TZ0408,Mkinga,Vulnerability,Socio-economic,vulnerability:livelihoods,Livelihoods,5.7,MUCHALI / IPC (MoA),IPC acute food-insecurity rounds,food-insecurity phase
TZ04,Tanga,TZ0408,Mkinga,Vulnerability,Vulnerable groups,vulnerability:displacedPeople,Displaced People,0,INFORM SADC 2024,INFORM Sub-national SADC 2024,baseline
TZ04,Tanga,TZ0408,Mkinga,Vulnerability,Vulnerable groups,vulnerability:healthConditions,Health Conditions,3.133333333,INFORM SADC 2024,INFORM Sub-national SADC 2024,baseline
TZ04,Tanga,TZ0408,Mkinga,Vulnerability,Vulnerable groups,vulnerability:childrenHealthNutrition,Children Health Nutrition,3.975,MoH,TDHS 2022,under-5 stunting
TZ04,Tanga,TZ0408,Mkinga,Lack of Coping Capacity,Infrastructure,coping:accessHealth,Access Health,5.36,MoH,2022 PHC health facilities,resource availability
TZ04,Tanga,TZ0408,Mkinga,Lack of Coping Capacity,Infrastructure,coping:economicCapacity,Economic Capacity,7.7,INFORM SADC 2024,INFORM Sub-national SADC 2024,baseline
TZ04,Tanga,TZ0408,Mkinga,Lack of Coping Capacity,Infrastructure,coping:wash,Wash,6.1,MoW,2022 PHC water points & boreholes,"resource availability, rank 2-8"
TZ04,Tanga,TZ0408,Mkinga,Lack of Coping Capacity,Infrastructure,coping:communication,Communication,5.35,INFORM SADC 2024,INFORM Sub-national SADC 2024,baseline
TZ04,Tanga,TZ0408,Mkinga,Lack of Coping Capacity,Infrastructure,coping:education,Education,5.5,NBS / MoH,2022 PHC schools,resource availability
TZ04,Tanga,TZ0408,Mkinga,Lack of Coping Capacity,Institutional,coping:drrImplementation,Drr Implementation,6.5,PMO-DMD / DRR Coordinator,EPRP / EOCC / Anticipatory-Action records,DRM investment overlay
TZ04,Tanga,TZ0408,Mkinga,Lack of Coping Capacity,Institutional,coping:governance,Governance,4.5,PMO-DMD,INFORM SADC governance,baseline
TZ04,Tanga,TZ0409,Korogwe Township Authority,Hazard & Exposure,Natural hazards,hazard:coastalHazards,Coastal Hazards,0,TMA / PMO-DMD,coastal strip,documented overlay
TZ04,Tanga,TZ0409,Korogwe Township Authority,Hazard & Exposure,Natural hazards,hazard:drought,Drought,4.3,TMA / MoA,CHIRPS v3 1991-2024 + ERA5 t2m,"aridity+variability+SPEI+growing-season, min-max"
TZ04,Tanga,TZ0409,Korogwe Township Authority,Hazard & Exposure,Natural hazards,hazard:earthquake,Earthquake,0.1,INFORM SADC,INFORM seismic,baseline
TZ04,Tanga,TZ0409,Korogwe Township Authority,Hazard & Exposure,Natural hazards,hazard:environmentalDegradation,Environmental Degradation,5.3,INFORM SADC 2024,INFORM Sub-national SADC 2024,baseline
TZ04,Tanga,TZ0409,Korogwe Township Authority,Hazard & Exposure,Natural hazards,hazard:flood,Flood,8.9,PMO-DMD / TMA / MoW,CHIRPS v3 daily + recorded floods,"max(hazard, sqrt(hazard×exposure))"
TZ04,Tanga,TZ0409,Korogwe Township Authority,Hazard & Exposure,Natural hazards,hazard:landslide,Landslide,6.1,TMA / PMO-DMD,documented rainfall-triggered events,documented overlay
TZ04,Tanga,TZ0409,Korogwe Township Authority,Hazard & Exposure,Natural hazards,hazard:stormsCyclone,Storms Cyclone,0,TMA / PMO-DMD,Cyclone Hidaya 2024 + Lindi 1952 + Zanzibar 1872,documented cyclone/storm exposure overlay
TZ04,Tanga,TZ0409,Korogwe Township Authority,Hazard & Exposure,Natural hazards,hazard:volcano,Volcano,0,INFORM SADC 2024,INFORM Sub-national SADC 2024,baseline
TZ04,Tanga,TZ0409,Korogwe Township Authority,Hazard & Exposure,Natural hazards,hazard:wildfire,Wildfire,3.4,INFORM SADC 2024,INFORM Sub-national SADC 2024,baseline
TZ04,Tanga,TZ0409,Korogwe Township Authority,Hazard & Exposure,Human hazards,hazard:conflictIntensity,Conflict Intensity,0,INFORM SADC 2024,INFORM Sub-national SADC 2024,baseline
TZ04,Tanga,TZ0409,Korogwe Township Authority,Hazard & Exposure,Human hazards,hazard:conflictRisk,Conflict Risk,0.7,INFORM SADC 2024,INFORM Sub-national SADC 2024,baseline
TZ04,Tanga,TZ0409,Korogwe Township Authority,Hazard & Exposure,Human hazards,hazard:internalViolence,Internal Violence,7,INFORM SADC 2024,INFORM Sub-national SADC 2024,baseline
TZ04,Tanga,TZ0409,Korogwe Township Authority,Vulnerability,Socio-economic,vulnerability:developmentPoverty,Development Poverty,4.9,NBS,Household Budget Survey 2017/18,poverty headcount
TZ04,Tanga,TZ0409,Korogwe Township Authority,Vulnerability,Socio-economic,vulnerability:economicDependency,Economic Dependency,2.566666667,INFORM SADC 2024,INFORM Sub-national SADC 2024,baseline
TZ04,Tanga,TZ0409,Korogwe Township Authority,Vulnerability,Socio-economic,vulnerability:habitat,Habitat,5.9,INFORM SADC 2024,INFORM Sub-national SADC 2024,baseline
TZ04,Tanga,TZ0409,Korogwe Township Authority,Vulnerability,Socio-economic,vulnerability:livelihoods,Livelihoods,5.7,MUCHALI / IPC (MoA),IPC acute food-insecurity rounds,food-insecurity phase
TZ04,Tanga,TZ0409,Korogwe Township Authority,Vulnerability,Vulnerable groups,vulnerability:displacedPeople,Displaced People,0,INFORM SADC 2024,INFORM Sub-national SADC 2024,baseline
TZ04,Tanga,TZ0409,Korogwe Township Authority,Vulnerability,Vulnerable groups,vulnerability:healthConditions,Health Conditions,3.133333333,INFORM SADC 2024,INFORM Sub-national SADC 2024,baseline
TZ04,Tanga,TZ0409,Korogwe Township Authority,Vulnerability,Vulnerable groups,vulnerability:childrenHealthNutrition,Children Health Nutrition,3.975,MoH,TDHS 2022,under-5 stunting
TZ04,Tanga,TZ0409,Korogwe Township Authority,Lack of Coping Capacity,Infrastructure,coping:accessHealth,Access Health,5.36,MoH,2022 PHC health facilities,resource availability
TZ04,Tanga,TZ0409,Korogwe Township Authority,Lack of Coping Capacity,Infrastructure,coping:economicCapacity,Economic Capacity,7.7,INFORM SADC 2024,INFORM Sub-national SADC 2024,baseline
TZ04,Tanga,TZ0409,Korogwe Township Authority,Lack of Coping Capacity,Infrastructure,coping:wash,Wash,7,MoW,2022 PHC water points & boreholes,"resource availability, rank 2-8"
TZ04,Tanga,TZ0409,Korogwe Township Authority,Lack of Coping Capacity,Infrastructure,coping:communication,Communication,5.35,INFORM SADC 2024,INFORM Sub-national SADC 2024,baseline
TZ04,Tanga,TZ0409,Korogwe Township Authority,Lack of Coping Capacity,Infrastructure,coping:education,Education,5.5,NBS / MoH,2022 PHC schools,resource availability
TZ04,Tanga,TZ0409,Korogwe Township Authority,Lack of Coping Capacity,Institutional,coping:drrImplementation,Drr Implementation,6.5,PMO-DMD / DRR Coordinator,EPRP / EOCC / Anticipatory-Action records,DRM investment overlay
TZ04,Tanga,TZ0409,Korogwe Township Authority,Lack of Coping Capacity,Institutional,coping:governance,Governance,4.5,PMO-DMD,INFORM SADC governance,baseline
TZ04,Tanga,TZ0410,Handeni Mji,Hazard & Exposure,Natural hazards,hazard:coastalHazards,Coastal Hazards,0,TMA / PMO-DMD,coastal strip,documented overlay
TZ04,Tanga,TZ0410,Handeni Mji,Hazard & Exposure,Natural hazards,hazard:drought,Drought,4.3,TMA / MoA,CHIRPS v3 1991-2024 + ERA5 t2m,"aridity+variability+SPEI+growing-season, min-max"
TZ04,Tanga,TZ0410,Handeni Mji,Hazard & Exposure,Natural hazards,hazard:earthquake,Earthquake,0,INFORM SADC,INFORM seismic,baseline
TZ04,Tanga,TZ0410,Handeni Mji,Hazard & Exposure,Natural hazards,hazard:environmentalDegradation,Environmental Degradation,6.05,INFORM SADC 2024,INFORM Sub-national SADC 2024,baseline
TZ04,Tanga,TZ0410,Handeni Mji,Hazard & Exposure,Natural hazards,hazard:flood,Flood,2.4,PMO-DMD / TMA / MoW,CHIRPS v3 daily + recorded floods,"max(hazard, sqrt(hazard×exposure))"
TZ04,Tanga,TZ0410,Handeni Mji,Hazard & Exposure,Natural hazards,hazard:landslide,Landslide,1.2,TMA / PMO-DMD,documented rainfall-triggered events,documented overlay
TZ04,Tanga,TZ0410,Handeni Mji,Hazard & Exposure,Natural hazards,hazard:stormsCyclone,Storms Cyclone,0,TMA / PMO-DMD,Cyclone Hidaya 2024 + Lindi 1952 + Zanzibar 1872,documented cyclone/storm exposure overlay
TZ04,Tanga,TZ0410,Handeni Mji,Hazard & Exposure,Natural hazards,hazard:volcano,Volcano,0,INFORM SADC 2024,INFORM Sub-national SADC 2024,baseline
TZ04,Tanga,TZ0410,Handeni Mji,Hazard & Exposure,Natural hazards,hazard:wildfire,Wildfire,3.4,INFORM SADC 2024,INFORM Sub-national SADC 2024,baseline
TZ04,Tanga,TZ0410,Handeni Mji,Hazard & Exposure,Human hazards,hazard:conflictIntensity,Conflict Intensity,0,INFORM SADC 2024,INFORM Sub-national SADC 2024,baseline
TZ04,Tanga,TZ0410,Handeni Mji,Hazard & Exposure,Human hazards,hazard:conflictRisk,Conflict Risk,0.7,INFORM SADC 2024,INFORM Sub-national SADC 2024,baseline
TZ04,Tanga,TZ0410,Handeni Mji,Hazard & Exposure,Human hazards,hazard:internalViolence,Internal Violence,7,INFORM SADC 2024,INFORM Sub-national SADC 2024,baseline
TZ04,Tanga,TZ0410,Handeni Mji,Vulnerability,Socio-economic,vulnerability:developmentPoverty,Development Poverty,4.9,NBS,Household Budget Survey 2017/18,poverty headcount
TZ04,Tanga,TZ0410,Handeni Mji,Vulnerability,Socio-economic,vulnerability:economicDependency,Economic Dependency,2.566666667,INFORM SADC 2024,INFORM Sub-national SADC 2024,baseline
TZ04,Tanga,TZ0410,Handeni Mji,Vulnerability,Socio-economic,vulnerability:habitat,Habitat,5.9,INFORM SADC 2024,INFORM Sub-national SADC 2024,baseline
TZ04,Tanga,TZ0410,Handeni Mji,Vulnerability,Socio-economic,vulnerability:livelihoods,Livelihoods,5.7,MUCHALI / IPC (MoA),IPC acute food-insecurity rounds,food-insecurity phase
TZ04,Tanga,TZ0410,Handeni Mji,Vulnerability,Vulnerable groups,vulnerability:displacedPeople,Displaced People,0,INFORM SADC 2024,INFORM Sub-national SADC 2024,baseline
TZ04,Tanga,TZ0410,Handeni Mji,Vulnerability,Vulnerable groups,vulnerability:healthConditions,Health Conditions,3.133333333,INFORM SADC 2024,INFORM Sub-national SADC 2024,baseline
TZ04,Tanga,TZ0410,Handeni Mji,Vulnerability,Vulnerable groups,vulnerability:childrenHealthNutrition,Children Health Nutrition,3.975,MoH,TDHS 2022,under-5 stunting
TZ04,Tanga,TZ0410,Handeni Mji,Lack of Coping Capacity,Infrastructure,coping:accessHealth,Access Health,5.36,MoH,2022 PHC health facilities,resource availability
TZ04,Tanga,TZ0410,Handeni Mji,Lack of Coping Capacity,Infrastructure,coping:economicCapacity,Economic Capacity,7.7,INFORM SADC 2024,INFORM Sub-national SADC 2024,baseline
TZ04,Tanga,TZ0410,Handeni Mji,Lack of Coping Capacity,Infrastructure,coping:wash,Wash,7,MoW,2022 PHC water points & boreholes,"resource availability, rank 2-8"
TZ04,Tanga,TZ0410,Handeni Mji,Lack of Coping Capacity,Infrastructure,coping:communication,Communication,5.35,INFORM SADC 2024,INFORM Sub-national SADC 2024,baseline
TZ04,Tanga,TZ0410,Handeni Mji,Lack of Coping Capacity,Infrastructure,coping:education,Education,5.5,NBS / MoH,2022 PHC schools,resource availability
TZ04,Tanga,TZ0410,Handeni Mji,Lack of Coping Capacity,Institutional,coping:drrImplementation,Drr Implementation,6.5,PMO-DMD / DRR Coordinator,EPRP / EOCC / Anticipatory-Action records,DRM investment overlay
TZ04,Tanga,TZ0410,Handeni Mji,Lack of Coping Capacity,Institutional,coping:governance,Governance,4.5,PMO-DMD,INFORM SADC governance,baseline
TZ05,Morogoro,TZ0501,Kilosa,Hazard & Exposure,Exposure,hazard:exposure,Population Exposure,3.16,NBS,2022 PHC population,"population density, log min-max"
TZ05,Morogoro,TZ0501,Kilosa,Hazard & Exposure,Natural hazards,hazard:coastalHazards,Coastal Hazards,0,TMA / PMO-DMD,coastal strip,documented overlay
TZ05,Morogoro,TZ0501,Kilosa,Hazard & Exposure,Natural hazards,hazard:drought,Drought,4.3,TMA / MoA,CHIRPS v3 1991-2024 + ERA5 t2m,"aridity+variability+SPEI+growing-season, min-max"
TZ05,Morogoro,TZ0501,Kilosa,Hazard & Exposure,Natural hazards,hazard:earthquake,Earthquake,5.7,INFORM SADC,INFORM seismic,baseline
TZ05,Morogoro,TZ0501,Kilosa,Hazard & Exposure,Natural hazards,hazard:environmentalDegradation,Environmental Degradation,5.25,INFORM SADC 2024,INFORM Sub-national SADC 2024,baseline
TZ05,Morogoro,TZ0501,Kilosa,Hazard & Exposure,Natural hazards,hazard:flood,Flood,8.5,PMO-DMD / TMA / MoW,CHIRPS v3 daily + recorded floods,"max(hazard, sqrt(hazard×exposure))"
TZ05,Morogoro,TZ0501,Kilosa,Hazard & Exposure,Natural hazards,hazard:landslide,Landslide,7.3,TMA / PMO-DMD,documented rainfall-triggered events,documented overlay
TZ05,Morogoro,TZ0501,Kilosa,Hazard & Exposure,Natural hazards,hazard:stormsCyclone,Storms Cyclone,0,TMA / PMO-DMD,Cyclone Hidaya 2024 + Lindi 1952 + Zanzibar 1872,documented cyclone/storm exposure overlay
TZ05,Morogoro,TZ0501,Kilosa,Hazard & Exposure,Natural hazards,hazard:volcano,Volcano,0,INFORM SADC 2024,INFORM Sub-national SADC 2024,baseline
TZ05,Morogoro,TZ0501,Kilosa,Hazard & Exposure,Natural hazards,hazard:wildfire,Wildfire,6.1,INFORM SADC 2024,INFORM Sub-national SADC 2024,baseline
TZ05,Morogoro,TZ0501,Kilosa,Hazard & Exposure,Human hazards,hazard:conflictIntensity,Conflict Intensity,0,INFORM SADC 2024,INFORM Sub-national SADC 2024,baseline
TZ05,Morogoro,TZ0501,Kilosa,Hazard & Exposure,Human hazards,hazard:conflictRisk,Conflict Risk,0.7,INFORM SADC 2024,INFORM Sub-national SADC 2024,baseline
TZ05,Morogoro,TZ0501,Kilosa,Hazard & Exposure,Human hazards,hazard:internalViolence,Internal Violence,7.05,INFORM SADC 2024,INFORM Sub-national SADC 2024,baseline
TZ05,Morogoro,TZ0501,Kilosa,Vulnerability,Socio-economic,vulnerability:developmentPoverty,Development Poverty,5.675,NBS,Household Budget Survey 2017/18,poverty headcount
TZ05,Morogoro,TZ0501,Kilosa,Vulnerability,Socio-economic,vulnerability:economicDependency,Economic Dependency,3.2,INFORM SADC 2024,INFORM Sub-national SADC 2024,baseline
TZ05,Morogoro,TZ0501,Kilosa,Vulnerability,Socio-economic,vulnerability:habitat,Habitat,5.55,INFORM SADC 2024,INFORM Sub-national SADC 2024,baseline
TZ05,Morogoro,TZ0501,Kilosa,Vulnerability,Socio-economic,vulnerability:livelihoods,Livelihoods,0,MUCHALI / IPC (MoA),IPC acute food-insecurity rounds,food-insecurity phase
TZ05,Morogoro,TZ0501,Kilosa,Vulnerability,Vulnerable groups,vulnerability:displacedPeople,Displaced People,0,INFORM SADC 2024,INFORM Sub-national SADC 2024,baseline
TZ05,Morogoro,TZ0501,Kilosa,Vulnerability,Vulnerable groups,vulnerability:healthConditions,Health Conditions,3.633333333,INFORM SADC 2024,INFORM Sub-national SADC 2024,baseline
TZ05,Morogoro,TZ0501,Kilosa,Vulnerability,Vulnerable groups,vulnerability:childrenHealthNutrition,Children Health Nutrition,3.05,MoH,TDHS 2022,under-5 stunting
TZ05,Morogoro,TZ0501,Kilosa,Lack of Coping Capacity,Infrastructure,coping:accessHealth,Access Health,4.9,MoH,2022 PHC health facilities,resource availability
TZ05,Morogoro,TZ0501,Kilosa,Lack of Coping Capacity,Infrastructure,coping:economicCapacity,Economic Capacity,8.8,INFORM SADC 2024,INFORM Sub-national SADC 2024,baseline
TZ05,Morogoro,TZ0501,Kilosa,Lack of Coping Capacity,Infrastructure,coping:wash,Wash,2.4,MoW,2022 PHC water points & boreholes,"resource availability, rank 2-8"
TZ05,Morogoro,TZ0501,Kilosa,Lack of Coping Capacity,Infrastructure,coping:communication,Communication,7.8,INFORM SADC 2024,INFORM Sub-national SADC 2024,baseline
TZ05,Morogoro,TZ0501,Kilosa,Lack of Coping Capacity,Infrastructure,coping:education,Education,5.4,NBS / MoH,2022 PHC schools,resource availability
TZ05,Morogoro,TZ0501,Kilosa,Lack of Coping Capacity,Institutional,coping:drrImplementation,Drr Implementation,6.5,PMO-DMD / DRR Coordinator,EPRP / EOCC / Anticipatory-Action records,DRM investment overlay
TZ05,Morogoro,TZ0501,Kilosa,Lack of Coping Capacity,Institutional,coping:governance,Governance,3.8,PMO-DMD,INFORM SADC governance,baseline
TZ05,Morogoro,TZ0502,Morogoro,Hazard & Exposure,Exposure,hazard:exposure,Population Exposure,3.55,NBS,2022 PHC population,"population density, log min-max"
TZ05,Morogoro,TZ0502,Morogoro,Hazard & Exposure,Natural hazards,hazard:coastalHazards,Coastal Hazards,0,TMA / PMO-DMD,coastal strip,documented overlay
TZ05,Morogoro,TZ0502,Morogoro,Hazard & Exposure,Natural hazards,hazard:drought,Drought,4.8,TMA / MoA,CHIRPS v3 1991-2024 + ERA5 t2m,"aridity+variability+SPEI+growing-season, min-max"
TZ05,Morogoro,TZ0502,Morogoro,Hazard & Exposure,Natural hazards,hazard:earthquake,Earthquake,7.3,INFORM SADC,INFORM seismic,baseline
TZ05,Morogoro,TZ0502,Morogoro,Hazard & Exposure,Natural hazards,hazard:environmentalDegradation,Environmental Degradation,5.3,INFORM SADC 2024,INFORM Sub-national SADC 2024,baseline
TZ05,Morogoro,TZ0502,Morogoro,Hazard & Exposure,Natural hazards,hazard:flood,Flood,7,PMO-DMD / TMA / MoW,CHIRPS v3 daily + recorded floods,"max(hazard, sqrt(hazard×exposure))"
TZ05,Morogoro,TZ0502,Morogoro,Hazard & Exposure,Natural hazards,hazard:landslide,Landslide,7.8,TMA / PMO-DMD,documented rainfall-triggered events,documented overlay
TZ05,Morogoro,TZ0502,Morogoro,Hazard & Exposure,Natural hazards,hazard:stormsCyclone,Storms Cyclone,0,TMA / PMO-DMD,Cyclone Hidaya 2024 + Lindi 1952 + Zanzibar 1872,documented cyclone/storm exposure overlay
TZ05,Morogoro,TZ0502,Morogoro,Hazard & Exposure,Natural hazards,hazard:volcano,Volcano,0,INFORM SADC 2024,INFORM Sub-national SADC 2024,baseline
TZ05,Morogoro,TZ0502,Morogoro,Hazard & Exposure,Natural hazards,hazard:wildfire,Wildfire,6.1,INFORM SADC 2024,INFORM Sub-national SADC 2024,baseline
TZ05,Morogoro,TZ0502,Morogoro,Hazard & Exposure,Human hazards,hazard:conflictIntensity,Conflict Intensity,0,INFORM SADC 2024,INFORM Sub-national SADC 2024,baseline
TZ05,Morogoro,TZ0502,Morogoro,Hazard & Exposure,Human hazards,hazard:conflictRisk,Conflict Risk,0.7,INFORM SADC 2024,INFORM Sub-national SADC 2024,baseline
TZ05,Morogoro,TZ0502,Morogoro,Hazard & Exposure,Human hazards,hazard:internalViolence,Internal Violence,7.05,INFORM SADC 2024,INFORM Sub-national SADC 2024,baseline
TZ05,Morogoro,TZ0502,Morogoro,Vulnerability,Socio-economic,vulnerability:developmentPoverty,Development Poverty,5.675,NBS,Household Budget Survey 2017/18,poverty headcount
TZ05,Morogoro,TZ0502,Morogoro,Vulnerability,Socio-economic,vulnerability:economicDependency,Economic Dependency,3.2,INFORM SADC 2024,INFORM Sub-national SADC 2024,baseline
TZ05,Morogoro,TZ0502,Morogoro,Vulnerability,Socio-economic,vulnerability:habitat,Habitat,5.55,INFORM SADC 2024,INFORM Sub-national SADC 2024,baseline
TZ05,Morogoro,TZ0502,Morogoro,Vulnerability,Socio-economic,vulnerability:livelihoods,Livelihoods,0,MUCHALI / IPC (MoA),IPC acute food-insecurity rounds,food-insecurity phase
TZ05,Morogoro,TZ0502,Morogoro,Vulnerability,Vulnerable groups,vulnerability:displacedPeople,Displaced People,0,INFORM SADC 2024,INFORM Sub-national SADC 2024,baseline
TZ05,Morogoro,TZ0502,Morogoro,Vulnerability,Vulnerable groups,vulnerability:healthConditions,Health Conditions,3.633333333,INFORM SADC 2024,INFORM Sub-national SADC 2024,baseline
TZ05,Morogoro,TZ0502,Morogoro,Vulnerability,Vulnerable groups,vulnerability:childrenHealthNutrition,Children Health Nutrition,3.05,MoH,TDHS 2022,under-5 stunting
TZ05,Morogoro,TZ0502,Morogoro,Lack of Coping Capacity,Infrastructure,coping:accessHealth,Access Health,4.9,MoH,2022 PHC health facilities,resource availability
TZ05,Morogoro,TZ0502,Morogoro,Lack of Coping Capacity,Infrastructure,coping:economicCapacity,Economic Capacity,8.8,INFORM SADC 2024,INFORM Sub-national SADC 2024,baseline
TZ05,Morogoro,TZ0502,Morogoro,Lack of Coping Capacity,Infrastructure,coping:wash,Wash,2.3,MoW,2022 PHC water points & boreholes,"resource availability, rank 2-8"
TZ05,Morogoro,TZ0502,Morogoro,Lack of Coping Capacity,Infrastructure,coping:communication,Communication,7.8,INFORM SADC 2024,INFORM Sub-national SADC 2024,baseline
TZ05,Morogoro,TZ0502,Morogoro,Lack of Coping Capacity,Infrastructure,coping:education,Education,5.4,NBS / MoH,2022 PHC schools,resource availability
TZ05,Morogoro,TZ0502,Morogoro,Lack of Coping Capacity,Institutional,coping:drrImplementation,Drr Implementation,6.5,PMO-DMD / DRR Coordinator,EPRP / EOCC / Anticipatory-Action records,DRM investment overlay
TZ05,Morogoro,TZ0502,Morogoro,Lack of Coping Capacity,Institutional,coping:governance,Governance,3.8,PMO-DMD,INFORM SADC governance,baseline
TZ05,Morogoro,TZ0503,Kilombero,Hazard & Exposure,Exposure,hazard:exposure,Population Exposure,2.96,NBS,2022 PHC population,"population density, log min-max"
TZ05,Morogoro,TZ0503,Kilombero,Hazard & Exposure,Natural hazards,hazard:coastalHazards,Coastal Hazards,0,TMA / PMO-DMD,coastal strip,documented overlay
TZ05,Morogoro,TZ0503,Kilombero,Hazard & Exposure,Natural hazards,hazard:drought,Drought,2.9,TMA / MoA,CHIRPS v3 1991-2024 + ERA5 t2m,"aridity+variability+SPEI+growing-season, min-max"
TZ05,Morogoro,TZ0503,Kilombero,Hazard & Exposure,Natural hazards,hazard:earthquake,Earthquake,2.5,INFORM SADC,INFORM seismic,baseline
TZ05,Morogoro,TZ0503,Kilombero,Hazard & Exposure,Natural hazards,hazard:environmentalDegradation,Environmental Degradation,5.45,INFORM SADC 2024,INFORM Sub-national SADC 2024,baseline
TZ05,Morogoro,TZ0503,Kilombero,Hazard & Exposure,Natural hazards,hazard:flood,Flood,8.5,PMO-DMD / TMA / MoW,CHIRPS v3 daily + recorded floods,"max(hazard, sqrt(hazard×exposure))"
TZ05,Morogoro,TZ0503,Kilombero,Hazard & Exposure,Natural hazards,hazard:landslide,Landslide,6.8,TMA / PMO-DMD,documented rainfall-triggered events,documented overlay
TZ05,Morogoro,TZ0503,Kilombero,Hazard & Exposure,Natural hazards,hazard:stormsCyclone,Storms Cyclone,0,TMA / PMO-DMD,Cyclone Hidaya 2024 + Lindi 1952 + Zanzibar 1872,documented cyclone/storm exposure overlay
TZ05,Morogoro,TZ0503,Kilombero,Hazard & Exposure,Natural hazards,hazard:volcano,Volcano,0,INFORM SADC 2024,INFORM Sub-national SADC 2024,baseline
TZ05,Morogoro,TZ0503,Kilombero,Hazard & Exposure,Natural hazards,hazard:wildfire,Wildfire,6.1,INFORM SADC 2024,INFORM Sub-national SADC 2024,baseline
TZ05,Morogoro,TZ0503,Kilombero,Hazard & Exposure,Human hazards,hazard:conflictIntensity,Conflict Intensity,0,INFORM SADC 2024,INFORM Sub-national SADC 2024,baseline
TZ05,Morogoro,TZ0503,Kilombero,Hazard & Exposure,Human hazards,hazard:conflictRisk,Conflict Risk,0.7,INFORM SADC 2024,INFORM Sub-national SADC 2024,baseline
TZ05,Morogoro,TZ0503,Kilombero,Hazard & Exposure,Human hazards,hazard:internalViolence,Internal Violence,7.05,INFORM SADC 2024,INFORM Sub-national SADC 2024,baseline
TZ05,Morogoro,TZ0503,Kilombero,Vulnerability,Socio-economic,vulnerability:developmentPoverty,Development Poverty,5.675,NBS,Household Budget Survey 2017/18,poverty headcount
TZ05,Morogoro,TZ0503,Kilombero,Vulnerability,Socio-economic,vulnerability:economicDependency,Economic Dependency,3.2,INFORM SADC 2024,INFORM Sub-national SADC 2024,baseline
TZ05,Morogoro,TZ0503,Kilombero,Vulnerability,Socio-economic,vulnerability:habitat,Habitat,5.55,INFORM SADC 2024,INFORM Sub-national SADC 2024,baseline
TZ05,Morogoro,TZ0503,Kilombero,Vulnerability,Socio-economic,vulnerability:livelihoods,Livelihoods,0,MUCHALI / IPC (MoA),IPC acute food-insecurity rounds,food-insecurity phase
TZ05,Morogoro,TZ0503,Kilombero,Vulnerability,Vulnerable groups,vulnerability:displacedPeople,Displaced People,0,INFORM SADC 2024,INFORM Sub-national SADC 2024,baseline
TZ05,Morogoro,TZ0503,Kilombero,Vulnerability,Vulnerable groups,vulnerability:healthConditions,Health Conditions,3.633333333,INFORM SADC 2024,INFORM Sub-national SADC 2024,baseline
TZ05,Morogoro,TZ0503,Kilombero,Vulnerability,Vulnerable groups,vulnerability:childrenHealthNutrition,Children Health Nutrition,3.05,MoH,TDHS 2022,under-5 stunting
TZ05,Morogoro,TZ0503,Kilombero,Lack of Coping Capacity,Infrastructure,coping:accessHealth,Access Health,4.9,MoH,2022 PHC health facilities,resource availability
TZ05,Morogoro,TZ0503,Kilombero,Lack of Coping Capacity,Infrastructure,coping:economicCapacity,Economic Capacity,8.8,INFORM SADC 2024,INFORM Sub-national SADC 2024,baseline
TZ05,Morogoro,TZ0503,Kilombero,Lack of Coping Capacity,Infrastructure,coping:wash,Wash,3.1,MoW,2022 PHC water points & boreholes,"resource availability, rank 2-8"
TZ05,Morogoro,TZ0503,Kilombero,Lack of Coping Capacity,Infrastructure,coping:communication,Communication,7.8,INFORM SADC 2024,INFORM Sub-national SADC 2024,baseline
TZ05,Morogoro,TZ0503,Kilombero,Lack of Coping Capacity,Infrastructure,coping:education,Education,5.4,NBS / MoH,2022 PHC schools,resource availability
TZ05,Morogoro,TZ0503,Kilombero,Lack of Coping Capacity,Institutional,coping:drrImplementation,Drr Implementation,6.5,PMO-DMD / DRR Coordinator,EPRP / EOCC / Anticipatory-Action records,DRM investment overlay
TZ05,Morogoro,TZ0503,Kilombero,Lack of Coping Capacity,Institutional,coping:governance,Governance,3.8,PMO-DMD,INFORM SADC governance,baseline
TZ05,Morogoro,TZ0504,Ulanga,Hazard & Exposure,Exposure,hazard:exposure,Population Exposure,1.76,NBS,2022 PHC population,"population density, log min-max"
TZ05,Morogoro,TZ0504,Ulanga,Hazard & Exposure,Natural hazards,hazard:coastalHazards,Coastal Hazards,0,TMA / PMO-DMD,coastal strip,documented overlay
TZ05,Morogoro,TZ0504,Ulanga,Hazard & Exposure,Natural hazards,hazard:drought,Drought,3.6,TMA / MoA,CHIRPS v3 1991-2024 + ERA5 t2m,"aridity+variability+SPEI+growing-season, min-max"
TZ05,Morogoro,TZ0504,Ulanga,Hazard & Exposure,Natural hazards,hazard:earthquake,Earthquake,0,INFORM SADC,INFORM seismic,baseline
TZ05,Morogoro,TZ0504,Ulanga,Hazard & Exposure,Natural hazards,hazard:environmentalDegradation,Environmental Degradation,5.3,INFORM SADC 2024,INFORM Sub-national SADC 2024,baseline
TZ05,Morogoro,TZ0504,Ulanga,Hazard & Exposure,Natural hazards,hazard:flood,Flood,8.5,PMO-DMD / TMA / MoW,CHIRPS v3 daily + recorded floods,"max(hazard, sqrt(hazard×exposure))"
TZ05,Morogoro,TZ0504,Ulanga,Hazard & Exposure,Natural hazards,hazard:landslide,Landslide,4.6,TMA / PMO-DMD,documented rainfall-triggered events,documented overlay
TZ05,Morogoro,TZ0504,Ulanga,Hazard & Exposure,Natural hazards,hazard:stormsCyclone,Storms Cyclone,0,TMA / PMO-DMD,Cyclone Hidaya 2024 + Lindi 1952 + Zanzibar 1872,documented cyclone/storm exposure overlay
TZ05,Morogoro,TZ0504,Ulanga,Hazard & Exposure,Natural hazards,hazard:volcano,Volcano,0,INFORM SADC 2024,INFORM Sub-national SADC 2024,baseline
TZ05,Morogoro,TZ0504,Ulanga,Hazard & Exposure,Natural hazards,hazard:wildfire,Wildfire,6.1,INFORM SADC 2024,INFORM Sub-national SADC 2024,baseline
TZ05,Morogoro,TZ0504,Ulanga,Hazard & Exposure,Human hazards,hazard:conflictIntensity,Conflict Intensity,0,INFORM SADC 2024,INFORM Sub-national SADC 2024,baseline
TZ05,Morogoro,TZ0504,Ulanga,Hazard & Exposure,Human hazards,hazard:conflictRisk,Conflict Risk,0.7,INFORM SADC 2024,INFORM Sub-national SADC 2024,baseline
TZ05,Morogoro,TZ0504,Ulanga,Hazard & Exposure,Human hazards,hazard:internalViolence,Internal Violence,7.05,INFORM SADC 2024,INFORM Sub-national SADC 2024,baseline
TZ05,Morogoro,TZ0504,Ulanga,Vulnerability,Socio-economic,vulnerability:developmentPoverty,Development Poverty,5.675,NBS,Household Budget Survey 2017/18,poverty headcount
TZ05,Morogoro,TZ0504,Ulanga,Vulnerability,Socio-economic,vulnerability:economicDependency,Economic Dependency,3.2,INFORM SADC 2024,INFORM Sub-national SADC 2024,baseline
TZ05,Morogoro,TZ0504,Ulanga,Vulnerability,Socio-economic,vulnerability:habitat,Habitat,5.55,INFORM SADC 2024,INFORM Sub-national SADC 2024,baseline
TZ05,Morogoro,TZ0504,Ulanga,Vulnerability,Socio-economic,vulnerability:livelihoods,Livelihoods,0,MUCHALI / IPC (MoA),IPC acute food-insecurity rounds,food-insecurity phase
TZ05,Morogoro,TZ0504,Ulanga,Vulnerability,Vulnerable groups,vulnerability:displacedPeople,Displaced People,0,INFORM SADC 2024,INFORM Sub-national SADC 2024,baseline
TZ05,Morogoro,TZ0504,Ulanga,Vulnerability,Vulnerable groups,vulnerability:healthConditions,Health Conditions,3.633333333,INFORM SADC 2024,INFORM Sub-national SADC 2024,baseline
TZ05,Morogoro,TZ0504,Ulanga,Vulnerability,Vulnerable groups,vulnerability:childrenHealthNutrition,Children Health Nutrition,3.05,MoH,TDHS 2022,under-5 stunting
TZ05,Morogoro,TZ0504,Ulanga,Lack of Coping Capacity,Infrastructure,coping:accessHealth,Access Health,4.9,MoH,2022 PHC health facilities,resource availability
TZ05,Morogoro,TZ0504,Ulanga,Lack of Coping Capacity,Infrastructure,coping:economicCapacity,Economic Capacity,8.8,INFORM SADC 2024,INFORM Sub-national SADC 2024,baseline
TZ05,Morogoro,TZ0504,Ulanga,Lack of Coping Capacity,Infrastructure,coping:wash,Wash,7,MoW,2022 PHC water points & boreholes,"resource availability, rank 2-8"
TZ05,Morogoro,TZ0504,Ulanga,Lack of Coping Capacity,Infrastructure,coping:communication,Communication,7.8,INFORM SADC 2024,INFORM Sub-national SADC 2024,baseline
TZ05,Morogoro,TZ0504,Ulanga,Lack of Coping Capacity,Infrastructure,coping:education,Education,5.4,NBS / MoH,2022 PHC schools,resource availability
TZ05,Morogoro,TZ0504,Ulanga,Lack of Coping Capacity,Institutional,coping:drrImplementation,Drr Implementation,6.5,PMO-DMD / DRR Coordinator,EPRP / EOCC / Anticipatory-Action records,DRM investment overlay
TZ05,Morogoro,TZ0504,Ulanga,Lack of Coping Capacity,Institutional,coping:governance,Governance,3.8,PMO-DMD,INFORM SADC governance,baseline
TZ05,Morogoro,TZ0505,Morogoro Urban,Hazard & Exposure,Natural hazards,hazard:coastalHazards,Coastal Hazards,0,TMA / PMO-DMD,coastal strip,documented overlay
TZ05,Morogoro,TZ0505,Morogoro Urban,Hazard & Exposure,Natural hazards,hazard:drought,Drought,0.7,TMA / MoA,CHIRPS v3 1991-2024 + ERA5 t2m,"aridity+variability+SPEI+growing-season, min-max"
TZ05,Morogoro,TZ0505,Morogoro Urban,Hazard & Exposure,Natural hazards,hazard:earthquake,Earthquake,0,INFORM SADC,INFORM seismic,baseline
TZ05,Morogoro,TZ0505,Morogoro Urban,Hazard & Exposure,Natural hazards,hazard:environmentalDegradation,Environmental Degradation,4.75,INFORM SADC 2024,INFORM Sub-national SADC 2024,baseline
TZ05,Morogoro,TZ0505,Morogoro Urban,Hazard & Exposure,Natural hazards,hazard:flood,Flood,0,PMO-DMD / TMA / MoW,CHIRPS v3 daily + recorded floods,"max(hazard, sqrt(hazard×exposure))"
TZ05,Morogoro,TZ0505,Morogoro Urban,Hazard & Exposure,Natural hazards,hazard:landslide,Landslide,4.8,TMA / PMO-DMD,documented rainfall-triggered events,documented overlay
TZ05,Morogoro,TZ0505,Morogoro Urban,Hazard & Exposure,Natural hazards,hazard:stormsCyclone,Storms Cyclone,0,TMA / PMO-DMD,Cyclone Hidaya 2024 + Lindi 1952 + Zanzibar 1872,documented cyclone/storm exposure overlay
TZ05,Morogoro,TZ0505,Morogoro Urban,Hazard & Exposure,Natural hazards,hazard:volcano,Volcano,0,INFORM SADC 2024,INFORM Sub-national SADC 2024,baseline
TZ05,Morogoro,TZ0505,Morogoro Urban,Hazard & Exposure,Natural hazards,hazard:wildfire,Wildfire,6.1,INFORM SADC 2024,INFORM Sub-national SADC 2024,baseline
TZ05,Morogoro,TZ0505,Morogoro Urban,Hazard & Exposure,Human hazards,hazard:conflictIntensity,Conflict Intensity,0,INFORM SADC 2024,INFORM Sub-national SADC 2024,baseline
TZ05,Morogoro,TZ0505,Morogoro Urban,Hazard & Exposure,Human hazards,hazard:conflictRisk,Conflict Risk,0.7,INFORM SADC 2024,INFORM Sub-national SADC 2024,baseline
TZ05,Morogoro,TZ0505,Morogoro Urban,Hazard & Exposure,Human hazards,hazard:internalViolence,Internal Violence,7.05,INFORM SADC 2024,INFORM Sub-national SADC 2024,baseline
TZ05,Morogoro,TZ0505,Morogoro Urban,Vulnerability,Socio-economic,vulnerability:developmentPoverty,Development Poverty,5.675,NBS,Household Budget Survey 2017/18,poverty headcount
TZ05,Morogoro,TZ0505,Morogoro Urban,Vulnerability,Socio-economic,vulnerability:economicDependency,Economic Dependency,3.2,INFORM SADC 2024,INFORM Sub-national SADC 2024,baseline
TZ05,Morogoro,TZ0505,Morogoro Urban,Vulnerability,Socio-economic,vulnerability:habitat,Habitat,5.55,INFORM SADC 2024,INFORM Sub-national SADC 2024,baseline
TZ05,Morogoro,TZ0505,Morogoro Urban,Vulnerability,Socio-economic,vulnerability:livelihoods,Livelihoods,0,MUCHALI / IPC (MoA),IPC acute food-insecurity rounds,food-insecurity phase
TZ05,Morogoro,TZ0505,Morogoro Urban,Vulnerability,Vulnerable groups,vulnerability:displacedPeople,Displaced People,0,INFORM SADC 2024,INFORM Sub-national SADC 2024,baseline
TZ05,Morogoro,TZ0505,Morogoro Urban,Vulnerability,Vulnerable groups,vulnerability:healthConditions,Health Conditions,3.633333333,INFORM SADC 2024,INFORM Sub-national SADC 2024,baseline
TZ05,Morogoro,TZ0505,Morogoro Urban,Vulnerability,Vulnerable groups,vulnerability:childrenHealthNutrition,Children Health Nutrition,3.05,MoH,TDHS 2022,under-5 stunting
TZ05,Morogoro,TZ0505,Morogoro Urban,Lack of Coping Capacity,Infrastructure,coping:accessHealth,Access Health,4.9,MoH,2022 PHC health facilities,resource availability
TZ05,Morogoro,TZ0505,Morogoro Urban,Lack of Coping Capacity,Infrastructure,coping:economicCapacity,Economic Capacity,8.8,INFORM SADC 2024,INFORM Sub-national SADC 2024,baseline
TZ05,Morogoro,TZ0505,Morogoro Urban,Lack of Coping Capacity,Infrastructure,coping:wash,Wash,7,MoW,2022 PHC water points & boreholes,"resource availability, rank 2-8"
TZ05,Morogoro,TZ0505,Morogoro Urban,Lack of Coping Capacity,Infrastructure,coping:communication,Communication,7.8,INFORM SADC 2024,INFORM Sub-national SADC 2024,baseline
TZ05,Morogoro,TZ0505,Morogoro Urban,Lack of Coping Capacity,Infrastructure,coping:education,Education,5.4,NBS / MoH,2022 PHC schools,resource availability
TZ05,Morogoro,TZ0505,Morogoro Urban,Lack of Coping Capacity,Institutional,coping:drrImplementation,Drr Implementation,6.5,PMO-DMD / DRR Coordinator,EPRP / EOCC / Anticipatory-Action records,DRM investment overlay
TZ05,Morogoro,TZ0505,Morogoro Urban,Lack of Coping Capacity,Institutional,coping:governance,Governance,3.8,PMO-DMD,INFORM SADC governance,baseline
TZ05,Morogoro,TZ0506,Mvomero,Hazard & Exposure,Exposure,hazard:exposure,Population Exposure,3.22,NBS,2022 PHC population,"population density, log min-max"
TZ05,Morogoro,TZ0506,Mvomero,Hazard & Exposure,Natural hazards,hazard:coastalHazards,Coastal Hazards,0,TMA / PMO-DMD,coastal strip,documented overlay
TZ05,Morogoro,TZ0506,Mvomero,Hazard & Exposure,Natural hazards,hazard:drought,Drought,5.7,TMA / MoA,CHIRPS v3 1991-2024 + ERA5 t2m,"aridity+variability+SPEI+growing-season, min-max"
TZ05,Morogoro,TZ0506,Mvomero,Hazard & Exposure,Natural hazards,hazard:earthquake,Earthquake,3.2,INFORM SADC,INFORM seismic,baseline
TZ05,Morogoro,TZ0506,Mvomero,Hazard & Exposure,Natural hazards,hazard:environmentalDegradation,Environmental Degradation,5.25,INFORM SADC 2024,INFORM Sub-national SADC 2024,baseline
TZ05,Morogoro,TZ0506,Mvomero,Hazard & Exposure,Natural hazards,hazard:flood,Flood,7.2,PMO-DMD / TMA / MoW,CHIRPS v3 daily + recorded floods,"max(hazard, sqrt(hazard×exposure))"
TZ05,Morogoro,TZ0506,Mvomero,Hazard & Exposure,Natural hazards,hazard:landslide,Landslide,7.9,TMA / PMO-DMD,documented rainfall-triggered events,documented overlay
TZ05,Morogoro,TZ0506,Mvomero,Hazard & Exposure,Natural hazards,hazard:stormsCyclone,Storms Cyclone,0,TMA / PMO-DMD,Cyclone Hidaya 2024 + Lindi 1952 + Zanzibar 1872,documented cyclone/storm exposure overlay
TZ05,Morogoro,TZ0506,Mvomero,Hazard & Exposure,Natural hazards,hazard:volcano,Volcano,0,INFORM SADC 2024,INFORM Sub-national SADC 2024,baseline
TZ05,Morogoro,TZ0506,Mvomero,Hazard & Exposure,Natural hazards,hazard:wildfire,Wildfire,6.1,INFORM SADC 2024,INFORM Sub-national SADC 2024,baseline
TZ05,Morogoro,TZ0506,Mvomero,Hazard & Exposure,Human hazards,hazard:conflictIntensity,Conflict Intensity,0,INFORM SADC 2024,INFORM Sub-national SADC 2024,baseline
TZ05,Morogoro,TZ0506,Mvomero,Hazard & Exposure,Human hazards,hazard:conflictRisk,Conflict Risk,0.7,INFORM SADC 2024,INFORM Sub-national SADC 2024,baseline
TZ05,Morogoro,TZ0506,Mvomero,Hazard & Exposure,Human hazards,hazard:internalViolence,Internal Violence,7.05,INFORM SADC 2024,INFORM Sub-national SADC 2024,baseline
TZ05,Morogoro,TZ0506,Mvomero,Vulnerability,Socio-economic,vulnerability:developmentPoverty,Development Poverty,5.675,NBS,Household Budget Survey 2017/18,poverty headcount
TZ05,Morogoro,TZ0506,Mvomero,Vulnerability,Socio-economic,vulnerability:economicDependency,Economic Dependency,3.2,INFORM SADC 2024,INFORM Sub-national SADC 2024,baseline
TZ05,Morogoro,TZ0506,Mvomero,Vulnerability,Socio-economic,vulnerability:habitat,Habitat,5.55,INFORM SADC 2024,INFORM Sub-national SADC 2024,baseline
TZ05,Morogoro,TZ0506,Mvomero,Vulnerability,Socio-economic,vulnerability:livelihoods,Livelihoods,0,MUCHALI / IPC (MoA),IPC acute food-insecurity rounds,food-insecurity phase
TZ05,Morogoro,TZ0506,Mvomero,Vulnerability,Vulnerable groups,vulnerability:displacedPeople,Displaced People,0,INFORM SADC 2024,INFORM Sub-national SADC 2024,baseline
TZ05,Morogoro,TZ0506,Mvomero,Vulnerability,Vulnerable groups,vulnerability:healthConditions,Health Conditions,3.633333333,INFORM SADC 2024,INFORM Sub-national SADC 2024,baseline
TZ05,Morogoro,TZ0506,Mvomero,Vulnerability,Vulnerable groups,vulnerability:childrenHealthNutrition,Children Health Nutrition,3.05,MoH,TDHS 2022,under-5 stunting
TZ05,Morogoro,TZ0506,Mvomero,Lack of Coping Capacity,Infrastructure,coping:accessHealth,Access Health,4.9,MoH,2022 PHC health facilities,resource availability
TZ05,Morogoro,TZ0506,Mvomero,Lack of Coping Capacity,Infrastructure,coping:economicCapacity,Economic Capacity,8.8,INFORM SADC 2024,INFORM Sub-national SADC 2024,baseline
TZ05,Morogoro,TZ0506,Mvomero,Lack of Coping Capacity,Infrastructure,coping:wash,Wash,3.5,MoW,2022 PHC water points & boreholes,"resource availability, rank 2-8"
TZ05,Morogoro,TZ0506,Mvomero,Lack of Coping Capacity,Infrastructure,coping:communication,Communication,7.8,INFORM SADC 2024,INFORM Sub-national SADC 2024,baseline
TZ05,Morogoro,TZ0506,Mvomero,Lack of Coping Capacity,Infrastructure,coping:education,Education,5.4,NBS / MoH,2022 PHC schools,resource availability
TZ05,Morogoro,TZ0506,Mvomero,Lack of Coping Capacity,Institutional,coping:drrImplementation,Drr Implementation,6.5,PMO-DMD / DRR Coordinator,EPRP / EOCC / Anticipatory-Action records,DRM investment overlay
TZ05,Morogoro,TZ0506,Mvomero,Lack of Coping Capacity,Institutional,coping:governance,Governance,3.8,PMO-DMD,INFORM SADC governance,baseline
TZ05,Morogoro,TZ0507,Gairo,Hazard & Exposure,Exposure,hazard:exposure,Population Exposure,4.24,NBS,2022 PHC population,"population density, log min-max"
TZ05,Morogoro,TZ0507,Gairo,Hazard & Exposure,Natural hazards,hazard:coastalHazards,Coastal Hazards,0,TMA / PMO-DMD,coastal strip,documented overlay
TZ05,Morogoro,TZ0507,Gairo,Hazard & Exposure,Natural hazards,hazard:drought,Drought,6.7,TMA / MoA,CHIRPS v3 1991-2024 + ERA5 t2m,"aridity+variability+SPEI+growing-season, min-max"
TZ05,Morogoro,TZ0507,Gairo,Hazard & Exposure,Natural hazards,hazard:earthquake,Earthquake,0.1,INFORM SADC,INFORM seismic,baseline
TZ05,Morogoro,TZ0507,Gairo,Hazard & Exposure,Natural hazards,hazard:environmentalDegradation,Environmental Degradation,5.35,INFORM SADC 2024,INFORM Sub-national SADC 2024,baseline
TZ05,Morogoro,TZ0507,Gairo,Hazard & Exposure,Natural hazards,hazard:flood,Flood,7,PMO-DMD / TMA / MoW,CHIRPS v3 daily + recorded floods,"max(hazard, sqrt(hazard×exposure))"
TZ05,Morogoro,TZ0507,Gairo,Hazard & Exposure,Natural hazards,hazard:landslide,Landslide,6.8,TMA / PMO-DMD,documented rainfall-triggered events,documented overlay
TZ05,Morogoro,TZ0507,Gairo,Hazard & Exposure,Natural hazards,hazard:stormsCyclone,Storms Cyclone,0,TMA / PMO-DMD,Cyclone Hidaya 2024 + Lindi 1952 + Zanzibar 1872,documented cyclone/storm exposure overlay
TZ05,Morogoro,TZ0507,Gairo,Hazard & Exposure,Natural hazards,hazard:volcano,Volcano,0,INFORM SADC 2024,INFORM Sub-national SADC 2024,baseline
TZ05,Morogoro,TZ0507,Gairo,Hazard & Exposure,Natural hazards,hazard:wildfire,Wildfire,6.1,INFORM SADC 2024,INFORM Sub-national SADC 2024,baseline
TZ05,Morogoro,TZ0507,Gairo,Hazard & Exposure,Human hazards,hazard:conflictIntensity,Conflict Intensity,0,INFORM SADC 2024,INFORM Sub-national SADC 2024,baseline
TZ05,Morogoro,TZ0507,Gairo,Hazard & Exposure,Human hazards,hazard:conflictRisk,Conflict Risk,0.7,INFORM SADC 2024,INFORM Sub-national SADC 2024,baseline
TZ05,Morogoro,TZ0507,Gairo,Hazard & Exposure,Human hazards,hazard:internalViolence,Internal Violence,7.05,INFORM SADC 2024,INFORM Sub-national SADC 2024,baseline
TZ05,Morogoro,TZ0507,Gairo,Vulnerability,Socio-economic,vulnerability:developmentPoverty,Development Poverty,5.675,NBS,Household Budget Survey 2017/18,poverty headcount
TZ05,Morogoro,TZ0507,Gairo,Vulnerability,Socio-economic,vulnerability:economicDependency,Economic Dependency,3.2,INFORM SADC 2024,INFORM Sub-national SADC 2024,baseline
TZ05,Morogoro,TZ0507,Gairo,Vulnerability,Socio-economic,vulnerability:habitat,Habitat,5.55,INFORM SADC 2024,INFORM Sub-national SADC 2024,baseline
TZ05,Morogoro,TZ0507,Gairo,Vulnerability,Socio-economic,vulnerability:livelihoods,Livelihoods,0,MUCHALI / IPC (MoA),IPC acute food-insecurity rounds,food-insecurity phase
TZ05,Morogoro,TZ0507,Gairo,Vulnerability,Vulnerable groups,vulnerability:displacedPeople,Displaced People,0,INFORM SADC 2024,INFORM Sub-national SADC 2024,baseline
TZ05,Morogoro,TZ0507,Gairo,Vulnerability,Vulnerable groups,vulnerability:healthConditions,Health Conditions,3.633333333,INFORM SADC 2024,INFORM Sub-national SADC 2024,baseline
TZ05,Morogoro,TZ0507,Gairo,Vulnerability,Vulnerable groups,vulnerability:childrenHealthNutrition,Children Health Nutrition,3.05,MoH,TDHS 2022,under-5 stunting
TZ05,Morogoro,TZ0507,Gairo,Lack of Coping Capacity,Infrastructure,coping:accessHealth,Access Health,4.9,MoH,2022 PHC health facilities,resource availability
TZ05,Morogoro,TZ0507,Gairo,Lack of Coping Capacity,Infrastructure,coping:economicCapacity,Economic Capacity,8.8,INFORM SADC 2024,INFORM Sub-national SADC 2024,baseline
TZ05,Morogoro,TZ0507,Gairo,Lack of Coping Capacity,Infrastructure,coping:wash,Wash,6.3,MoW,2022 PHC water points & boreholes,"resource availability, rank 2-8"
TZ05,Morogoro,TZ0507,Gairo,Lack of Coping Capacity,Infrastructure,coping:communication,Communication,7.8,INFORM SADC 2024,INFORM Sub-national SADC 2024,baseline
TZ05,Morogoro,TZ0507,Gairo,Lack of Coping Capacity,Infrastructure,coping:education,Education,5.4,NBS / MoH,2022 PHC schools,resource availability
TZ05,Morogoro,TZ0507,Gairo,Lack of Coping Capacity,Institutional,coping:drrImplementation,Drr Implementation,6.5,PMO-DMD / DRR Coordinator,EPRP / EOCC / Anticipatory-Action records,DRM investment overlay
TZ05,Morogoro,TZ0507,Gairo,Lack of Coping Capacity,Institutional,coping:governance,Governance,3.8,PMO-DMD,INFORM SADC governance,baseline
TZ06,Pwani,TZ0601,Bagamoyo,Hazard & Exposure,Exposure,hazard:exposure,Population Exposure,2.22,NBS,2022 PHC population,"population density, log min-max"
TZ06,Pwani,TZ0601,Bagamoyo,Hazard & Exposure,Natural hazards,hazard:coastalHazards,Coastal Hazards,7.5,TMA / PMO-DMD,coastal strip,documented overlay
TZ06,Pwani,TZ0601,Bagamoyo,Hazard & Exposure,Natural hazards,hazard:drought,Drought,5.6,TMA / MoA,CHIRPS v3 1991-2024 + ERA5 t2m,"aridity+variability+SPEI+growing-season, min-max"
TZ06,Pwani,TZ0601,Bagamoyo,Hazard & Exposure,Natural hazards,hazard:earthquake,Earthquake,0,INFORM SADC,INFORM seismic,baseline
TZ06,Pwani,TZ0601,Bagamoyo,Hazard & Exposure,Natural hazards,hazard:environmentalDegradation,Environmental Degradation,5.35,INFORM SADC 2024,INFORM Sub-national SADC 2024,baseline
TZ06,Pwani,TZ0601,Bagamoyo,Hazard & Exposure,Natural hazards,hazard:flood,Flood,7,PMO-DMD / TMA / MoW,CHIRPS v3 daily + recorded floods,"max(hazard, sqrt(hazard×exposure))"
TZ06,Pwani,TZ0601,Bagamoyo,Hazard & Exposure,Natural hazards,hazard:landslide,Landslide,1.1,TMA / PMO-DMD,documented rainfall-triggered events,documented overlay
TZ06,Pwani,TZ0601,Bagamoyo,Hazard & Exposure,Natural hazards,hazard:stormsCyclone,Storms Cyclone,6,TMA / PMO-DMD,Cyclone Hidaya 2024 + Lindi 1952 + Zanzibar 1872,documented cyclone/storm exposure overlay
TZ06,Pwani,TZ0601,Bagamoyo,Hazard & Exposure,Natural hazards,hazard:volcano,Volcano,0,INFORM SADC 2024,INFORM Sub-national SADC 2024,baseline
TZ06,Pwani,TZ0601,Bagamoyo,Hazard & Exposure,Natural hazards,hazard:wildfire,Wildfire,4.5,INFORM SADC 2024,INFORM Sub-national SADC 2024,baseline
TZ06,Pwani,TZ0601,Bagamoyo,Hazard & Exposure,Human hazards,hazard:conflictIntensity,Conflict Intensity,0,INFORM SADC 2024,INFORM Sub-national SADC 2024,baseline
TZ06,Pwani,TZ0601,Bagamoyo,Hazard & Exposure,Human hazards,hazard:conflictRisk,Conflict Risk,0.7,INFORM SADC 2024,INFORM Sub-national SADC 2024,baseline
TZ06,Pwani,TZ0601,Bagamoyo,Hazard & Exposure,Human hazards,hazard:internalViolence,Internal Violence,6.8,INFORM SADC 2024,INFORM Sub-national SADC 2024,baseline
TZ06,Pwani,TZ0601,Bagamoyo,Vulnerability,Socio-economic,vulnerability:developmentPoverty,Development Poverty,6.425,NBS,Household Budget Survey 2017/18,poverty headcount
TZ06,Pwani,TZ0601,Bagamoyo,Vulnerability,Socio-economic,vulnerability:economicDependency,Economic Dependency,3.466666667,INFORM SADC 2024,INFORM Sub-national SADC 2024,baseline
TZ06,Pwani,TZ0601,Bagamoyo,Vulnerability,Socio-economic,vulnerability:habitat,Habitat,5.75,INFORM SADC 2024,INFORM Sub-national SADC 2024,baseline
TZ06,Pwani,TZ0601,Bagamoyo,Vulnerability,Socio-economic,vulnerability:livelihoods,Livelihoods,0,MUCHALI / IPC (MoA),IPC acute food-insecurity rounds,food-insecurity phase
TZ06,Pwani,TZ0601,Bagamoyo,Vulnerability,Vulnerable groups,vulnerability:displacedPeople,Displaced People,0,INFORM SADC 2024,INFORM Sub-national SADC 2024,baseline
TZ06,Pwani,TZ0601,Bagamoyo,Vulnerability,Vulnerable groups,vulnerability:healthConditions,Health Conditions,4.733333333,INFORM SADC 2024,INFORM Sub-national SADC 2024,baseline
TZ06,Pwani,TZ0601,Bagamoyo,Vulnerability,Vulnerable groups,vulnerability:childrenHealthNutrition,Children Health Nutrition,6.35,MoH,TDHS 2022,under-5 stunting
TZ06,Pwani,TZ0601,Bagamoyo,Lack of Coping Capacity,Infrastructure,coping:accessHealth,Access Health,5.32,MoH,2022 PHC health facilities,resource availability
TZ06,Pwani,TZ0601,Bagamoyo,Lack of Coping Capacity,Infrastructure,coping:economicCapacity,Economic Capacity,8.666666667,INFORM SADC 2024,INFORM Sub-national SADC 2024,baseline
TZ06,Pwani,TZ0601,Bagamoyo,Lack of Coping Capacity,Infrastructure,coping:wash,Wash,2.8,MoW,2022 PHC water points & boreholes,"resource availability, rank 2-8"
TZ06,Pwani,TZ0601,Bagamoyo,Lack of Coping Capacity,Infrastructure,coping:communication,Communication,5.95,INFORM SADC 2024,INFORM Sub-national SADC 2024,baseline
TZ06,Pwani,TZ0601,Bagamoyo,Lack of Coping Capacity,Infrastructure,coping:education,Education,6,NBS / MoH,2022 PHC schools,resource availability
TZ06,Pwani,TZ0601,Bagamoyo,Lack of Coping Capacity,Institutional,coping:drrImplementation,Drr Implementation,6.5,PMO-DMD / DRR Coordinator,EPRP / EOCC / Anticipatory-Action records,DRM investment overlay
TZ06,Pwani,TZ0601,Bagamoyo,Lack of Coping Capacity,Institutional,coping:governance,Governance,4.2,PMO-DMD,INFORM SADC governance,baseline
TZ06,Pwani,TZ0602,Kibaha,Hazard & Exposure,Exposure,hazard:exposure,Population Exposure,4.58,NBS,2022 PHC population,"population density, log min-max"
TZ06,Pwani,TZ0602,Kibaha,Hazard & Exposure,Natural hazards,hazard:coastalHazards,Coastal Hazards,0,TMA / PMO-DMD,coastal strip,documented overlay
TZ06,Pwani,TZ0602,Kibaha,Hazard & Exposure,Natural hazards,hazard:drought,Drought,6.4,TMA / MoA,CHIRPS v3 1991-2024 + ERA5 t2m,"aridity+variability+SPEI+growing-season, min-max"
TZ06,Pwani,TZ0602,Kibaha,Hazard & Exposure,Natural hazards,hazard:earthquake,Earthquake,0,INFORM SADC,INFORM seismic,baseline
TZ06,Pwani,TZ0602,Kibaha,Hazard & Exposure,Natural hazards,hazard:environmentalDegradation,Environmental Degradation,5.65,INFORM SADC 2024,INFORM Sub-national SADC 2024,baseline
TZ06,Pwani,TZ0602,Kibaha,Hazard & Exposure,Natural hazards,hazard:flood,Flood,6.8,PMO-DMD / TMA / MoW,CHIRPS v3 daily + recorded floods,"max(hazard, sqrt(hazard×exposure))"
TZ06,Pwani,TZ0602,Kibaha,Hazard & Exposure,Natural hazards,hazard:landslide,Landslide,0,TMA / PMO-DMD,documented rainfall-triggered events,documented overlay
TZ06,Pwani,TZ0602,Kibaha,Hazard & Exposure,Natural hazards,hazard:stormsCyclone,Storms Cyclone,3,TMA / PMO-DMD,Cyclone Hidaya 2024 + Lindi 1952 + Zanzibar 1872,documented cyclone/storm exposure overlay
TZ06,Pwani,TZ0602,Kibaha,Hazard & Exposure,Natural hazards,hazard:volcano,Volcano,0,INFORM SADC 2024,INFORM Sub-national SADC 2024,baseline
TZ06,Pwani,TZ0602,Kibaha,Hazard & Exposure,Natural hazards,hazard:wildfire,Wildfire,4.5,INFORM SADC 2024,INFORM Sub-national SADC 2024,baseline
TZ06,Pwani,TZ0602,Kibaha,Hazard & Exposure,Human hazards,hazard:conflictIntensity,Conflict Intensity,0,INFORM SADC 2024,INFORM Sub-national SADC 2024,baseline
TZ06,Pwani,TZ0602,Kibaha,Hazard & Exposure,Human hazards,hazard:conflictRisk,Conflict Risk,0.7,INFORM SADC 2024,INFORM Sub-national SADC 2024,baseline
TZ06,Pwani,TZ0602,Kibaha,Hazard & Exposure,Human hazards,hazard:internalViolence,Internal Violence,6.8,INFORM SADC 2024,INFORM Sub-national SADC 2024,baseline
TZ06,Pwani,TZ0602,Kibaha,Vulnerability,Socio-economic,vulnerability:developmentPoverty,Development Poverty,6.425,NBS,Household Budget Survey 2017/18,poverty headcount
TZ06,Pwani,TZ0602,Kibaha,Vulnerability,Socio-economic,vulnerability:economicDependency,Economic Dependency,3.466666667,INFORM SADC 2024,INFORM Sub-national SADC 2024,baseline
TZ06,Pwani,TZ0602,Kibaha,Vulnerability,Socio-economic,vulnerability:habitat,Habitat,5.75,INFORM SADC 2024,INFORM Sub-national SADC 2024,baseline
TZ06,Pwani,TZ0602,Kibaha,Vulnerability,Socio-economic,vulnerability:livelihoods,Livelihoods,0,MUCHALI / IPC (MoA),IPC acute food-insecurity rounds,food-insecurity phase
TZ06,Pwani,TZ0602,Kibaha,Vulnerability,Vulnerable groups,vulnerability:displacedPeople,Displaced People,0,INFORM SADC 2024,INFORM Sub-national SADC 2024,baseline
TZ06,Pwani,TZ0602,Kibaha,Vulnerability,Vulnerable groups,vulnerability:healthConditions,Health Conditions,4.733333333,INFORM SADC 2024,INFORM Sub-national SADC 2024,baseline
TZ06,Pwani,TZ0602,Kibaha,Vulnerability,Vulnerable groups,vulnerability:childrenHealthNutrition,Children Health Nutrition,6.35,MoH,TDHS 2022,under-5 stunting
TZ06,Pwani,TZ0602,Kibaha,Lack of Coping Capacity,Infrastructure,coping:accessHealth,Access Health,5.32,MoH,2022 PHC health facilities,resource availability
TZ06,Pwani,TZ0602,Kibaha,Lack of Coping Capacity,Infrastructure,coping:economicCapacity,Economic Capacity,8.666666667,INFORM SADC 2024,INFORM Sub-national SADC 2024,baseline
TZ06,Pwani,TZ0602,Kibaha,Lack of Coping Capacity,Infrastructure,coping:wash,Wash,7.2,MoW,2022 PHC water points & boreholes,"resource availability, rank 2-8"
TZ06,Pwani,TZ0602,Kibaha,Lack of Coping Capacity,Infrastructure,coping:communication,Communication,5.95,INFORM SADC 2024,INFORM Sub-national SADC 2024,baseline
TZ06,Pwani,TZ0602,Kibaha,Lack of Coping Capacity,Infrastructure,coping:education,Education,6,NBS / MoH,2022 PHC schools,resource availability
TZ06,Pwani,TZ0602,Kibaha,Lack of Coping Capacity,Institutional,coping:drrImplementation,Drr Implementation,6.5,PMO-DMD / DRR Coordinator,EPRP / EOCC / Anticipatory-Action records,DRM investment overlay
TZ06,Pwani,TZ0602,Kibaha,Lack of Coping Capacity,Institutional,coping:governance,Governance,4.2,PMO-DMD,INFORM SADC governance,baseline
TZ06,Pwani,TZ0603,Kisarawe,Hazard & Exposure,Exposure,hazard:exposure,Population Exposure,2.63,NBS,2022 PHC population,"population density, log min-max"
TZ06,Pwani,TZ0603,Kisarawe,Hazard & Exposure,Natural hazards,hazard:coastalHazards,Coastal Hazards,0,TMA / PMO-DMD,coastal strip,documented overlay
TZ06,Pwani,TZ0603,Kisarawe,Hazard & Exposure,Natural hazards,hazard:drought,Drought,6.5,TMA / MoA,CHIRPS v3 1991-2024 + ERA5 t2m,"aridity+variability+SPEI+growing-season, min-max"
TZ06,Pwani,TZ0603,Kisarawe,Hazard & Exposure,Natural hazards,hazard:earthquake,Earthquake,4,INFORM SADC,INFORM seismic,baseline
TZ06,Pwani,TZ0603,Kisarawe,Hazard & Exposure,Natural hazards,hazard:environmentalDegradation,Environmental Degradation,5.45,INFORM SADC 2024,INFORM Sub-national SADC 2024,baseline
TZ06,Pwani,TZ0603,Kisarawe,Hazard & Exposure,Natural hazards,hazard:flood,Flood,4.7,PMO-DMD / TMA / MoW,CHIRPS v3 daily + recorded floods,"max(hazard, sqrt(hazard×exposure))"
TZ06,Pwani,TZ0603,Kisarawe,Hazard & Exposure,Natural hazards,hazard:landslide,Landslide,1.7,TMA / PMO-DMD,documented rainfall-triggered events,documented overlay
TZ06,Pwani,TZ0603,Kisarawe,Hazard & Exposure,Natural hazards,hazard:stormsCyclone,Storms Cyclone,4,TMA / PMO-DMD,Cyclone Hidaya 2024 + Lindi 1952 + Zanzibar 1872,documented cyclone/storm exposure overlay
TZ06,Pwani,TZ0603,Kisarawe,Hazard & Exposure,Natural hazards,hazard:volcano,Volcano,0,INFORM SADC 2024,INFORM Sub-national SADC 2024,baseline
TZ06,Pwani,TZ0603,Kisarawe,Hazard & Exposure,Natural hazards,hazard:wildfire,Wildfire,4.5,INFORM SADC 2024,INFORM Sub-national SADC 2024,baseline
TZ06,Pwani,TZ0603,Kisarawe,Hazard & Exposure,Human hazards,hazard:conflictIntensity,Conflict Intensity,0,INFORM SADC 2024,INFORM Sub-national SADC 2024,baseline
TZ06,Pwani,TZ0603,Kisarawe,Hazard & Exposure,Human hazards,hazard:conflictRisk,Conflict Risk,0.7,INFORM SADC 2024,INFORM Sub-national SADC 2024,baseline
TZ06,Pwani,TZ0603,Kisarawe,Hazard & Exposure,Human hazards,hazard:internalViolence,Internal Violence,6.8,INFORM SADC 2024,INFORM Sub-national SADC 2024,baseline
TZ06,Pwani,TZ0603,Kisarawe,Vulnerability,Socio-economic,vulnerability:developmentPoverty,Development Poverty,6.425,NBS,Household Budget Survey 2017/18,poverty headcount
TZ06,Pwani,TZ0603,Kisarawe,Vulnerability,Socio-economic,vulnerability:economicDependency,Economic Dependency,3.466666667,INFORM SADC 2024,INFORM Sub-national SADC 2024,baseline
TZ06,Pwani,TZ0603,Kisarawe,Vulnerability,Socio-economic,vulnerability:habitat,Habitat,5.75,INFORM SADC 2024,INFORM Sub-national SADC 2024,baseline
TZ06,Pwani,TZ0603,Kisarawe,Vulnerability,Socio-economic,vulnerability:livelihoods,Livelihoods,0,MUCHALI / IPC (MoA),IPC acute food-insecurity rounds,food-insecurity phase
TZ06,Pwani,TZ0603,Kisarawe,Vulnerability,Vulnerable groups,vulnerability:displacedPeople,Displaced People,0,INFORM SADC 2024,INFORM Sub-national SADC 2024,baseline
TZ06,Pwani,TZ0603,Kisarawe,Vulnerability,Vulnerable groups,vulnerability:healthConditions,Health Conditions,4.733333333,INFORM SADC 2024,INFORM Sub-national SADC 2024,baseline
TZ06,Pwani,TZ0603,Kisarawe,Vulnerability,Vulnerable groups,vulnerability:childrenHealthNutrition,Children Health Nutrition,6.35,MoH,TDHS 2022,under-5 stunting
TZ06,Pwani,TZ0603,Kisarawe,Lack of Coping Capacity,Infrastructure,coping:accessHealth,Access Health,5.32,MoH,2022 PHC health facilities,resource availability
TZ06,Pwani,TZ0603,Kisarawe,Lack of Coping Capacity,Infrastructure,coping:economicCapacity,Economic Capacity,8.666666667,INFORM SADC 2024,INFORM Sub-national SADC 2024,baseline
TZ06,Pwani,TZ0603,Kisarawe,Lack of Coping Capacity,Infrastructure,coping:wash,Wash,6.8,MoW,2022 PHC water points & boreholes,"resource availability, rank 2-8"
TZ06,Pwani,TZ0603,Kisarawe,Lack of Coping Capacity,Infrastructure,coping:communication,Communication,5.95,INFORM SADC 2024,INFORM Sub-national SADC 2024,baseline
TZ06,Pwani,TZ0603,Kisarawe,Lack of Coping Capacity,Infrastructure,coping:education,Education,6,NBS / MoH,2022 PHC schools,resource availability
TZ06,Pwani,TZ0603,Kisarawe,Lack of Coping Capacity,Institutional,coping:drrImplementation,Drr Implementation,6.5,PMO-DMD / DRR Coordinator,EPRP / EOCC / Anticipatory-Action records,DRM investment overlay
TZ06,Pwani,TZ0603,Kisarawe,Lack of Coping Capacity,Institutional,coping:governance,Governance,4.2,PMO-DMD,INFORM SADC governance,baseline
TZ06,Pwani,TZ0604,Mkuranga,Hazard & Exposure,Exposure,hazard:exposure,Population Exposure,4.59,NBS,2022 PHC population,"population density, log min-max"
TZ06,Pwani,TZ0604,Mkuranga,Hazard & Exposure,Natural hazards,hazard:coastalHazards,Coastal Hazards,7.5,TMA / PMO-DMD,coastal strip,documented overlay
TZ06,Pwani,TZ0604,Mkuranga,Hazard & Exposure,Natural hazards,hazard:drought,Drought,6.7,TMA / MoA,CHIRPS v3 1991-2024 + ERA5 t2m,"aridity+variability+SPEI+growing-season, min-max"
TZ06,Pwani,TZ0604,Mkuranga,Hazard & Exposure,Natural hazards,hazard:earthquake,Earthquake,2.5,INFORM SADC,INFORM seismic,baseline
TZ06,Pwani,TZ0604,Mkuranga,Hazard & Exposure,Natural hazards,hazard:environmentalDegradation,Environmental Degradation,5.95,INFORM SADC 2024,INFORM Sub-national SADC 2024,baseline
TZ06,Pwani,TZ0604,Mkuranga,Hazard & Exposure,Natural hazards,hazard:flood,Flood,7,PMO-DMD / TMA / MoW,CHIRPS v3 daily + recorded floods,"max(hazard, sqrt(hazard×exposure))"
TZ06,Pwani,TZ0604,Mkuranga,Hazard & Exposure,Natural hazards,hazard:landslide,Landslide,1.8,TMA / PMO-DMD,documented rainfall-triggered events,documented overlay
TZ06,Pwani,TZ0604,Mkuranga,Hazard & Exposure,Natural hazards,hazard:stormsCyclone,Storms Cyclone,6,TMA / PMO-DMD,Cyclone Hidaya 2024 + Lindi 1952 + Zanzibar 1872,documented cyclone/storm exposure overlay
TZ06,Pwani,TZ0604,Mkuranga,Hazard & Exposure,Natural hazards,hazard:volcano,Volcano,0,INFORM SADC 2024,INFORM Sub-national SADC 2024,baseline
TZ06,Pwani,TZ0604,Mkuranga,Hazard & Exposure,Natural hazards,hazard:wildfire,Wildfire,4.5,INFORM SADC 2024,INFORM Sub-national SADC 2024,baseline
TZ06,Pwani,TZ0604,Mkuranga,Hazard & Exposure,Human hazards,hazard:conflictIntensity,Conflict Intensity,0,INFORM SADC 2024,INFORM Sub-national SADC 2024,baseline
TZ06,Pwani,TZ0604,Mkuranga,Hazard & Exposure,Human hazards,hazard:conflictRisk,Conflict Risk,0.7,INFORM SADC 2024,INFORM Sub-national SADC 2024,baseline
TZ06,Pwani,TZ0604,Mkuranga,Hazard & Exposure,Human hazards,hazard:internalViolence,Internal Violence,6.8,INFORM SADC 2024,INFORM Sub-national SADC 2024,baseline
TZ06,Pwani,TZ0604,Mkuranga,Vulnerability,Socio-economic,vulnerability:developmentPoverty,Development Poverty,6.425,NBS,Household Budget Survey 2017/18,poverty headcount
TZ06,Pwani,TZ0604,Mkuranga,Vulnerability,Socio-economic,vulnerability:economicDependency,Economic Dependency,3.466666667,INFORM SADC 2024,INFORM Sub-national SADC 2024,baseline
TZ06,Pwani,TZ0604,Mkuranga,Vulnerability,Socio-economic,vulnerability:habitat,Habitat,5.75,INFORM SADC 2024,INFORM Sub-national SADC 2024,baseline
TZ06,Pwani,TZ0604,Mkuranga,Vulnerability,Socio-economic,vulnerability:livelihoods,Livelihoods,0,MUCHALI / IPC (MoA),IPC acute food-insecurity rounds,food-insecurity phase
TZ06,Pwani,TZ0604,Mkuranga,Vulnerability,Vulnerable groups,vulnerability:displacedPeople,Displaced People,0,INFORM SADC 2024,INFORM Sub-national SADC 2024,baseline
TZ06,Pwani,TZ0604,Mkuranga,Vulnerability,Vulnerable groups,vulnerability:healthConditions,Health Conditions,4.733333333,INFORM SADC 2024,INFORM Sub-national SADC 2024,baseline
TZ06,Pwani,TZ0604,Mkuranga,Vulnerability,Vulnerable groups,vulnerability:childrenHealthNutrition,Children Health Nutrition,6.35,MoH,TDHS 2022,under-5 stunting
TZ06,Pwani,TZ0604,Mkuranga,Lack of Coping Capacity,Infrastructure,coping:accessHealth,Access Health,5.32,MoH,2022 PHC health facilities,resource availability
TZ06,Pwani,TZ0604,Mkuranga,Lack of Coping Capacity,Infrastructure,coping:economicCapacity,Economic Capacity,8.666666667,INFORM SADC 2024,INFORM Sub-national SADC 2024,baseline
TZ06,Pwani,TZ0604,Mkuranga,Lack of Coping Capacity,Infrastructure,coping:wash,Wash,4.2,MoW,2022 PHC water points & boreholes,"resource availability, rank 2-8"
TZ06,Pwani,TZ0604,Mkuranga,Lack of Coping Capacity,Infrastructure,coping:communication,Communication,5.95,INFORM SADC 2024,INFORM Sub-national SADC 2024,baseline
TZ06,Pwani,TZ0604,Mkuranga,Lack of Coping Capacity,Infrastructure,coping:education,Education,6,NBS / MoH,2022 PHC schools,resource availability
TZ06,Pwani,TZ0604,Mkuranga,Lack of Coping Capacity,Institutional,coping:drrImplementation,Drr Implementation,6.5,PMO-DMD / DRR Coordinator,EPRP / EOCC / Anticipatory-Action records,DRM investment overlay
TZ06,Pwani,TZ0604,Mkuranga,Lack of Coping Capacity,Institutional,coping:governance,Governance,4.2,PMO-DMD,INFORM SADC governance,baseline
TZ06,Pwani,TZ0605,Rufiji,Hazard & Exposure,Exposure,hazard:exposure,Population Exposure,1.81,NBS,2022 PHC population,"population density, log min-max"
TZ06,Pwani,TZ0605,Rufiji,Hazard & Exposure,Natural hazards,hazard:coastalHazards,Coastal Hazards,7.5,TMA / PMO-DMD,coastal strip,documented overlay
TZ06,Pwani,TZ0605,Rufiji,Hazard & Exposure,Natural hazards,hazard:drought,Drought,5.8,TMA / MoA,CHIRPS v3 1991-2024 + ERA5 t2m,"aridity+variability+SPEI+growing-season, min-max"
TZ06,Pwani,TZ0605,Rufiji,Hazard & Exposure,Natural hazards,hazard:earthquake,Earthquake,0.7,INFORM SADC,INFORM seismic,baseline
TZ06,Pwani,TZ0605,Rufiji,Hazard & Exposure,Natural hazards,hazard:environmentalDegradation,Environmental Degradation,5.4,INFORM SADC 2024,INFORM Sub-national SADC 2024,baseline
TZ06,Pwani,TZ0605,Rufiji,Hazard & Exposure,Natural hazards,hazard:flood,Flood,9,PMO-DMD / TMA / MoW,CHIRPS v3 daily + recorded floods,"max(hazard, sqrt(hazard×exposure))"
TZ06,Pwani,TZ0605,Rufiji,Hazard & Exposure,Natural hazards,hazard:landslide,Landslide,5.2,TMA / PMO-DMD,documented rainfall-triggered events,documented overlay
TZ06,Pwani,TZ0605,Rufiji,Hazard & Exposure,Natural hazards,hazard:stormsCyclone,Storms Cyclone,7,TMA / PMO-DMD,Cyclone Hidaya 2024 + Lindi 1952 + Zanzibar 1872,documented cyclone/storm exposure overlay
TZ06,Pwani,TZ0605,Rufiji,Hazard & Exposure,Natural hazards,hazard:volcano,Volcano,0,INFORM SADC 2024,INFORM Sub-national SADC 2024,baseline
TZ06,Pwani,TZ0605,Rufiji,Hazard & Exposure,Natural hazards,hazard:wildfire,Wildfire,4.5,INFORM SADC 2024,INFORM Sub-national SADC 2024,baseline
TZ06,Pwani,TZ0605,Rufiji,Hazard & Exposure,Human hazards,hazard:conflictIntensity,Conflict Intensity,0,INFORM SADC 2024,INFORM Sub-national SADC 2024,baseline
TZ06,Pwani,TZ0605,Rufiji,Hazard & Exposure,Human hazards,hazard:conflictRisk,Conflict Risk,0.7,INFORM SADC 2024,INFORM Sub-national SADC 2024,baseline
TZ06,Pwani,TZ0605,Rufiji,Hazard & Exposure,Human hazards,hazard:internalViolence,Internal Violence,6.8,INFORM SADC 2024,INFORM Sub-national SADC 2024,baseline
TZ06,Pwani,TZ0605,Rufiji,Vulnerability,Socio-economic,vulnerability:developmentPoverty,Development Poverty,6.425,NBS,Household Budget Survey 2017/18,poverty headcount
TZ06,Pwani,TZ0605,Rufiji,Vulnerability,Socio-economic,vulnerability:economicDependency,Economic Dependency,3.466666667,INFORM SADC 2024,INFORM Sub-national SADC 2024,baseline
TZ06,Pwani,TZ0605,Rufiji,Vulnerability,Socio-economic,vulnerability:habitat,Habitat,5.75,INFORM SADC 2024,INFORM Sub-national SADC 2024,baseline
TZ06,Pwani,TZ0605,Rufiji,Vulnerability,Socio-economic,vulnerability:livelihoods,Livelihoods,0,MUCHALI / IPC (MoA),IPC acute food-insecurity rounds,food-insecurity phase
TZ06,Pwani,TZ0605,Rufiji,Vulnerability,Vulnerable groups,vulnerability:displacedPeople,Displaced People,0,INFORM SADC 2024,INFORM Sub-national SADC 2024,baseline
TZ06,Pwani,TZ0605,Rufiji,Vulnerability,Vulnerable groups,vulnerability:healthConditions,Health Conditions,4.733333333,INFORM SADC 2024,INFORM Sub-national SADC 2024,baseline
TZ06,Pwani,TZ0605,Rufiji,Vulnerability,Vulnerable groups,vulnerability:childrenHealthNutrition,Children Health Nutrition,6.35,MoH,TDHS 2022,under-5 stunting
TZ06,Pwani,TZ0605,Rufiji,Lack of Coping Capacity,Infrastructure,coping:accessHealth,Access Health,5.32,MoH,2022 PHC health facilities,resource availability
TZ06,Pwani,TZ0605,Rufiji,Lack of Coping Capacity,Infrastructure,coping:economicCapacity,Economic Capacity,8.666666667,INFORM SADC 2024,INFORM Sub-national SADC 2024,baseline
TZ06,Pwani,TZ0605,Rufiji,Lack of Coping Capacity,Infrastructure,coping:wash,Wash,6.9,MoW,2022 PHC water points & boreholes,"resource availability, rank 2-8"
TZ06,Pwani,TZ0605,Rufiji,Lack of Coping Capacity,Infrastructure,coping:communication,Communication,5.95,INFORM SADC 2024,INFORM Sub-national SADC 2024,baseline
TZ06,Pwani,TZ0605,Rufiji,Lack of Coping Capacity,Infrastructure,coping:education,Education,6,NBS / MoH,2022 PHC schools,resource availability
TZ06,Pwani,TZ0605,Rufiji,Lack of Coping Capacity,Institutional,coping:drrImplementation,Drr Implementation,4.5,PMO-DMD / DRR Coordinator,EPRP / EOCC / Anticipatory-Action records,DRM investment overlay
TZ06,Pwani,TZ0605,Rufiji,Lack of Coping Capacity,Institutional,coping:governance,Governance,4.2,PMO-DMD,INFORM SADC governance,baseline
TZ06,Pwani,TZ0606,Mafia,Hazard & Exposure,Exposure,hazard:exposure,Population Exposure,4.31,NBS,2022 PHC population,"population density, log min-max"
TZ06,Pwani,TZ0606,Mafia,Hazard & Exposure,Natural hazards,hazard:coastalHazards,Coastal Hazards,7.5,TMA / PMO-DMD,coastal strip,documented overlay
TZ06,Pwani,TZ0606,Mafia,Hazard & Exposure,Natural hazards,hazard:drought,Drought,2.9,TMA / MoA,CHIRPS v3 1991-2024 + ERA5 t2m,"aridity+variability+SPEI+growing-season, min-max"
TZ06,Pwani,TZ0606,Mafia,Hazard & Exposure,Natural hazards,hazard:earthquake,Earthquake,1.6,INFORM SADC,INFORM seismic,baseline
TZ06,Pwani,TZ0606,Mafia,Hazard & Exposure,Natural hazards,hazard:environmentalDegradation,Environmental Degradation,5.4,INFORM SADC 2024,INFORM Sub-national SADC 2024,baseline
TZ06,Pwani,TZ0606,Mafia,Hazard & Exposure,Natural hazards,hazard:flood,Flood,1.9,PMO-DMD / TMA / MoW,CHIRPS v3 daily + recorded floods,"max(hazard, sqrt(hazard×exposure))"
TZ06,Pwani,TZ0606,Mafia,Hazard & Exposure,Natural hazards,hazard:landslide,Landslide,2.6,TMA / PMO-DMD,documented rainfall-triggered events,documented overlay
TZ06,Pwani,TZ0606,Mafia,Hazard & Exposure,Natural hazards,hazard:stormsCyclone,Storms Cyclone,9,TMA / PMO-DMD,Cyclone Hidaya 2024 + Lindi 1952 + Zanzibar 1872,documented cyclone/storm exposure overlay
TZ06,Pwani,TZ0606,Mafia,Hazard & Exposure,Natural hazards,hazard:volcano,Volcano,0,INFORM SADC 2024,INFORM Sub-national SADC 2024,baseline
TZ06,Pwani,TZ0606,Mafia,Hazard & Exposure,Natural hazards,hazard:wildfire,Wildfire,4.5,INFORM SADC 2024,INFORM Sub-national SADC 2024,baseline
TZ06,Pwani,TZ0606,Mafia,Hazard & Exposure,Human hazards,hazard:conflictIntensity,Conflict Intensity,0,INFORM SADC 2024,INFORM Sub-national SADC 2024,baseline
TZ06,Pwani,TZ0606,Mafia,Hazard & Exposure,Human hazards,hazard:conflictRisk,Conflict Risk,0.7,INFORM SADC 2024,INFORM Sub-national SADC 2024,baseline
TZ06,Pwani,TZ0606,Mafia,Hazard & Exposure,Human hazards,hazard:internalViolence,Internal Violence,6.8,INFORM SADC 2024,INFORM Sub-national SADC 2024,baseline
TZ06,Pwani,TZ0606,Mafia,Vulnerability,Socio-economic,vulnerability:developmentPoverty,Development Poverty,6.425,NBS,Household Budget Survey 2017/18,poverty headcount
TZ06,Pwani,TZ0606,Mafia,Vulnerability,Socio-economic,vulnerability:economicDependency,Economic Dependency,3.466666667,INFORM SADC 2024,INFORM Sub-national SADC 2024,baseline
TZ06,Pwani,TZ0606,Mafia,Vulnerability,Socio-economic,vulnerability:habitat,Habitat,5.75,INFORM SADC 2024,INFORM Sub-national SADC 2024,baseline
TZ06,Pwani,TZ0606,Mafia,Vulnerability,Socio-economic,vulnerability:livelihoods,Livelihoods,0,MUCHALI / IPC (MoA),IPC acute food-insecurity rounds,food-insecurity phase
TZ06,Pwani,TZ0606,Mafia,Vulnerability,Vulnerable groups,vulnerability:displacedPeople,Displaced People,0,INFORM SADC 2024,INFORM Sub-national SADC 2024,baseline
TZ06,Pwani,TZ0606,Mafia,Vulnerability,Vulnerable groups,vulnerability:healthConditions,Health Conditions,4.733333333,INFORM SADC 2024,INFORM Sub-national SADC 2024,baseline
TZ06,Pwani,TZ0606,Mafia,Vulnerability,Vulnerable groups,vulnerability:childrenHealthNutrition,Children Health Nutrition,6.35,MoH,TDHS 2022,under-5 stunting
TZ06,Pwani,TZ0606,Mafia,Lack of Coping Capacity,Infrastructure,coping:accessHealth,Access Health,5.32,MoH,2022 PHC health facilities,resource availability
TZ06,Pwani,TZ0606,Mafia,Lack of Coping Capacity,Infrastructure,coping:economicCapacity,Economic Capacity,8.666666667,INFORM SADC 2024,INFORM Sub-national SADC 2024,baseline
TZ06,Pwani,TZ0606,Mafia,Lack of Coping Capacity,Infrastructure,coping:wash,Wash,7.6,MoW,2022 PHC water points & boreholes,"resource availability, rank 2-8"
TZ06,Pwani,TZ0606,Mafia,Lack of Coping Capacity,Infrastructure,coping:communication,Communication,5.95,INFORM SADC 2024,INFORM Sub-national SADC 2024,baseline
TZ06,Pwani,TZ0606,Mafia,Lack of Coping Capacity,Infrastructure,coping:education,Education,6,NBS / MoH,2022 PHC schools,resource availability
TZ06,Pwani,TZ0606,Mafia,Lack of Coping Capacity,Institutional,coping:drrImplementation,Drr Implementation,6.5,PMO-DMD / DRR Coordinator,EPRP / EOCC / Anticipatory-Action records,DRM investment overlay
TZ06,Pwani,TZ0606,Mafia,Lack of Coping Capacity,Institutional,coping:governance,Governance,4.2,PMO-DMD,INFORM SADC governance,baseline
TZ06,Pwani,TZ0607,Kibaha Urban,Hazard & Exposure,Natural hazards,hazard:coastalHazards,Coastal Hazards,0,TMA / PMO-DMD,coastal strip,documented overlay
TZ06,Pwani,TZ0607,Kibaha Urban,Hazard & Exposure,Natural hazards,hazard:drought,Drought,2.9,TMA / MoA,CHIRPS v3 1991-2024 + ERA5 t2m,"aridity+variability+SPEI+growing-season, min-max"
TZ06,Pwani,TZ0607,Kibaha Urban,Hazard & Exposure,Natural hazards,hazard:earthquake,Earthquake,0,INFORM SADC,INFORM seismic,baseline
TZ06,Pwani,TZ0607,Kibaha Urban,Hazard & Exposure,Natural hazards,hazard:environmentalDegradation,Environmental Degradation,5.45,INFORM SADC 2024,INFORM Sub-national SADC 2024,baseline
TZ06,Pwani,TZ0607,Kibaha Urban,Hazard & Exposure,Natural hazards,hazard:flood,Flood,1.2,PMO-DMD / TMA / MoW,CHIRPS v3 daily + recorded floods,"max(hazard, sqrt(hazard×exposure))"
TZ06,Pwani,TZ0607,Kibaha Urban,Hazard & Exposure,Natural hazards,hazard:landslide,Landslide,0,TMA / PMO-DMD,documented rainfall-triggered events,documented overlay
TZ06,Pwani,TZ0607,Kibaha Urban,Hazard & Exposure,Natural hazards,hazard:stormsCyclone,Storms Cyclone,0,TMA / PMO-DMD,Cyclone Hidaya 2024 + Lindi 1952 + Zanzibar 1872,documented cyclone/storm exposure overlay
TZ06,Pwani,TZ0607,Kibaha Urban,Hazard & Exposure,Natural hazards,hazard:volcano,Volcano,0,INFORM SADC 2024,INFORM Sub-national SADC 2024,baseline
TZ06,Pwani,TZ0607,Kibaha Urban,Hazard & Exposure,Natural hazards,hazard:wildfire,Wildfire,4.5,INFORM SADC 2024,INFORM Sub-national SADC 2024,baseline
TZ06,Pwani,TZ0607,Kibaha Urban,Hazard & Exposure,Human hazards,hazard:conflictIntensity,Conflict Intensity,0,INFORM SADC 2024,INFORM Sub-national SADC 2024,baseline
TZ06,Pwani,TZ0607,Kibaha Urban,Hazard & Exposure,Human hazards,hazard:conflictRisk,Conflict Risk,0.7,INFORM SADC 2024,INFORM Sub-national SADC 2024,baseline
TZ06,Pwani,TZ0607,Kibaha Urban,Hazard & Exposure,Human hazards,hazard:internalViolence,Internal Violence,6.8,INFORM SADC 2024,INFORM Sub-national SADC 2024,baseline
TZ06,Pwani,TZ0607,Kibaha Urban,Vulnerability,Socio-economic,vulnerability:developmentPoverty,Development Poverty,6.425,NBS,Household Budget Survey 2017/18,poverty headcount
TZ06,Pwani,TZ0607,Kibaha Urban,Vulnerability,Socio-economic,vulnerability:economicDependency,Economic Dependency,3.466666667,INFORM SADC 2024,INFORM Sub-national SADC 2024,baseline
TZ06,Pwani,TZ0607,Kibaha Urban,Vulnerability,Socio-economic,vulnerability:habitat,Habitat,5.75,INFORM SADC 2024,INFORM Sub-national SADC 2024,baseline
TZ06,Pwani,TZ0607,Kibaha Urban,Vulnerability,Socio-economic,vulnerability:livelihoods,Livelihoods,0,MUCHALI / IPC (MoA),IPC acute food-insecurity rounds,food-insecurity phase
TZ06,Pwani,TZ0607,Kibaha Urban,Vulnerability,Vulnerable groups,vulnerability:displacedPeople,Displaced People,0,INFORM SADC 2024,INFORM Sub-national SADC 2024,baseline
TZ06,Pwani,TZ0607,Kibaha Urban,Vulnerability,Vulnerable groups,vulnerability:healthConditions,Health Conditions,4.733333333,INFORM SADC 2024,INFORM Sub-national SADC 2024,baseline
TZ06,Pwani,TZ0607,Kibaha Urban,Vulnerability,Vulnerable groups,vulnerability:childrenHealthNutrition,Children Health Nutrition,6.35,MoH,TDHS 2022,under-5 stunting
TZ06,Pwani,TZ0607,Kibaha Urban,Lack of Coping Capacity,Infrastructure,coping:accessHealth,Access Health,5.32,MoH,2022 PHC health facilities,resource availability
TZ06,Pwani,TZ0607,Kibaha Urban,Lack of Coping Capacity,Infrastructure,coping:economicCapacity,Economic Capacity,8.666666667,INFORM SADC 2024,INFORM Sub-national SADC 2024,baseline
TZ06,Pwani,TZ0607,Kibaha Urban,Lack of Coping Capacity,Infrastructure,coping:wash,Wash,7,MoW,2022 PHC water points & boreholes,"resource availability, rank 2-8"
TZ06,Pwani,TZ0607,Kibaha Urban,Lack of Coping Capacity,Infrastructure,coping:communication,Communication,5.95,INFORM SADC 2024,INFORM Sub-national SADC 2024,baseline
TZ06,Pwani,TZ0607,Kibaha Urban,Lack of Coping Capacity,Infrastructure,coping:education,Education,6,NBS / MoH,2022 PHC schools,resource availability
TZ06,Pwani,TZ0607,Kibaha Urban,Lack of Coping Capacity,Institutional,coping:drrImplementation,Drr Implementation,6.5,PMO-DMD / DRR Coordinator,EPRP / EOCC / Anticipatory-Action records,DRM investment overlay
TZ06,Pwani,TZ0607,Kibaha Urban,Lack of Coping Capacity,Institutional,coping:governance,Governance,4.2,PMO-DMD,INFORM SADC governance,baseline
TZ07,Dar-es-salaam,TZ0701,Kinondoni,Hazard & Exposure,Exposure,hazard:exposure,Population Exposure,8.37,NBS,2022 PHC population,"population density, log min-max"
TZ07,Dar-es-salaam,TZ0701,Kinondoni,Hazard & Exposure,Natural hazards,hazard:coastalHazards,Coastal Hazards,7.5,TMA / PMO-DMD,coastal strip,documented overlay
TZ07,Dar-es-salaam,TZ0701,Kinondoni,Hazard & Exposure,Natural hazards,hazard:drought,Drought,10,TMA / MoA,CHIRPS v3 1991-2024 + ERA5 t2m,"aridity+variability+SPEI+growing-season, min-max"
TZ07,Dar-es-salaam,TZ0701,Kinondoni,Hazard & Exposure,Natural hazards,hazard:earthquake,Earthquake,0,INFORM SADC,INFORM seismic,baseline
TZ07,Dar-es-salaam,TZ0701,Kinondoni,Hazard & Exposure,Natural hazards,hazard:environmentalDegradation,Environmental Degradation,6.3,INFORM SADC 2024,INFORM Sub-national SADC 2024,baseline
TZ07,Dar-es-salaam,TZ0701,Kinondoni,Hazard & Exposure,Natural hazards,hazard:flood,Flood,8.2,PMO-DMD / TMA / MoW,CHIRPS v3 daily + recorded floods,"max(hazard, sqrt(hazard×exposure))"
TZ07,Dar-es-salaam,TZ0701,Kinondoni,Hazard & Exposure,Natural hazards,hazard:landslide,Landslide,0,TMA / PMO-DMD,documented rainfall-triggered events,documented overlay
TZ07,Dar-es-salaam,TZ0701,Kinondoni,Hazard & Exposure,Natural hazards,hazard:stormsCyclone,Storms Cyclone,5,TMA / PMO-DMD,Cyclone Hidaya 2024 + Lindi 1952 + Zanzibar 1872,documented cyclone/storm exposure overlay
TZ07,Dar-es-salaam,TZ0701,Kinondoni,Hazard & Exposure,Natural hazards,hazard:volcano,Volcano,0,INFORM SADC 2024,INFORM Sub-national SADC 2024,baseline
TZ07,Dar-es-salaam,TZ0701,Kinondoni,Hazard & Exposure,Natural hazards,hazard:wildfire,Wildfire,0.2,INFORM SADC 2024,INFORM Sub-national SADC 2024,baseline
TZ07,Dar-es-salaam,TZ0701,Kinondoni,Hazard & Exposure,Human hazards,hazard:conflictIntensity,Conflict Intensity,0,INFORM SADC 2024,INFORM Sub-national SADC 2024,baseline
TZ07,Dar-es-salaam,TZ0701,Kinondoni,Hazard & Exposure,Human hazards,hazard:conflictRisk,Conflict Risk,0.7,INFORM SADC 2024,INFORM Sub-national SADC 2024,baseline
TZ07,Dar-es-salaam,TZ0701,Kinondoni,Hazard & Exposure,Human hazards,hazard:internalViolence,Internal Violence,8.1,INFORM SADC 2024,INFORM Sub-national SADC 2024,baseline
TZ07,Dar-es-salaam,TZ0701,Kinondoni,Vulnerability,Socio-economic,vulnerability:developmentPoverty,Development Poverty,3.15,NBS,Household Budget Survey 2017/18,poverty headcount
TZ07,Dar-es-salaam,TZ0701,Kinondoni,Vulnerability,Socio-economic,vulnerability:economicDependency,Economic Dependency,1.166666667,INFORM SADC 2024,INFORM Sub-national SADC 2024,baseline
TZ07,Dar-es-salaam,TZ0701,Kinondoni,Vulnerability,Socio-economic,vulnerability:habitat,Habitat,9.3,INFORM SADC 2024,INFORM Sub-national SADC 2024,baseline
TZ07,Dar-es-salaam,TZ0701,Kinondoni,Vulnerability,Socio-economic,vulnerability:livelihoods,Livelihoods,0,MUCHALI / IPC (MoA),IPC acute food-insecurity rounds,food-insecurity phase
TZ07,Dar-es-salaam,TZ0701,Kinondoni,Vulnerability,Vulnerable groups,vulnerability:displacedPeople,Displaced People,0,INFORM SADC 2024,INFORM Sub-national SADC 2024,baseline
TZ07,Dar-es-salaam,TZ0701,Kinondoni,Vulnerability,Vulnerable groups,vulnerability:healthConditions,Health Conditions,4.4,INFORM SADC 2024,INFORM Sub-national SADC 2024,baseline
TZ07,Dar-es-salaam,TZ0701,Kinondoni,Vulnerability,Vulnerable groups,vulnerability:childrenHealthNutrition,Children Health Nutrition,6,MoH,TDHS 2022,under-5 stunting
TZ07,Dar-es-salaam,TZ0701,Kinondoni,Lack of Coping Capacity,Infrastructure,coping:accessHealth,Access Health,4.58,MoH,2022 PHC health facilities,resource availability
TZ07,Dar-es-salaam,TZ0701,Kinondoni,Lack of Coping Capacity,Infrastructure,coping:economicCapacity,Economic Capacity,4.8,INFORM SADC 2024,INFORM Sub-national SADC 2024,baseline
TZ07,Dar-es-salaam,TZ0701,Kinondoni,Lack of Coping Capacity,Infrastructure,coping:wash,Wash,7.5,MoW,2022 PHC water points & boreholes,"resource availability, rank 2-8"
TZ07,Dar-es-salaam,TZ0701,Kinondoni,Lack of Coping Capacity,Infrastructure,coping:communication,Communication,1.65,INFORM SADC 2024,INFORM Sub-national SADC 2024,baseline
TZ07,Dar-es-salaam,TZ0701,Kinondoni,Lack of Coping Capacity,Infrastructure,coping:education,Education,2.15,NBS / MoH,2022 PHC schools,resource availability
TZ07,Dar-es-salaam,TZ0701,Kinondoni,Lack of Coping Capacity,Institutional,coping:drrImplementation,Drr Implementation,4.5,PMO-DMD / DRR Coordinator,EPRP / EOCC / Anticipatory-Action records,DRM investment overlay
TZ07,Dar-es-salaam,TZ0701,Kinondoni,Lack of Coping Capacity,Institutional,coping:governance,Governance,5,PMO-DMD,INFORM SADC governance,baseline
TZ07,Dar-es-salaam,TZ0702,Ilala,Hazard & Exposure,Exposure,hazard:exposure,Population Exposure,8.66,NBS,2022 PHC population,"population density, log min-max"
TZ07,Dar-es-salaam,TZ0702,Ilala,Hazard & Exposure,Natural hazards,hazard:coastalHazards,Coastal Hazards,7.5,TMA / PMO-DMD,coastal strip,documented overlay
TZ07,Dar-es-salaam,TZ0702,Ilala,Hazard & Exposure,Natural hazards,hazard:drought,Drought,10,TMA / MoA,CHIRPS v3 1991-2024 + ERA5 t2m,"aridity+variability+SPEI+growing-season, min-max"
TZ07,Dar-es-salaam,TZ0702,Ilala,Hazard & Exposure,Natural hazards,hazard:earthquake,Earthquake,0,INFORM SADC,INFORM seismic,baseline
TZ07,Dar-es-salaam,TZ0702,Ilala,Hazard & Exposure,Natural hazards,hazard:environmentalDegradation,Environmental Degradation,6.5,INFORM SADC 2024,INFORM Sub-national SADC 2024,baseline
TZ07,Dar-es-salaam,TZ0702,Ilala,Hazard & Exposure,Natural hazards,hazard:flood,Flood,8.3,PMO-DMD / TMA / MoW,CHIRPS v3 daily + recorded floods,"max(hazard, sqrt(hazard×exposure))"
TZ07,Dar-es-salaam,TZ0702,Ilala,Hazard & Exposure,Natural hazards,hazard:landslide,Landslide,0,TMA / PMO-DMD,documented rainfall-triggered events,documented overlay
TZ07,Dar-es-salaam,TZ0702,Ilala,Hazard & Exposure,Natural hazards,hazard:stormsCyclone,Storms Cyclone,5,TMA / PMO-DMD,Cyclone Hidaya 2024 + Lindi 1952 + Zanzibar 1872,documented cyclone/storm exposure overlay
TZ07,Dar-es-salaam,TZ0702,Ilala,Hazard & Exposure,Natural hazards,hazard:volcano,Volcano,0,INFORM SADC 2024,INFORM Sub-national SADC 2024,baseline
TZ07,Dar-es-salaam,TZ0702,Ilala,Hazard & Exposure,Natural hazards,hazard:wildfire,Wildfire,0.2,INFORM SADC 2024,INFORM Sub-national SADC 2024,baseline
TZ07,Dar-es-salaam,TZ0702,Ilala,Hazard & Exposure,Human hazards,hazard:conflictIntensity,Conflict Intensity,0,INFORM SADC 2024,INFORM Sub-national SADC 2024,baseline
TZ07,Dar-es-salaam,TZ0702,Ilala,Hazard & Exposure,Human hazards,hazard:conflictRisk,Conflict Risk,0.7,INFORM SADC 2024,INFORM Sub-national SADC 2024,baseline
TZ07,Dar-es-salaam,TZ0702,Ilala,Hazard & Exposure,Human hazards,hazard:internalViolence,Internal Violence,8.1,INFORM SADC 2024,INFORM Sub-national SADC 2024,baseline
TZ07,Dar-es-salaam,TZ0702,Ilala,Vulnerability,Socio-economic,vulnerability:developmentPoverty,Development Poverty,3.15,NBS,Household Budget Survey 2017/18,poverty headcount
TZ07,Dar-es-salaam,TZ0702,Ilala,Vulnerability,Socio-economic,vulnerability:economicDependency,Economic Dependency,1.166666667,INFORM SADC 2024,INFORM Sub-national SADC 2024,baseline
TZ07,Dar-es-salaam,TZ0702,Ilala,Vulnerability,Socio-economic,vulnerability:habitat,Habitat,9.3,INFORM SADC 2024,INFORM Sub-national SADC 2024,baseline
TZ07,Dar-es-salaam,TZ0702,Ilala,Vulnerability,Socio-economic,vulnerability:livelihoods,Livelihoods,0,MUCHALI / IPC (MoA),IPC acute food-insecurity rounds,food-insecurity phase
TZ07,Dar-es-salaam,TZ0702,Ilala,Vulnerability,Vulnerable groups,vulnerability:displacedPeople,Displaced People,0,INFORM SADC 2024,INFORM Sub-national SADC 2024,baseline
TZ07,Dar-es-salaam,TZ0702,Ilala,Vulnerability,Vulnerable groups,vulnerability:healthConditions,Health Conditions,4.4,INFORM SADC 2024,INFORM Sub-national SADC 2024,baseline
TZ07,Dar-es-salaam,TZ0702,Ilala,Vulnerability,Vulnerable groups,vulnerability:childrenHealthNutrition,Children Health Nutrition,6,MoH,TDHS 2022,under-5 stunting
TZ07,Dar-es-salaam,TZ0702,Ilala,Lack of Coping Capacity,Infrastructure,coping:accessHealth,Access Health,4.58,MoH,2022 PHC health facilities,resource availability
TZ07,Dar-es-salaam,TZ0702,Ilala,Lack of Coping Capacity,Infrastructure,coping:economicCapacity,Economic Capacity,4.8,INFORM SADC 2024,INFORM Sub-national SADC 2024,baseline
TZ07,Dar-es-salaam,TZ0702,Ilala,Lack of Coping Capacity,Infrastructure,coping:wash,Wash,6.7,MoW,2022 PHC water points & boreholes,"resource availability, rank 2-8"
TZ07,Dar-es-salaam,TZ0702,Ilala,Lack of Coping Capacity,Infrastructure,coping:communication,Communication,1.65,INFORM SADC 2024,INFORM Sub-national SADC 2024,baseline
TZ07,Dar-es-salaam,TZ0702,Ilala,Lack of Coping Capacity,Infrastructure,coping:education,Education,2.15,NBS / MoH,2022 PHC schools,resource availability
TZ07,Dar-es-salaam,TZ0702,Ilala,Lack of Coping Capacity,Institutional,coping:drrImplementation,Drr Implementation,6.5,PMO-DMD / DRR Coordinator,EPRP / EOCC / Anticipatory-Action records,DRM investment overlay
TZ07,Dar-es-salaam,TZ0702,Ilala,Lack of Coping Capacity,Institutional,coping:governance,Governance,6.45,PMO-DMD,INFORM SADC governance,baseline
TZ07,Dar-es-salaam,TZ0703,Temeke,Hazard & Exposure,Exposure,hazard:exposure,Population Exposure,9.44,NBS,2022 PHC population,"population density, log min-max"
TZ07,Dar-es-salaam,TZ0703,Temeke,Hazard & Exposure,Natural hazards,hazard:coastalHazards,Coastal Hazards,7.5,TMA / PMO-DMD,coastal strip,documented overlay
TZ07,Dar-es-salaam,TZ0703,Temeke,Hazard & Exposure,Natural hazards,hazard:drought,Drought,10,TMA / MoA,CHIRPS v3 1991-2024 + ERA5 t2m,"aridity+variability+SPEI+growing-season, min-max"
TZ07,Dar-es-salaam,TZ0703,Temeke,Hazard & Exposure,Natural hazards,hazard:earthquake,Earthquake,0.4,INFORM SADC,INFORM seismic,baseline
TZ07,Dar-es-salaam,TZ0703,Temeke,Hazard & Exposure,Natural hazards,hazard:environmentalDegradation,Environmental Degradation,6.6,INFORM SADC 2024,INFORM Sub-national SADC 2024,baseline
TZ07,Dar-es-salaam,TZ0703,Temeke,Hazard & Exposure,Natural hazards,hazard:flood,Flood,8.7,PMO-DMD / TMA / MoW,CHIRPS v3 daily + recorded floods,"max(hazard, sqrt(hazard×exposure))"
TZ07,Dar-es-salaam,TZ0703,Temeke,Hazard & Exposure,Natural hazards,hazard:landslide,Landslide,2.4,TMA / PMO-DMD,documented rainfall-triggered events,documented overlay
TZ07,Dar-es-salaam,TZ0703,Temeke,Hazard & Exposure,Natural hazards,hazard:stormsCyclone,Storms Cyclone,6,TMA / PMO-DMD,Cyclone Hidaya 2024 + Lindi 1952 + Zanzibar 1872,documented cyclone/storm exposure overlay
TZ07,Dar-es-salaam,TZ0703,Temeke,Hazard & Exposure,Natural hazards,hazard:volcano,Volcano,0,INFORM SADC 2024,INFORM Sub-national SADC 2024,baseline
TZ07,Dar-es-salaam,TZ0703,Temeke,Hazard & Exposure,Natural hazards,hazard:wildfire,Wildfire,0.2,INFORM SADC 2024,INFORM Sub-national SADC 2024,baseline
TZ07,Dar-es-salaam,TZ0703,Temeke,Hazard & Exposure,Human hazards,hazard:conflictIntensity,Conflict Intensity,0,INFORM SADC 2024,INFORM Sub-national SADC 2024,baseline
TZ07,Dar-es-salaam,TZ0703,Temeke,Hazard & Exposure,Human hazards,hazard:conflictRisk,Conflict Risk,0.7,INFORM SADC 2024,INFORM Sub-national SADC 2024,baseline
TZ07,Dar-es-salaam,TZ0703,Temeke,Hazard & Exposure,Human hazards,hazard:internalViolence,Internal Violence,8.1,INFORM SADC 2024,INFORM Sub-national SADC 2024,baseline
TZ07,Dar-es-salaam,TZ0703,Temeke,Vulnerability,Socio-economic,vulnerability:developmentPoverty,Development Poverty,3.15,NBS,Household Budget Survey 2017/18,poverty headcount
TZ07,Dar-es-salaam,TZ0703,Temeke,Vulnerability,Socio-economic,vulnerability:economicDependency,Economic Dependency,1.166666667,INFORM SADC 2024,INFORM Sub-national SADC 2024,baseline
TZ07,Dar-es-salaam,TZ0703,Temeke,Vulnerability,Socio-economic,vulnerability:habitat,Habitat,9.3,INFORM SADC 2024,INFORM Sub-national SADC 2024,baseline
TZ07,Dar-es-salaam,TZ0703,Temeke,Vulnerability,Socio-economic,vulnerability:livelihoods,Livelihoods,0,MUCHALI / IPC (MoA),IPC acute food-insecurity rounds,food-insecurity phase
TZ07,Dar-es-salaam,TZ0703,Temeke,Vulnerability,Vulnerable groups,vulnerability:displacedPeople,Displaced People,0,INFORM SADC 2024,INFORM Sub-national SADC 2024,baseline
TZ07,Dar-es-salaam,TZ0703,Temeke,Vulnerability,Vulnerable groups,vulnerability:healthConditions,Health Conditions,4.4,INFORM SADC 2024,INFORM Sub-national SADC 2024,baseline
TZ07,Dar-es-salaam,TZ0703,Temeke,Vulnerability,Vulnerable groups,vulnerability:childrenHealthNutrition,Children Health Nutrition,6,MoH,TDHS 2022,under-5 stunting
TZ07,Dar-es-salaam,TZ0703,Temeke,Lack of Coping Capacity,Infrastructure,coping:accessHealth,Access Health,4.58,MoH,2022 PHC health facilities,resource availability
TZ07,Dar-es-salaam,TZ0703,Temeke,Lack of Coping Capacity,Infrastructure,coping:economicCapacity,Economic Capacity,4.8,INFORM SADC 2024,INFORM Sub-national SADC 2024,baseline
TZ07,Dar-es-salaam,TZ0703,Temeke,Lack of Coping Capacity,Infrastructure,coping:wash,Wash,7,MoW,2022 PHC water points & boreholes,"resource availability, rank 2-8"
TZ07,Dar-es-salaam,TZ0703,Temeke,Lack of Coping Capacity,Infrastructure,coping:communication,Communication,1.65,INFORM SADC 2024,INFORM Sub-national SADC 2024,baseline
TZ07,Dar-es-salaam,TZ0703,Temeke,Lack of Coping Capacity,Infrastructure,coping:education,Education,2.15,NBS / MoH,2022 PHC schools,resource availability
TZ07,Dar-es-salaam,TZ0703,Temeke,Lack of Coping Capacity,Institutional,coping:drrImplementation,Drr Implementation,6.5,PMO-DMD / DRR Coordinator,EPRP / EOCC / Anticipatory-Action records,DRM investment overlay
TZ07,Dar-es-salaam,TZ0703,Temeke,Lack of Coping Capacity,Institutional,coping:governance,Governance,6.45,PMO-DMD,INFORM SADC governance,baseline
TZ08,Lindi,TZ0801,Kilwa,Hazard & Exposure,Exposure,hazard:exposure,Population Exposure,1.94,NBS,2022 PHC population,"population density, log min-max"
TZ08,Lindi,TZ0801,Kilwa,Hazard & Exposure,Natural hazards,hazard:coastalHazards,Coastal Hazards,7,TMA / PMO-DMD,coastal strip,documented overlay
TZ08,Lindi,TZ0801,Kilwa,Hazard & Exposure,Natural hazards,hazard:drought,Drought,5,TMA / MoA,CHIRPS v3 1991-2024 + ERA5 t2m,"aridity+variability+SPEI+growing-season, min-max"
TZ08,Lindi,TZ0801,Kilwa,Hazard & Exposure,Natural hazards,hazard:earthquake,Earthquake,0.4,INFORM SADC,INFORM seismic,baseline
TZ08,Lindi,TZ0801,Kilwa,Hazard & Exposure,Natural hazards,hazard:environmentalDegradation,Environmental Degradation,4.35,INFORM SADC 2024,INFORM Sub-national SADC 2024,baseline
TZ08,Lindi,TZ0801,Kilwa,Hazard & Exposure,Natural hazards,hazard:flood,Flood,7.5,PMO-DMD / TMA / MoW,CHIRPS v3 daily + recorded floods,"max(hazard, sqrt(hazard×exposure))"
TZ08,Lindi,TZ0801,Kilwa,Hazard & Exposure,Natural hazards,hazard:landslide,Landslide,4.4,TMA / PMO-DMD,documented rainfall-triggered events,documented overlay
TZ08,Lindi,TZ0801,Kilwa,Hazard & Exposure,Natural hazards,hazard:stormsCyclone,Storms Cyclone,8,TMA / PMO-DMD,Cyclone Hidaya 2024 + Lindi 1952 + Zanzibar 1872,documented cyclone/storm exposure overlay
TZ08,Lindi,TZ0801,Kilwa,Hazard & Exposure,Natural hazards,hazard:volcano,Volcano,0,INFORM SADC 2024,INFORM Sub-national SADC 2024,baseline
TZ08,Lindi,TZ0801,Kilwa,Hazard & Exposure,Natural hazards,hazard:wildfire,Wildfire,7.9,INFORM SADC 2024,INFORM Sub-national SADC 2024,baseline
TZ08,Lindi,TZ0801,Kilwa,Hazard & Exposure,Human hazards,hazard:conflictIntensity,Conflict Intensity,0,INFORM SADC 2024,INFORM Sub-national SADC 2024,baseline
TZ08,Lindi,TZ0801,Kilwa,Hazard & Exposure,Human hazards,hazard:conflictRisk,Conflict Risk,0.7,INFORM SADC 2024,INFORM Sub-national SADC 2024,baseline
TZ08,Lindi,TZ0801,Kilwa,Hazard & Exposure,Human hazards,hazard:internalViolence,Internal Violence,5.2,INFORM SADC 2024,INFORM Sub-national SADC 2024,baseline
TZ08,Lindi,TZ0801,Kilwa,Vulnerability,Socio-economic,vulnerability:developmentPoverty,Development Poverty,8,NBS,Household Budget Survey 2017/18,poverty headcount
TZ08,Lindi,TZ0801,Kilwa,Vulnerability,Socio-economic,vulnerability:economicDependency,Economic Dependency,3.133333333,INFORM SADC 2024,INFORM Sub-national SADC 2024,baseline
TZ08,Lindi,TZ0801,Kilwa,Vulnerability,Socio-economic,vulnerability:habitat,Habitat,5.05,INFORM SADC 2024,INFORM Sub-national SADC 2024,baseline
TZ08,Lindi,TZ0801,Kilwa,Vulnerability,Socio-economic,vulnerability:livelihoods,Livelihoods,0,MUCHALI / IPC (MoA),IPC acute food-insecurity rounds,food-insecurity phase
TZ08,Lindi,TZ0801,Kilwa,Vulnerability,Vulnerable groups,vulnerability:displacedPeople,Displaced People,0,INFORM SADC 2024,INFORM Sub-national SADC 2024,baseline
TZ08,Lindi,TZ0801,Kilwa,Vulnerability,Vulnerable groups,vulnerability:healthConditions,Health Conditions,4.7,INFORM SADC 2024,INFORM Sub-national SADC 2024,baseline
TZ08,Lindi,TZ0801,Kilwa,Vulnerability,Vulnerable groups,vulnerability:childrenHealthNutrition,Children Health Nutrition,5.875,MoH,TDHS 2022,under-5 stunting
TZ08,Lindi,TZ0801,Kilwa,Lack of Coping Capacity,Infrastructure,coping:accessHealth,Access Health,4.96,MoH,2022 PHC health facilities,resource availability
TZ08,Lindi,TZ0801,Kilwa,Lack of Coping Capacity,Infrastructure,coping:economicCapacity,Economic Capacity,9.4,INFORM SADC 2024,INFORM Sub-national SADC 2024,baseline
TZ08,Lindi,TZ0801,Kilwa,Lack of Coping Capacity,Infrastructure,coping:wash,Wash,6.6,MoW,2022 PHC water points & boreholes,"resource availability, rank 2-8"
TZ08,Lindi,TZ0801,Kilwa,Lack of Coping Capacity,Infrastructure,coping:communication,Communication,7.85,INFORM SADC 2024,INFORM Sub-national SADC 2024,baseline
TZ08,Lindi,TZ0801,Kilwa,Lack of Coping Capacity,Infrastructure,coping:education,Education,6.2,NBS / MoH,2022 PHC schools,resource availability
TZ08,Lindi,TZ0801,Kilwa,Lack of Coping Capacity,Institutional,coping:drrImplementation,Drr Implementation,6.5,PMO-DMD / DRR Coordinator,EPRP / EOCC / Anticipatory-Action records,DRM investment overlay
TZ08,Lindi,TZ0801,Kilwa,Lack of Coping Capacity,Institutional,coping:governance,Governance,3,PMO-DMD,INFORM SADC governance,baseline
TZ08,Lindi,TZ0802,Lindi,Hazard & Exposure,Exposure,hazard:exposure,Population Exposure,2.25,NBS,2022 PHC population,"population density, log min-max"
TZ08,Lindi,TZ0802,Lindi,Hazard & Exposure,Natural hazards,hazard:coastalHazards,Coastal Hazards,7,TMA / PMO-DMD,coastal strip,documented overlay
TZ08,Lindi,TZ0802,Lindi,Hazard & Exposure,Natural hazards,hazard:drought,Drought,4.8,TMA / MoA,CHIRPS v3 1991-2024 + ERA5 t2m,"aridity+variability+SPEI+growing-season, min-max"
TZ08,Lindi,TZ0802,Lindi,Hazard & Exposure,Natural hazards,hazard:earthquake,Earthquake,0.1,INFORM SADC,INFORM seismic,baseline
TZ08,Lindi,TZ0802,Lindi,Hazard & Exposure,Natural hazards,hazard:environmentalDegradation,Environmental Degradation,5,INFORM SADC 2024,INFORM Sub-national SADC 2024,baseline
TZ08,Lindi,TZ0802,Lindi,Hazard & Exposure,Natural hazards,hazard:flood,Flood,7.1,PMO-DMD / TMA / MoW,CHIRPS v3 daily + recorded floods,"max(hazard, sqrt(hazard×exposure))"
TZ08,Lindi,TZ0802,Lindi,Hazard & Exposure,Natural hazards,hazard:landslide,Landslide,0.7,TMA / PMO-DMD,documented rainfall-triggered events,documented overlay
TZ08,Lindi,TZ0802,Lindi,Hazard & Exposure,Natural hazards,hazard:stormsCyclone,Storms Cyclone,9,TMA / PMO-DMD,Cyclone Hidaya 2024 + Lindi 1952 + Zanzibar 1872,documented cyclone/storm exposure overlay
TZ08,Lindi,TZ0802,Lindi,Hazard & Exposure,Natural hazards,hazard:volcano,Volcano,0,INFORM SADC 2024,INFORM Sub-national SADC 2024,baseline
TZ08,Lindi,TZ0802,Lindi,Hazard & Exposure,Natural hazards,hazard:wildfire,Wildfire,7.9,INFORM SADC 2024,INFORM Sub-national SADC 2024,baseline
TZ08,Lindi,TZ0802,Lindi,Hazard & Exposure,Human hazards,hazard:conflictIntensity,Conflict Intensity,0,INFORM SADC 2024,INFORM Sub-national SADC 2024,baseline
TZ08,Lindi,TZ0802,Lindi,Hazard & Exposure,Human hazards,hazard:conflictRisk,Conflict Risk,0.7,INFORM SADC 2024,INFORM Sub-national SADC 2024,baseline
TZ08,Lindi,TZ0802,Lindi,Hazard & Exposure,Human hazards,hazard:internalViolence,Internal Violence,5.2,INFORM SADC 2024,INFORM Sub-national SADC 2024,baseline
TZ08,Lindi,TZ0802,Lindi,Vulnerability,Socio-economic,vulnerability:developmentPoverty,Development Poverty,8,NBS,Household Budget Survey 2017/18,poverty headcount
TZ08,Lindi,TZ0802,Lindi,Vulnerability,Socio-economic,vulnerability:economicDependency,Economic Dependency,3.133333333,INFORM SADC 2024,INFORM Sub-national SADC 2024,baseline
TZ08,Lindi,TZ0802,Lindi,Vulnerability,Socio-economic,vulnerability:habitat,Habitat,5.05,INFORM SADC 2024,INFORM Sub-national SADC 2024,baseline
TZ08,Lindi,TZ0802,Lindi,Vulnerability,Socio-economic,vulnerability:livelihoods,Livelihoods,0,MUCHALI / IPC (MoA),IPC acute food-insecurity rounds,food-insecurity phase
TZ08,Lindi,TZ0802,Lindi,Vulnerability,Vulnerable groups,vulnerability:displacedPeople,Displaced People,0,INFORM SADC 2024,INFORM Sub-national SADC 2024,baseline
TZ08,Lindi,TZ0802,Lindi,Vulnerability,Vulnerable groups,vulnerability:healthConditions,Health Conditions,4.7,INFORM SADC 2024,INFORM Sub-national SADC 2024,baseline
TZ08,Lindi,TZ0802,Lindi,Vulnerability,Vulnerable groups,vulnerability:childrenHealthNutrition,Children Health Nutrition,5.875,MoH,TDHS 2022,under-5 stunting
TZ08,Lindi,TZ0802,Lindi,Lack of Coping Capacity,Infrastructure,coping:accessHealth,Access Health,4.96,MoH,2022 PHC health facilities,resource availability
TZ08,Lindi,TZ0802,Lindi,Lack of Coping Capacity,Infrastructure,coping:economicCapacity,Economic Capacity,9.4,INFORM SADC 2024,INFORM Sub-national SADC 2024,baseline
TZ08,Lindi,TZ0802,Lindi,Lack of Coping Capacity,Infrastructure,coping:wash,Wash,3.7,MoW,2022 PHC water points & boreholes,"resource availability, rank 2-8"
TZ08,Lindi,TZ0802,Lindi,Lack of Coping Capacity,Infrastructure,coping:communication,Communication,7.85,INFORM SADC 2024,INFORM Sub-national SADC 2024,baseline
TZ08,Lindi,TZ0802,Lindi,Lack of Coping Capacity,Infrastructure,coping:education,Education,6.2,NBS / MoH,2022 PHC schools,resource availability
TZ08,Lindi,TZ0802,Lindi,Lack of Coping Capacity,Institutional,coping:drrImplementation,Drr Implementation,6.5,PMO-DMD / DRR Coordinator,EPRP / EOCC / Anticipatory-Action records,DRM investment overlay
TZ08,Lindi,TZ0802,Lindi,Lack of Coping Capacity,Institutional,coping:governance,Governance,3,PMO-DMD,INFORM SADC governance,baseline
TZ08,Lindi,TZ0803,Nachingwea,Hazard & Exposure,Exposure,hazard:exposure,Population Exposure,2.89,NBS,2022 PHC population,"population density, log min-max"
TZ08,Lindi,TZ0803,Nachingwea,Hazard & Exposure,Natural hazards,hazard:coastalHazards,Coastal Hazards,0,TMA / PMO-DMD,coastal strip,documented overlay
TZ08,Lindi,TZ0803,Nachingwea,Hazard & Exposure,Natural hazards,hazard:drought,Drought,3.5,TMA / MoA,CHIRPS v3 1991-2024 + ERA5 t2m,"aridity+variability+SPEI+growing-season, min-max"
TZ08,Lindi,TZ0803,Nachingwea,Hazard & Exposure,Natural hazards,hazard:earthquake,Earthquake,0,INFORM SADC,INFORM seismic,baseline
TZ08,Lindi,TZ0803,Nachingwea,Hazard & Exposure,Natural hazards,hazard:environmentalDegradation,Environmental Degradation,3.95,INFORM SADC 2024,INFORM Sub-national SADC 2024,baseline
TZ08,Lindi,TZ0803,Nachingwea,Hazard & Exposure,Natural hazards,hazard:flood,Flood,4.6,PMO-DMD / TMA / MoW,CHIRPS v3 daily + recorded floods,"max(hazard, sqrt(hazard×exposure))"
TZ08,Lindi,TZ0803,Nachingwea,Hazard & Exposure,Natural hazards,hazard:landslide,Landslide,0,TMA / PMO-DMD,documented rainfall-triggered events,documented overlay
TZ08,Lindi,TZ0803,Nachingwea,Hazard & Exposure,Natural hazards,hazard:stormsCyclone,Storms Cyclone,3,TMA / PMO-DMD,Cyclone Hidaya 2024 + Lindi 1952 + Zanzibar 1872,documented cyclone/storm exposure overlay
TZ08,Lindi,TZ0803,Nachingwea,Hazard & Exposure,Natural hazards,hazard:volcano,Volcano,0,INFORM SADC 2024,INFORM Sub-national SADC 2024,baseline
TZ08,Lindi,TZ0803,Nachingwea,Hazard & Exposure,Natural hazards,hazard:wildfire,Wildfire,7.9,INFORM SADC 2024,INFORM Sub-national SADC 2024,baseline
TZ08,Lindi,TZ0803,Nachingwea,Hazard & Exposure,Human hazards,hazard:conflictIntensity,Conflict Intensity,0,INFORM SADC 2024,INFORM Sub-national SADC 2024,baseline
TZ08,Lindi,TZ0803,Nachingwea,Hazard & Exposure,Human hazards,hazard:conflictRisk,Conflict Risk,0.7,INFORM SADC 2024,INFORM Sub-national SADC 2024,baseline
TZ08,Lindi,TZ0803,Nachingwea,Hazard & Exposure,Human hazards,hazard:internalViolence,Internal Violence,5.2,INFORM SADC 2024,INFORM Sub-national SADC 2024,baseline
TZ08,Lindi,TZ0803,Nachingwea,Vulnerability,Socio-economic,vulnerability:developmentPoverty,Development Poverty,8,NBS,Household Budget Survey 2017/18,poverty headcount
TZ08,Lindi,TZ0803,Nachingwea,Vulnerability,Socio-economic,vulnerability:economicDependency,Economic Dependency,3.133333333,INFORM SADC 2024,INFORM Sub-national SADC 2024,baseline
TZ08,Lindi,TZ0803,Nachingwea,Vulnerability,Socio-economic,vulnerability:habitat,Habitat,5.05,INFORM SADC 2024,INFORM Sub-national SADC 2024,baseline
TZ08,Lindi,TZ0803,Nachingwea,Vulnerability,Socio-economic,vulnerability:livelihoods,Livelihoods,0,MUCHALI / IPC (MoA),IPC acute food-insecurity rounds,food-insecurity phase
TZ08,Lindi,TZ0803,Nachingwea,Vulnerability,Vulnerable groups,vulnerability:displacedPeople,Displaced People,0,INFORM SADC 2024,INFORM Sub-national SADC 2024,baseline
TZ08,Lindi,TZ0803,Nachingwea,Vulnerability,Vulnerable groups,vulnerability:healthConditions,Health Conditions,4.7,INFORM SADC 2024,INFORM Sub-national SADC 2024,baseline
TZ08,Lindi,TZ0803,Nachingwea,Vulnerability,Vulnerable groups,vulnerability:childrenHealthNutrition,Children Health Nutrition,5.875,MoH,TDHS 2022,under-5 stunting
TZ08,Lindi,TZ0803,Nachingwea,Lack of Coping Capacity,Infrastructure,coping:accessHealth,Access Health,4.96,MoH,2022 PHC health facilities,resource availability
TZ08,Lindi,TZ0803,Nachingwea,Lack of Coping Capacity,Infrastructure,coping:economicCapacity,Economic Capacity,9.4,INFORM SADC 2024,INFORM Sub-national SADC 2024,baseline
TZ08,Lindi,TZ0803,Nachingwea,Lack of Coping Capacity,Infrastructure,coping:wash,Wash,5.1,MoW,2022 PHC water points & boreholes,"resource availability, rank 2-8"
TZ08,Lindi,TZ0803,Nachingwea,Lack of Coping Capacity,Infrastructure,coping:communication,Communication,7.85,INFORM SADC 2024,INFORM Sub-national SADC 2024,baseline
TZ08,Lindi,TZ0803,Nachingwea,Lack of Coping Capacity,Infrastructure,coping:education,Education,6.2,NBS / MoH,2022 PHC schools,resource availability
TZ08,Lindi,TZ0803,Nachingwea,Lack of Coping Capacity,Institutional,coping:drrImplementation,Drr Implementation,6.5,PMO-DMD / DRR Coordinator,EPRP / EOCC / Anticipatory-Action records,DRM investment overlay
TZ08,Lindi,TZ0803,Nachingwea,Lack of Coping Capacity,Institutional,coping:governance,Governance,3,PMO-DMD,INFORM SADC governance,baseline
TZ08,Lindi,TZ0804,Liwale,Hazard & Exposure,Exposure,hazard:exposure,Population Exposure,0,NBS,2022 PHC population,"population density, log min-max"
TZ08,Lindi,TZ0804,Liwale,Hazard & Exposure,Natural hazards,hazard:coastalHazards,Coastal Hazards,0,TMA / PMO-DMD,coastal strip,documented overlay
TZ08,Lindi,TZ0804,Liwale,Hazard & Exposure,Natural hazards,hazard:drought,Drought,3.6,TMA / MoA,CHIRPS v3 1991-2024 + ERA5 t2m,"aridity+variability+SPEI+growing-season, min-max"
TZ08,Lindi,TZ0804,Liwale,Hazard & Exposure,Natural hazards,hazard:earthquake,Earthquake,0,INFORM SADC,INFORM seismic,baseline
TZ08,Lindi,TZ0804,Liwale,Hazard & Exposure,Natural hazards,hazard:environmentalDegradation,Environmental Degradation,3.55,INFORM SADC 2024,INFORM Sub-national SADC 2024,baseline
TZ08,Lindi,TZ0804,Liwale,Hazard & Exposure,Natural hazards,hazard:flood,Flood,7,PMO-DMD / TMA / MoW,CHIRPS v3 daily + recorded floods,"max(hazard, sqrt(hazard×exposure))"
TZ08,Lindi,TZ0804,Liwale,Hazard & Exposure,Natural hazards,hazard:landslide,Landslide,0,TMA / PMO-DMD,documented rainfall-triggered events,documented overlay
TZ08,Lindi,TZ0804,Liwale,Hazard & Exposure,Natural hazards,hazard:stormsCyclone,Storms Cyclone,3,TMA / PMO-DMD,Cyclone Hidaya 2024 + Lindi 1952 + Zanzibar 1872,documented cyclone/storm exposure overlay
TZ08,Lindi,TZ0804,Liwale,Hazard & Exposure,Natural hazards,hazard:volcano,Volcano,0,INFORM SADC 2024,INFORM Sub-national SADC 2024,baseline
TZ08,Lindi,TZ0804,Liwale,Hazard & Exposure,Natural hazards,hazard:wildfire,Wildfire,7.9,INFORM SADC 2024,INFORM Sub-national SADC 2024,baseline
TZ08,Lindi,TZ0804,Liwale,Hazard & Exposure,Human hazards,hazard:conflictIntensity,Conflict Intensity,0,INFORM SADC 2024,INFORM Sub-national SADC 2024,baseline
TZ08,Lindi,TZ0804,Liwale,Hazard & Exposure,Human hazards,hazard:conflictRisk,Conflict Risk,0.7,INFORM SADC 2024,INFORM Sub-national SADC 2024,baseline
TZ08,Lindi,TZ0804,Liwale,Hazard & Exposure,Human hazards,hazard:internalViolence,Internal Violence,5.2,INFORM SADC 2024,INFORM Sub-national SADC 2024,baseline
TZ08,Lindi,TZ0804,Liwale,Vulnerability,Socio-economic,vulnerability:developmentPoverty,Development Poverty,8,NBS,Household Budget Survey 2017/18,poverty headcount
TZ08,Lindi,TZ0804,Liwale,Vulnerability,Socio-economic,vulnerability:economicDependency,Economic Dependency,3.133333333,INFORM SADC 2024,INFORM Sub-national SADC 2024,baseline
TZ08,Lindi,TZ0804,Liwale,Vulnerability,Socio-economic,vulnerability:habitat,Habitat,5.05,INFORM SADC 2024,INFORM Sub-national SADC 2024,baseline
TZ08,Lindi,TZ0804,Liwale,Vulnerability,Socio-economic,vulnerability:livelihoods,Livelihoods,0,MUCHALI / IPC (MoA),IPC acute food-insecurity rounds,food-insecurity phase
TZ08,Lindi,TZ0804,Liwale,Vulnerability,Vulnerable groups,vulnerability:displacedPeople,Displaced People,0,INFORM SADC 2024,INFORM Sub-national SADC 2024,baseline
TZ08,Lindi,TZ0804,Liwale,Vulnerability,Vulnerable groups,vulnerability:healthConditions,Health Conditions,4.7,INFORM SADC 2024,INFORM Sub-national SADC 2024,baseline
TZ08,Lindi,TZ0804,Liwale,Vulnerability,Vulnerable groups,vulnerability:childrenHealthNutrition,Children Health Nutrition,5.875,MoH,TDHS 2022,under-5 stunting
TZ08,Lindi,TZ0804,Liwale,Lack of Coping Capacity,Infrastructure,coping:accessHealth,Access Health,4.96,MoH,2022 PHC health facilities,resource availability
TZ08,Lindi,TZ0804,Liwale,Lack of Coping Capacity,Infrastructure,coping:economicCapacity,Economic Capacity,9.4,INFORM SADC 2024,INFORM Sub-national SADC 2024,baseline
TZ08,Lindi,TZ0804,Liwale,Lack of Coping Capacity,Infrastructure,coping:wash,Wash,6.8,MoW,2022 PHC water points & boreholes,"resource availability, rank 2-8"
TZ08,Lindi,TZ0804,Liwale,Lack of Coping Capacity,Infrastructure,coping:communication,Communication,7.85,INFORM SADC 2024,INFORM Sub-national SADC 2024,baseline
TZ08,Lindi,TZ0804,Liwale,Lack of Coping Capacity,Infrastructure,coping:education,Education,6.2,NBS / MoH,2022 PHC schools,resource availability
TZ08,Lindi,TZ0804,Liwale,Lack of Coping Capacity,Institutional,coping:drrImplementation,Drr Implementation,6.5,PMO-DMD / DRR Coordinator,EPRP / EOCC / Anticipatory-Action records,DRM investment overlay
TZ08,Lindi,TZ0804,Liwale,Lack of Coping Capacity,Institutional,coping:governance,Governance,3,PMO-DMD,INFORM SADC governance,baseline
TZ08,Lindi,TZ0805,Ruangwa,Hazard & Exposure,Exposure,hazard:exposure,Population Exposure,3.56,NBS,2022 PHC population,"population density, log min-max"
TZ08,Lindi,TZ0805,Ruangwa,Hazard & Exposure,Natural hazards,hazard:coastalHazards,Coastal Hazards,0,TMA / PMO-DMD,coastal strip,documented overlay
TZ08,Lindi,TZ0805,Ruangwa,Hazard & Exposure,Natural hazards,hazard:drought,Drought,4,TMA / MoA,CHIRPS v3 1991-2024 + ERA5 t2m,"aridity+variability+SPEI+growing-season, min-max"
TZ08,Lindi,TZ0805,Ruangwa,Hazard & Exposure,Natural hazards,hazard:earthquake,Earthquake,0,INFORM SADC,INFORM seismic,baseline
TZ08,Lindi,TZ0805,Ruangwa,Hazard & Exposure,Natural hazards,hazard:environmentalDegradation,Environmental Degradation,4.1,INFORM SADC 2024,INFORM Sub-national SADC 2024,baseline
TZ08,Lindi,TZ0805,Ruangwa,Hazard & Exposure,Natural hazards,hazard:flood,Flood,4.5,PMO-DMD / TMA / MoW,CHIRPS v3 daily + recorded floods,"max(hazard, sqrt(hazard×exposure))"
TZ08,Lindi,TZ0805,Ruangwa,Hazard & Exposure,Natural hazards,hazard:landslide,Landslide,0,TMA / PMO-DMD,documented rainfall-triggered events,documented overlay
TZ08,Lindi,TZ0805,Ruangwa,Hazard & Exposure,Natural hazards,hazard:stormsCyclone,Storms Cyclone,4,TMA / PMO-DMD,Cyclone Hidaya 2024 + Lindi 1952 + Zanzibar 1872,documented cyclone/storm exposure overlay
TZ08,Lindi,TZ0805,Ruangwa,Hazard & Exposure,Natural hazards,hazard:volcano,Volcano,0,INFORM SADC 2024,INFORM Sub-national SADC 2024,baseline
TZ08,Lindi,TZ0805,Ruangwa,Hazard & Exposure,Natural hazards,hazard:wildfire,Wildfire,7.9,INFORM SADC 2024,INFORM Sub-national SADC 2024,baseline
TZ08,Lindi,TZ0805,Ruangwa,Hazard & Exposure,Human hazards,hazard:conflictIntensity,Conflict Intensity,0,INFORM SADC 2024,INFORM Sub-national SADC 2024,baseline
TZ08,Lindi,TZ0805,Ruangwa,Hazard & Exposure,Human hazards,hazard:conflictRisk,Conflict Risk,0.7,INFORM SADC 2024,INFORM Sub-national SADC 2024,baseline
TZ08,Lindi,TZ0805,Ruangwa,Hazard & Exposure,Human hazards,hazard:internalViolence,Internal Violence,5.2,INFORM SADC 2024,INFORM Sub-national SADC 2024,baseline
TZ08,Lindi,TZ0805,Ruangwa,Vulnerability,Socio-economic,vulnerability:developmentPoverty,Development Poverty,8,NBS,Household Budget Survey 2017/18,poverty headcount
TZ08,Lindi,TZ0805,Ruangwa,Vulnerability,Socio-economic,vulnerability:economicDependency,Economic Dependency,3.133333333,INFORM SADC 2024,INFORM Sub-national SADC 2024,baseline
TZ08,Lindi,TZ0805,Ruangwa,Vulnerability,Socio-economic,vulnerability:habitat,Habitat,5.05,INFORM SADC 2024,INFORM Sub-national SADC 2024,baseline
TZ08,Lindi,TZ0805,Ruangwa,Vulnerability,Socio-economic,vulnerability:livelihoods,Livelihoods,0,MUCHALI / IPC (MoA),IPC acute food-insecurity rounds,food-insecurity phase
TZ08,Lindi,TZ0805,Ruangwa,Vulnerability,Vulnerable groups,vulnerability:displacedPeople,Displaced People,0,INFORM SADC 2024,INFORM Sub-national SADC 2024,baseline
TZ08,Lindi,TZ0805,Ruangwa,Vulnerability,Vulnerable groups,vulnerability:healthConditions,Health Conditions,4.7,INFORM SADC 2024,INFORM Sub-national SADC 2024,baseline
TZ08,Lindi,TZ0805,Ruangwa,Vulnerability,Vulnerable groups,vulnerability:childrenHealthNutrition,Children Health Nutrition,5.875,MoH,TDHS 2022,under-5 stunting
TZ08,Lindi,TZ0805,Ruangwa,Lack of Coping Capacity,Infrastructure,coping:accessHealth,Access Health,4.96,MoH,2022 PHC health facilities,resource availability
TZ08,Lindi,TZ0805,Ruangwa,Lack of Coping Capacity,Infrastructure,coping:economicCapacity,Economic Capacity,9.4,INFORM SADC 2024,INFORM Sub-national SADC 2024,baseline
TZ08,Lindi,TZ0805,Ruangwa,Lack of Coping Capacity,Infrastructure,coping:wash,Wash,5.3,MoW,2022 PHC water points & boreholes,"resource availability, rank 2-8"
TZ08,Lindi,TZ0805,Ruangwa,Lack of Coping Capacity,Infrastructure,coping:communication,Communication,7.85,INFORM SADC 2024,INFORM Sub-national SADC 2024,baseline
TZ08,Lindi,TZ0805,Ruangwa,Lack of Coping Capacity,Infrastructure,coping:education,Education,6.2,NBS / MoH,2022 PHC schools,resource availability
TZ08,Lindi,TZ0805,Ruangwa,Lack of Coping Capacity,Institutional,coping:drrImplementation,Drr Implementation,6.5,PMO-DMD / DRR Coordinator,EPRP / EOCC / Anticipatory-Action records,DRM investment overlay
TZ08,Lindi,TZ0805,Ruangwa,Lack of Coping Capacity,Institutional,coping:governance,Governance,3,PMO-DMD,INFORM SADC governance,baseline
TZ08,Lindi,TZ0806,Lindi Urban,Hazard & Exposure,Natural hazards,hazard:coastalHazards,Coastal Hazards,7,TMA / PMO-DMD,coastal strip,documented overlay
TZ08,Lindi,TZ0806,Lindi Urban,Hazard & Exposure,Natural hazards,hazard:drought,Drought,0,TMA / MoA,CHIRPS v3 1991-2024 + ERA5 t2m,"aridity+variability+SPEI+growing-season, min-max"
TZ08,Lindi,TZ0806,Lindi Urban,Hazard & Exposure,Natural hazards,hazard:earthquake,Earthquake,0,INFORM SADC,INFORM seismic,baseline
TZ08,Lindi,TZ0806,Lindi Urban,Hazard & Exposure,Natural hazards,hazard:environmentalDegradation,Environmental Degradation,4.95,INFORM SADC 2024,INFORM Sub-national SADC 2024,baseline
TZ08,Lindi,TZ0806,Lindi Urban,Hazard & Exposure,Natural hazards,hazard:flood,Flood,6.8,PMO-DMD / TMA / MoW,CHIRPS v3 daily + recorded floods,"max(hazard, sqrt(hazard×exposure))"
TZ08,Lindi,TZ0806,Lindi Urban,Hazard & Exposure,Natural hazards,hazard:landslide,Landslide,0,TMA / PMO-DMD,documented rainfall-triggered events,documented overlay
TZ08,Lindi,TZ0806,Lindi Urban,Hazard & Exposure,Natural hazards,hazard:stormsCyclone,Storms Cyclone,0,TMA / PMO-DMD,Cyclone Hidaya 2024 + Lindi 1952 + Zanzibar 1872,documented cyclone/storm exposure overlay
TZ08,Lindi,TZ0806,Lindi Urban,Hazard & Exposure,Natural hazards,hazard:volcano,Volcano,0,INFORM SADC 2024,INFORM Sub-national SADC 2024,baseline
TZ08,Lindi,TZ0806,Lindi Urban,Hazard & Exposure,Natural hazards,hazard:wildfire,Wildfire,7.9,INFORM SADC 2024,INFORM Sub-national SADC 2024,baseline
TZ08,Lindi,TZ0806,Lindi Urban,Hazard & Exposure,Human hazards,hazard:conflictIntensity,Conflict Intensity,0,INFORM SADC 2024,INFORM Sub-national SADC 2024,baseline
TZ08,Lindi,TZ0806,Lindi Urban,Hazard & Exposure,Human hazards,hazard:conflictRisk,Conflict Risk,0.7,INFORM SADC 2024,INFORM Sub-national SADC 2024,baseline
TZ08,Lindi,TZ0806,Lindi Urban,Hazard & Exposure,Human hazards,hazard:internalViolence,Internal Violence,5.2,INFORM SADC 2024,INFORM Sub-national SADC 2024,baseline
TZ08,Lindi,TZ0806,Lindi Urban,Vulnerability,Socio-economic,vulnerability:developmentPoverty,Development Poverty,8,NBS,Household Budget Survey 2017/18,poverty headcount
TZ08,Lindi,TZ0806,Lindi Urban,Vulnerability,Socio-economic,vulnerability:economicDependency,Economic Dependency,3.133333333,INFORM SADC 2024,INFORM Sub-national SADC 2024,baseline
TZ08,Lindi,TZ0806,Lindi Urban,Vulnerability,Socio-economic,vulnerability:habitat,Habitat,5.05,INFORM SADC 2024,INFORM Sub-national SADC 2024,baseline
TZ08,Lindi,TZ0806,Lindi Urban,Vulnerability,Socio-economic,vulnerability:livelihoods,Livelihoods,0,MUCHALI / IPC (MoA),IPC acute food-insecurity rounds,food-insecurity phase
TZ08,Lindi,TZ0806,Lindi Urban,Vulnerability,Vulnerable groups,vulnerability:displacedPeople,Displaced People,0,INFORM SADC 2024,INFORM Sub-national SADC 2024,baseline
TZ08,Lindi,TZ0806,Lindi Urban,Vulnerability,Vulnerable groups,vulnerability:healthConditions,Health Conditions,4.7,INFORM SADC 2024,INFORM Sub-national SADC 2024,baseline
TZ08,Lindi,TZ0806,Lindi Urban,Vulnerability,Vulnerable groups,vulnerability:childrenHealthNutrition,Children Health Nutrition,5.875,MoH,TDHS 2022,under-5 stunting
TZ08,Lindi,TZ0806,Lindi Urban,Lack of Coping Capacity,Infrastructure,coping:accessHealth,Access Health,4.96,MoH,2022 PHC health facilities,resource availability
TZ08,Lindi,TZ0806,Lindi Urban,Lack of Coping Capacity,Infrastructure,coping:economicCapacity,Economic Capacity,9.4,INFORM SADC 2024,INFORM Sub-national SADC 2024,baseline
TZ08,Lindi,TZ0806,Lindi Urban,Lack of Coping Capacity,Infrastructure,coping:wash,Wash,7,MoW,2022 PHC water points & boreholes,"resource availability, rank 2-8"
TZ08,Lindi,TZ0806,Lindi Urban,Lack of Coping Capacity,Infrastructure,coping:communication,Communication,7.85,INFORM SADC 2024,INFORM Sub-national SADC 2024,baseline
TZ08,Lindi,TZ0806,Lindi Urban,Lack of Coping Capacity,Infrastructure,coping:education,Education,6.2,NBS / MoH,2022 PHC schools,resource availability
TZ08,Lindi,TZ0806,Lindi Urban,Lack of Coping Capacity,Institutional,coping:drrImplementation,Drr Implementation,6.5,PMO-DMD / DRR Coordinator,EPRP / EOCC / Anticipatory-Action records,DRM investment overlay
TZ08,Lindi,TZ0806,Lindi Urban,Lack of Coping Capacity,Institutional,coping:governance,Governance,3,PMO-DMD,INFORM SADC governance,baseline
TZ09,Mtwara,TZ0901,Mtwara,Hazard & Exposure,Exposure,hazard:exposure,Population Exposure,3.65,NBS,2022 PHC population,"population density, log min-max"
TZ09,Mtwara,TZ0901,Mtwara,Hazard & Exposure,Natural hazards,hazard:coastalHazards,Coastal Hazards,7,TMA / PMO-DMD,coastal strip,documented overlay
TZ09,Mtwara,TZ0901,Mtwara,Hazard & Exposure,Natural hazards,hazard:drought,Drought,4.1,TMA / MoA,CHIRPS v3 1991-2024 + ERA5 t2m,"aridity+variability+SPEI+growing-season, min-max"
TZ09,Mtwara,TZ0901,Mtwara,Hazard & Exposure,Natural hazards,hazard:earthquake,Earthquake,5.7,INFORM SADC,INFORM seismic,baseline
TZ09,Mtwara,TZ0901,Mtwara,Hazard & Exposure,Natural hazards,hazard:environmentalDegradation,Environmental Degradation,5.6,INFORM SADC 2024,INFORM Sub-national SADC 2024,baseline
TZ09,Mtwara,TZ0901,Mtwara,Hazard & Exposure,Natural hazards,hazard:flood,Flood,8.2,PMO-DMD / TMA / MoW,CHIRPS v3 daily + recorded floods,"max(hazard, sqrt(hazard×exposure))"
TZ09,Mtwara,TZ0901,Mtwara,Hazard & Exposure,Natural hazards,hazard:landslide,Landslide,1.8,TMA / PMO-DMD,documented rainfall-triggered events,documented overlay
TZ09,Mtwara,TZ0901,Mtwara,Hazard & Exposure,Natural hazards,hazard:stormsCyclone,Storms Cyclone,10,TMA / PMO-DMD,Cyclone Hidaya 2024 + Lindi 1952 + Zanzibar 1872,documented cyclone/storm exposure overlay
TZ09,Mtwara,TZ0901,Mtwara,Hazard & Exposure,Natural hazards,hazard:volcano,Volcano,0,INFORM SADC 2024,INFORM Sub-national SADC 2024,baseline
TZ09,Mtwara,TZ0901,Mtwara,Hazard & Exposure,Natural hazards,hazard:wildfire,Wildfire,5.5,INFORM SADC 2024,INFORM Sub-national SADC 2024,baseline
TZ09,Mtwara,TZ0901,Mtwara,Hazard & Exposure,Human hazards,hazard:conflictIntensity,Conflict Intensity,0,INFORM SADC 2024,INFORM Sub-national SADC 2024,baseline
TZ09,Mtwara,TZ0901,Mtwara,Hazard & Exposure,Human hazards,hazard:conflictRisk,Conflict Risk,0.7,INFORM SADC 2024,INFORM Sub-national SADC 2024,baseline
TZ09,Mtwara,TZ0901,Mtwara,Hazard & Exposure,Human hazards,hazard:internalViolence,Internal Violence,9.1,INFORM SADC 2024,INFORM Sub-national SADC 2024,baseline
TZ09,Mtwara,TZ0901,Mtwara,Vulnerability,Socio-economic,vulnerability:developmentPoverty,Development Poverty,7.5,NBS,Household Budget Survey 2017/18,poverty headcount
TZ09,Mtwara,TZ0901,Mtwara,Vulnerability,Socio-economic,vulnerability:economicDependency,Economic Dependency,2.766666667,INFORM SADC 2024,INFORM Sub-national SADC 2024,baseline
TZ09,Mtwara,TZ0901,Mtwara,Vulnerability,Socio-economic,vulnerability:habitat,Habitat,5.15,INFORM SADC 2024,INFORM Sub-national SADC 2024,baseline
TZ09,Mtwara,TZ0901,Mtwara,Vulnerability,Socio-economic,vulnerability:livelihoods,Livelihoods,0,MUCHALI / IPC (MoA),IPC acute food-insecurity rounds,food-insecurity phase
TZ09,Mtwara,TZ0901,Mtwara,Vulnerability,Vulnerable groups,vulnerability:displacedPeople,Displaced People,7.3,INFORM SADC 2024,INFORM Sub-national SADC 2024,baseline
TZ09,Mtwara,TZ0901,Mtwara,Vulnerability,Vulnerable groups,vulnerability:healthConditions,Health Conditions,5.1,INFORM SADC 2024,INFORM Sub-national SADC 2024,baseline
TZ09,Mtwara,TZ0901,Mtwara,Vulnerability,Vulnerable groups,vulnerability:childrenHealthNutrition,Children Health Nutrition,6.45,MoH,TDHS 2022,under-5 stunting
TZ09,Mtwara,TZ0901,Mtwara,Lack of Coping Capacity,Infrastructure,coping:accessHealth,Access Health,5.5,MoH,2022 PHC health facilities,resource availability
TZ09,Mtwara,TZ0901,Mtwara,Lack of Coping Capacity,Infrastructure,coping:economicCapacity,Economic Capacity,9.3,INFORM SADC 2024,INFORM Sub-national SADC 2024,baseline
TZ09,Mtwara,TZ0901,Mtwara,Lack of Coping Capacity,Infrastructure,coping:wash,Wash,3.2,MoW,2022 PHC water points & boreholes,"resource availability, rank 2-8"
TZ09,Mtwara,TZ0901,Mtwara,Lack of Coping Capacity,Infrastructure,coping:communication,Communication,8.2,INFORM SADC 2024,INFORM Sub-national SADC 2024,baseline
TZ09,Mtwara,TZ0901,Mtwara,Lack of Coping Capacity,Infrastructure,coping:education,Education,6.2,NBS / MoH,2022 PHC schools,resource availability
TZ09,Mtwara,TZ0901,Mtwara,Lack of Coping Capacity,Institutional,coping:drrImplementation,Drr Implementation,6.5,PMO-DMD / DRR Coordinator,EPRP / EOCC / Anticipatory-Action records,DRM investment overlay
TZ09,Mtwara,TZ0901,Mtwara,Lack of Coping Capacity,Institutional,coping:governance,Governance,3.9,PMO-DMD,INFORM SADC governance,baseline
TZ09,Mtwara,TZ0902,Newala,Hazard & Exposure,Exposure,hazard:exposure,Population Exposure,4.22,NBS,2022 PHC population,"population density, log min-max"
TZ09,Mtwara,TZ0902,Newala,Hazard & Exposure,Natural hazards,hazard:coastalHazards,Coastal Hazards,0,TMA / PMO-DMD,coastal strip,documented overlay
TZ09,Mtwara,TZ0902,Newala,Hazard & Exposure,Natural hazards,hazard:drought,Drought,2.2,TMA / MoA,CHIRPS v3 1991-2024 + ERA5 t2m,"aridity+variability+SPEI+growing-season, min-max"
TZ09,Mtwara,TZ0902,Newala,Hazard & Exposure,Natural hazards,hazard:earthquake,Earthquake,0,INFORM SADC,INFORM seismic,baseline
TZ09,Mtwara,TZ0902,Newala,Hazard & Exposure,Natural hazards,hazard:environmentalDegradation,Environmental Degradation,5.1,INFORM SADC 2024,INFORM Sub-national SADC 2024,baseline
TZ09,Mtwara,TZ0902,Newala,Hazard & Exposure,Natural hazards,hazard:flood,Flood,4,PMO-DMD / TMA / MoW,CHIRPS v3 daily + recorded floods,"max(hazard, sqrt(hazard×exposure))"
TZ09,Mtwara,TZ0902,Newala,Hazard & Exposure,Natural hazards,hazard:landslide,Landslide,0,TMA / PMO-DMD,documented rainfall-triggered events,documented overlay
TZ09,Mtwara,TZ0902,Newala,Hazard & Exposure,Natural hazards,hazard:stormsCyclone,Storms Cyclone,4,TMA / PMO-DMD,Cyclone Hidaya 2024 + Lindi 1952 + Zanzibar 1872,documented cyclone/storm exposure overlay
TZ09,Mtwara,TZ0902,Newala,Hazard & Exposure,Natural hazards,hazard:volcano,Volcano,0,INFORM SADC 2024,INFORM Sub-national SADC 2024,baseline
TZ09,Mtwara,TZ0902,Newala,Hazard & Exposure,Natural hazards,hazard:wildfire,Wildfire,5.5,INFORM SADC 2024,INFORM Sub-national SADC 2024,baseline
TZ09,Mtwara,TZ0902,Newala,Hazard & Exposure,Human hazards,hazard:conflictIntensity,Conflict Intensity,0,INFORM SADC 2024,INFORM Sub-national SADC 2024,baseline
TZ09,Mtwara,TZ0902,Newala,Hazard & Exposure,Human hazards,hazard:conflictRisk,Conflict Risk,0.7,INFORM SADC 2024,INFORM Sub-national SADC 2024,baseline
TZ09,Mtwara,TZ0902,Newala,Hazard & Exposure,Human hazards,hazard:internalViolence,Internal Violence,9.1,INFORM SADC 2024,INFORM Sub-national SADC 2024,baseline
TZ09,Mtwara,TZ0902,Newala,Vulnerability,Socio-economic,vulnerability:developmentPoverty,Development Poverty,7.5,NBS,Household Budget Survey 2017/18,poverty headcount
TZ09,Mtwara,TZ0902,Newala,Vulnerability,Socio-economic,vulnerability:economicDependency,Economic Dependency,2.766666667,INFORM SADC 2024,INFORM Sub-national SADC 2024,baseline
TZ09,Mtwara,TZ0902,Newala,Vulnerability,Socio-economic,vulnerability:habitat,Habitat,5.15,INFORM SADC 2024,INFORM Sub-national SADC 2024,baseline
TZ09,Mtwara,TZ0902,Newala,Vulnerability,Socio-economic,vulnerability:livelihoods,Livelihoods,0,MUCHALI / IPC (MoA),IPC acute food-insecurity rounds,food-insecurity phase
TZ09,Mtwara,TZ0902,Newala,Vulnerability,Vulnerable groups,vulnerability:displacedPeople,Displaced People,7.3,INFORM SADC 2024,INFORM Sub-national SADC 2024,baseline
TZ09,Mtwara,TZ0902,Newala,Vulnerability,Vulnerable groups,vulnerability:healthConditions,Health Conditions,5.1,INFORM SADC 2024,INFORM Sub-national SADC 2024,baseline
TZ09,Mtwara,TZ0902,Newala,Vulnerability,Vulnerable groups,vulnerability:childrenHealthNutrition,Children Health Nutrition,6.45,MoH,TDHS 2022,under-5 stunting
TZ09,Mtwara,TZ0902,Newala,Lack of Coping Capacity,Infrastructure,coping:accessHealth,Access Health,5.5,MoH,2022 PHC health facilities,resource availability
TZ09,Mtwara,TZ0902,Newala,Lack of Coping Capacity,Infrastructure,coping:economicCapacity,Economic Capacity,9.3,INFORM SADC 2024,INFORM Sub-national SADC 2024,baseline
TZ09,Mtwara,TZ0902,Newala,Lack of Coping Capacity,Infrastructure,coping:wash,Wash,4.7,MoW,2022 PHC water points & boreholes,"resource availability, rank 2-8"
TZ09,Mtwara,TZ0902,Newala,Lack of Coping Capacity,Infrastructure,coping:communication,Communication,8.2,INFORM SADC 2024,INFORM Sub-national SADC 2024,baseline
TZ09,Mtwara,TZ0902,Newala,Lack of Coping Capacity,Infrastructure,coping:education,Education,6.2,NBS / MoH,2022 PHC schools,resource availability
TZ09,Mtwara,TZ0902,Newala,Lack of Coping Capacity,Institutional,coping:drrImplementation,Drr Implementation,6.5,PMO-DMD / DRR Coordinator,EPRP / EOCC / Anticipatory-Action records,DRM investment overlay
TZ09,Mtwara,TZ0902,Newala,Lack of Coping Capacity,Institutional,coping:governance,Governance,3.9,PMO-DMD,INFORM SADC governance,baseline
TZ09,Mtwara,TZ0903,Masasi,Hazard & Exposure,Exposure,hazard:exposure,Population Exposure,3.88,NBS,2022 PHC population,"population density, log min-max"
TZ09,Mtwara,TZ0903,Masasi,Hazard & Exposure,Natural hazards,hazard:coastalHazards,Coastal Hazards,0,TMA / PMO-DMD,coastal strip,documented overlay
TZ09,Mtwara,TZ0903,Masasi,Hazard & Exposure,Natural hazards,hazard:drought,Drought,3.3,TMA / MoA,CHIRPS v3 1991-2024 + ERA5 t2m,"aridity+variability+SPEI+growing-season, min-max"
TZ09,Mtwara,TZ0903,Masasi,Hazard & Exposure,Natural hazards,hazard:earthquake,Earthquake,0,INFORM SADC,INFORM seismic,baseline
TZ09,Mtwara,TZ0903,Masasi,Hazard & Exposure,Natural hazards,hazard:environmentalDegradation,Environmental Degradation,4.25,INFORM SADC 2024,INFORM Sub-national SADC 2024,baseline
TZ09,Mtwara,TZ0903,Masasi,Hazard & Exposure,Natural hazards,hazard:flood,Flood,3.7,PMO-DMD / TMA / MoW,CHIRPS v3 daily + recorded floods,"max(hazard, sqrt(hazard×exposure))"
TZ09,Mtwara,TZ0903,Masasi,Hazard & Exposure,Natural hazards,hazard:landslide,Landslide,0,TMA / PMO-DMD,documented rainfall-triggered events,documented overlay
TZ09,Mtwara,TZ0903,Masasi,Hazard & Exposure,Natural hazards,hazard:stormsCyclone,Storms Cyclone,4,TMA / PMO-DMD,Cyclone Hidaya 2024 + Lindi 1952 + Zanzibar 1872,documented cyclone/storm exposure overlay
TZ09,Mtwara,TZ0903,Masasi,Hazard & Exposure,Natural hazards,hazard:volcano,Volcano,0,INFORM SADC 2024,INFORM Sub-national SADC 2024,baseline
TZ09,Mtwara,TZ0903,Masasi,Hazard & Exposure,Natural hazards,hazard:wildfire,Wildfire,5.5,INFORM SADC 2024,INFORM Sub-national SADC 2024,baseline
TZ09,Mtwara,TZ0903,Masasi,Hazard & Exposure,Human hazards,hazard:conflictIntensity,Conflict Intensity,0,INFORM SADC 2024,INFORM Sub-national SADC 2024,baseline
TZ09,Mtwara,TZ0903,Masasi,Hazard & Exposure,Human hazards,hazard:conflictRisk,Conflict Risk,0.7,INFORM SADC 2024,INFORM Sub-national SADC 2024,baseline
TZ09,Mtwara,TZ0903,Masasi,Hazard & Exposure,Human hazards,hazard:internalViolence,Internal Violence,9.1,INFORM SADC 2024,INFORM Sub-national SADC 2024,baseline
TZ09,Mtwara,TZ0903,Masasi,Vulnerability,Socio-economic,vulnerability:developmentPoverty,Development Poverty,7.5,NBS,Household Budget Survey 2017/18,poverty headcount
TZ09,Mtwara,TZ0903,Masasi,Vulnerability,Socio-economic,vulnerability:economicDependency,Economic Dependency,2.766666667,INFORM SADC 2024,INFORM Sub-national SADC 2024,baseline
TZ09,Mtwara,TZ0903,Masasi,Vulnerability,Socio-economic,vulnerability:habitat,Habitat,5.15,INFORM SADC 2024,INFORM Sub-national SADC 2024,baseline
TZ09,Mtwara,TZ0903,Masasi,Vulnerability,Socio-economic,vulnerability:livelihoods,Livelihoods,0,MUCHALI / IPC (MoA),IPC acute food-insecurity rounds,food-insecurity phase
TZ09,Mtwara,TZ0903,Masasi,Vulnerability,Vulnerable groups,vulnerability:displacedPeople,Displaced People,7.3,INFORM SADC 2024,INFORM Sub-national SADC 2024,baseline
TZ09,Mtwara,TZ0903,Masasi,Vulnerability,Vulnerable groups,vulnerability:healthConditions,Health Conditions,5.1,INFORM SADC 2024,INFORM Sub-national SADC 2024,baseline
TZ09,Mtwara,TZ0903,Masasi,Vulnerability,Vulnerable groups,vulnerability:childrenHealthNutrition,Children Health Nutrition,6.45,MoH,TDHS 2022,under-5 stunting
TZ09,Mtwara,TZ0903,Masasi,Lack of Coping Capacity,Infrastructure,coping:accessHealth,Access Health,5.5,MoH,2022 PHC health facilities,resource availability
TZ09,Mtwara,TZ0903,Masasi,Lack of Coping Capacity,Infrastructure,coping:economicCapacity,Economic Capacity,9.3,INFORM SADC 2024,INFORM Sub-national SADC 2024,baseline
TZ09,Mtwara,TZ0903,Masasi,Lack of Coping Capacity,Infrastructure,coping:wash,Wash,2.2,MoW,2022 PHC water points & boreholes,"resource availability, rank 2-8"
TZ09,Mtwara,TZ0903,Masasi,Lack of Coping Capacity,Infrastructure,coping:communication,Communication,8.2,INFORM SADC 2024,INFORM Sub-national SADC 2024,baseline
TZ09,Mtwara,TZ0903,Masasi,Lack of Coping Capacity,Infrastructure,coping:education,Education,6.2,NBS / MoH,2022 PHC schools,resource availability
TZ09,Mtwara,TZ0903,Masasi,Lack of Coping Capacity,Institutional,coping:drrImplementation,Drr Implementation,6.5,PMO-DMD / DRR Coordinator,EPRP / EOCC / Anticipatory-Action records,DRM investment overlay
TZ09,Mtwara,TZ0903,Masasi,Lack of Coping Capacity,Institutional,coping:governance,Governance,3.9,PMO-DMD,INFORM SADC governance,baseline
TZ09,Mtwara,TZ0904,Tandahimba,Hazard & Exposure,Exposure,hazard:exposure,Population Exposure,4.39,NBS,2022 PHC population,"population density, log min-max"
TZ09,Mtwara,TZ0904,Tandahimba,Hazard & Exposure,Natural hazards,hazard:coastalHazards,Coastal Hazards,0,TMA / PMO-DMD,coastal strip,documented overlay
TZ09,Mtwara,TZ0904,Tandahimba,Hazard & Exposure,Natural hazards,hazard:drought,Drought,2.4,TMA / MoA,CHIRPS v3 1991-2024 + ERA5 t2m,"aridity+variability+SPEI+growing-season, min-max"
TZ09,Mtwara,TZ0904,Tandahimba,Hazard & Exposure,Natural hazards,hazard:earthquake,Earthquake,0,INFORM SADC,INFORM seismic,baseline
TZ09,Mtwara,TZ0904,Tandahimba,Hazard & Exposure,Natural hazards,hazard:environmentalDegradation,Environmental Degradation,5.15,INFORM SADC 2024,INFORM Sub-national SADC 2024,baseline
TZ09,Mtwara,TZ0904,Tandahimba,Hazard & Exposure,Natural hazards,hazard:flood,Flood,4.9,PMO-DMD / TMA / MoW,CHIRPS v3 daily + recorded floods,"max(hazard, sqrt(hazard×exposure))"
TZ09,Mtwara,TZ0904,Tandahimba,Hazard & Exposure,Natural hazards,hazard:landslide,Landslide,0,TMA / PMO-DMD,documented rainfall-triggered events,documented overlay
TZ09,Mtwara,TZ0904,Tandahimba,Hazard & Exposure,Natural hazards,hazard:stormsCyclone,Storms Cyclone,5,TMA / PMO-DMD,Cyclone Hidaya 2024 + Lindi 1952 + Zanzibar 1872,documented cyclone/storm exposure overlay
TZ09,Mtwara,TZ0904,Tandahimba,Hazard & Exposure,Natural hazards,hazard:volcano,Volcano,0,INFORM SADC 2024,INFORM Sub-national SADC 2024,baseline
TZ09,Mtwara,TZ0904,Tandahimba,Hazard & Exposure,Natural hazards,hazard:wildfire,Wildfire,5.5,INFORM SADC 2024,INFORM Sub-national SADC 2024,baseline
TZ09,Mtwara,TZ0904,Tandahimba,Hazard & Exposure,Human hazards,hazard:conflictIntensity,Conflict Intensity,0,INFORM SADC 2024,INFORM Sub-national SADC 2024,baseline
TZ09,Mtwara,TZ0904,Tandahimba,Hazard & Exposure,Human hazards,hazard:conflictRisk,Conflict Risk,0.7,INFORM SADC 2024,INFORM Sub-national SADC 2024,baseline
TZ09,Mtwara,TZ0904,Tandahimba,Hazard & Exposure,Human hazards,hazard:internalViolence,Internal Violence,9.1,INFORM SADC 2024,INFORM Sub-national SADC 2024,baseline
TZ09,Mtwara,TZ0904,Tandahimba,Vulnerability,Socio-economic,vulnerability:developmentPoverty,Development Poverty,7.5,NBS,Household Budget Survey 2017/18,poverty headcount
TZ09,Mtwara,TZ0904,Tandahimba,Vulnerability,Socio-economic,vulnerability:economicDependency,Economic Dependency,2.766666667,INFORM SADC 2024,INFORM Sub-national SADC 2024,baseline
TZ09,Mtwara,TZ0904,Tandahimba,Vulnerability,Socio-economic,vulnerability:habitat,Habitat,5.15,INFORM SADC 2024,INFORM Sub-national SADC 2024,baseline
TZ09,Mtwara,TZ0904,Tandahimba,Vulnerability,Socio-economic,vulnerability:livelihoods,Livelihoods,0,MUCHALI / IPC (MoA),IPC acute food-insecurity rounds,food-insecurity phase
TZ09,Mtwara,TZ0904,Tandahimba,Vulnerability,Vulnerable groups,vulnerability:displacedPeople,Displaced People,7.3,INFORM SADC 2024,INFORM Sub-national SADC 2024,baseline
TZ09,Mtwara,TZ0904,Tandahimba,Vulnerability,Vulnerable groups,vulnerability:healthConditions,Health Conditions,5.1,INFORM SADC 2024,INFORM Sub-national SADC 2024,baseline
TZ09,Mtwara,TZ0904,Tandahimba,Vulnerability,Vulnerable groups,vulnerability:childrenHealthNutrition,Children Health Nutrition,6.45,MoH,TDHS 2022,under-5 stunting
TZ09,Mtwara,TZ0904,Tandahimba,Lack of Coping Capacity,Infrastructure,coping:accessHealth,Access Health,5.5,MoH,2022 PHC health facilities,resource availability
TZ09,Mtwara,TZ0904,Tandahimba,Lack of Coping Capacity,Infrastructure,coping:economicCapacity,Economic Capacity,9.3,INFORM SADC 2024,INFORM Sub-national SADC 2024,baseline
TZ09,Mtwara,TZ0904,Tandahimba,Lack of Coping Capacity,Infrastructure,coping:wash,Wash,4.2,MoW,2022 PHC water points & boreholes,"resource availability, rank 2-8"
TZ09,Mtwara,TZ0904,Tandahimba,Lack of Coping Capacity,Infrastructure,coping:communication,Communication,8.2,INFORM SADC 2024,INFORM Sub-national SADC 2024,baseline
TZ09,Mtwara,TZ0904,Tandahimba,Lack of Coping Capacity,Infrastructure,coping:education,Education,6.2,NBS / MoH,2022 PHC schools,resource availability
TZ09,Mtwara,TZ0904,Tandahimba,Lack of Coping Capacity,Institutional,coping:drrImplementation,Drr Implementation,6.5,PMO-DMD / DRR Coordinator,EPRP / EOCC / Anticipatory-Action records,DRM investment overlay
TZ09,Mtwara,TZ0904,Tandahimba,Lack of Coping Capacity,Institutional,coping:governance,Governance,3.9,PMO-DMD,INFORM SADC governance,baseline
TZ09,Mtwara,TZ0905,Mtwara Urban,Hazard & Exposure,Natural hazards,hazard:coastalHazards,Coastal Hazards,7,TMA / PMO-DMD,coastal strip,documented overlay
TZ09,Mtwara,TZ0905,Mtwara Urban,Hazard & Exposure,Natural hazards,hazard:drought,Drought,0,TMA / MoA,CHIRPS v3 1991-2024 + ERA5 t2m,"aridity+variability+SPEI+growing-season, min-max"
TZ09,Mtwara,TZ0905,Mtwara Urban,Hazard & Exposure,Natural hazards,hazard:earthquake,Earthquake,10,INFORM SADC,INFORM seismic,baseline
TZ09,Mtwara,TZ0905,Mtwara Urban,Hazard & Exposure,Natural hazards,hazard:environmentalDegradation,Environmental Degradation,5.1,INFORM SADC 2024,INFORM Sub-national SADC 2024,baseline
TZ09,Mtwara,TZ0905,Mtwara Urban,Hazard & Exposure,Natural hazards,hazard:flood,Flood,5.4,PMO-DMD / TMA / MoW,CHIRPS v3 daily + recorded floods,"max(hazard, sqrt(hazard×exposure))"
TZ09,Mtwara,TZ0905,Mtwara Urban,Hazard & Exposure,Natural hazards,hazard:landslide,Landslide,4.2,TMA / PMO-DMD,documented rainfall-triggered events,documented overlay
TZ09,Mtwara,TZ0905,Mtwara Urban,Hazard & Exposure,Natural hazards,hazard:stormsCyclone,Storms Cyclone,0,TMA / PMO-DMD,Cyclone Hidaya 2024 + Lindi 1952 + Zanzibar 1872,documented cyclone/storm exposure overlay
TZ09,Mtwara,TZ0905,Mtwara Urban,Hazard & Exposure,Natural hazards,hazard:volcano,Volcano,0,INFORM SADC 2024,INFORM Sub-national SADC 2024,baseline
TZ09,Mtwara,TZ0905,Mtwara Urban,Hazard & Exposure,Natural hazards,hazard:wildfire,Wildfire,5.5,INFORM SADC 2024,INFORM Sub-national SADC 2024,baseline
TZ09,Mtwara,TZ0905,Mtwara Urban,Hazard & Exposure,Human hazards,hazard:conflictIntensity,Conflict Intensity,0,INFORM SADC 2024,INFORM Sub-national SADC 2024,baseline
TZ09,Mtwara,TZ0905,Mtwara Urban,Hazard & Exposure,Human hazards,hazard:conflictRisk,Conflict Risk,0.7,INFORM SADC 2024,INFORM Sub-national SADC 2024,baseline
TZ09,Mtwara,TZ0905,Mtwara Urban,Hazard & Exposure,Human hazards,hazard:internalViolence,Internal Violence,9.1,INFORM SADC 2024,INFORM Sub-national SADC 2024,baseline
TZ09,Mtwara,TZ0905,Mtwara Urban,Vulnerability,Socio-economic,vulnerability:developmentPoverty,Development Poverty,7.5,NBS,Household Budget Survey 2017/18,poverty headcount
TZ09,Mtwara,TZ0905,Mtwara Urban,Vulnerability,Socio-economic,vulnerability:economicDependency,Economic Dependency,2.766666667,INFORM SADC 2024,INFORM Sub-national SADC 2024,baseline
TZ09,Mtwara,TZ0905,Mtwara Urban,Vulnerability,Socio-economic,vulnerability:habitat,Habitat,5.15,INFORM SADC 2024,INFORM Sub-national SADC 2024,baseline
TZ09,Mtwara,TZ0905,Mtwara Urban,Vulnerability,Socio-economic,vulnerability:livelihoods,Livelihoods,0,MUCHALI / IPC (MoA),IPC acute food-insecurity rounds,food-insecurity phase
TZ09,Mtwara,TZ0905,Mtwara Urban,Vulnerability,Vulnerable groups,vulnerability:displacedPeople,Displaced People,7.3,INFORM SADC 2024,INFORM Sub-national SADC 2024,baseline
TZ09,Mtwara,TZ0905,Mtwara Urban,Vulnerability,Vulnerable groups,vulnerability:healthConditions,Health Conditions,5.1,INFORM SADC 2024,INFORM Sub-national SADC 2024,baseline
TZ09,Mtwara,TZ0905,Mtwara Urban,Vulnerability,Vulnerable groups,vulnerability:childrenHealthNutrition,Children Health Nutrition,6.45,MoH,TDHS 2022,under-5 stunting
TZ09,Mtwara,TZ0905,Mtwara Urban,Lack of Coping Capacity,Infrastructure,coping:accessHealth,Access Health,5.5,MoH,2022 PHC health facilities,resource availability
TZ09,Mtwara,TZ0905,Mtwara Urban,Lack of Coping Capacity,Infrastructure,coping:economicCapacity,Economic Capacity,9.3,INFORM SADC 2024,INFORM Sub-national SADC 2024,baseline
TZ09,Mtwara,TZ0905,Mtwara Urban,Lack of Coping Capacity,Infrastructure,coping:wash,Wash,7,MoW,2022 PHC water points & boreholes,"resource availability, rank 2-8"
TZ09,Mtwara,TZ0905,Mtwara Urban,Lack of Coping Capacity,Infrastructure,coping:communication,Communication,8.2,INFORM SADC 2024,INFORM Sub-national SADC 2024,baseline
TZ09,Mtwara,TZ0905,Mtwara Urban,Lack of Coping Capacity,Infrastructure,coping:education,Education,6.2,NBS / MoH,2022 PHC schools,resource availability
TZ09,Mtwara,TZ0905,Mtwara Urban,Lack of Coping Capacity,Institutional,coping:drrImplementation,Drr Implementation,6.5,PMO-DMD / DRR Coordinator,EPRP / EOCC / Anticipatory-Action records,DRM investment overlay
TZ09,Mtwara,TZ0905,Mtwara Urban,Lack of Coping Capacity,Institutional,coping:governance,Governance,3.9,PMO-DMD,INFORM SADC governance,baseline
TZ09,Mtwara,TZ0906,Nanyumbu,Hazard & Exposure,Exposure,hazard:exposure,Population Exposure,2.79,NBS,2022 PHC population,"population density, log min-max"
TZ09,Mtwara,TZ0906,Nanyumbu,Hazard & Exposure,Natural hazards,hazard:coastalHazards,Coastal Hazards,0,TMA / PMO-DMD,coastal strip,documented overlay
TZ09,Mtwara,TZ0906,Nanyumbu,Hazard & Exposure,Natural hazards,hazard:drought,Drought,3.9,TMA / MoA,CHIRPS v3 1991-2024 + ERA5 t2m,"aridity+variability+SPEI+growing-season, min-max"
TZ09,Mtwara,TZ0906,Nanyumbu,Hazard & Exposure,Natural hazards,hazard:earthquake,Earthquake,0,INFORM SADC,INFORM seismic,baseline
TZ09,Mtwara,TZ0906,Nanyumbu,Hazard & Exposure,Natural hazards,hazard:environmentalDegradation,Environmental Degradation,4,INFORM SADC 2024,INFORM Sub-national SADC 2024,baseline
TZ09,Mtwara,TZ0906,Nanyumbu,Hazard & Exposure,Natural hazards,hazard:flood,Flood,4.6,PMO-DMD / TMA / MoW,CHIRPS v3 daily + recorded floods,"max(hazard, sqrt(hazard×exposure))"
TZ09,Mtwara,TZ0906,Nanyumbu,Hazard & Exposure,Natural hazards,hazard:landslide,Landslide,0,TMA / PMO-DMD,documented rainfall-triggered events,documented overlay
TZ09,Mtwara,TZ0906,Nanyumbu,Hazard & Exposure,Natural hazards,hazard:stormsCyclone,Storms Cyclone,3,TMA / PMO-DMD,Cyclone Hidaya 2024 + Lindi 1952 + Zanzibar 1872,documented cyclone/storm exposure overlay
TZ09,Mtwara,TZ0906,Nanyumbu,Hazard & Exposure,Natural hazards,hazard:volcano,Volcano,0,INFORM SADC 2024,INFORM Sub-national SADC 2024,baseline
TZ09,Mtwara,TZ0906,Nanyumbu,Hazard & Exposure,Natural hazards,hazard:wildfire,Wildfire,5.5,INFORM SADC 2024,INFORM Sub-national SADC 2024,baseline
TZ09,Mtwara,TZ0906,Nanyumbu,Hazard & Exposure,Human hazards,hazard:conflictIntensity,Conflict Intensity,0,INFORM SADC 2024,INFORM Sub-national SADC 2024,baseline
TZ09,Mtwara,TZ0906,Nanyumbu,Hazard & Exposure,Human hazards,hazard:conflictRisk,Conflict Risk,0.7,INFORM SADC 2024,INFORM Sub-national SADC 2024,baseline
TZ09,Mtwara,TZ0906,Nanyumbu,Hazard & Exposure,Human hazards,hazard:internalViolence,Internal Violence,9.1,INFORM SADC 2024,INFORM Sub-national SADC 2024,baseline
TZ09,Mtwara,TZ0906,Nanyumbu,Vulnerability,Socio-economic,vulnerability:developmentPoverty,Development Poverty,7.5,NBS,Household Budget Survey 2017/18,poverty headcount
TZ09,Mtwara,TZ0906,Nanyumbu,Vulnerability,Socio-economic,vulnerability:economicDependency,Economic Dependency,2.766666667,INFORM SADC 2024,INFORM Sub-national SADC 2024,baseline
TZ09,Mtwara,TZ0906,Nanyumbu,Vulnerability,Socio-economic,vulnerability:habitat,Habitat,5.15,INFORM SADC 2024,INFORM Sub-national SADC 2024,baseline
TZ09,Mtwara,TZ0906,Nanyumbu,Vulnerability,Socio-economic,vulnerability:livelihoods,Livelihoods,0,MUCHALI / IPC (MoA),IPC acute food-insecurity rounds,food-insecurity phase
TZ09,Mtwara,TZ0906,Nanyumbu,Vulnerability,Vulnerable groups,vulnerability:displacedPeople,Displaced People,7.3,INFORM SADC 2024,INFORM Sub-national SADC 2024,baseline
TZ09,Mtwara,TZ0906,Nanyumbu,Vulnerability,Vulnerable groups,vulnerability:healthConditions,Health Conditions,5.1,INFORM SADC 2024,INFORM Sub-national SADC 2024,baseline
TZ09,Mtwara,TZ0906,Nanyumbu,Vulnerability,Vulnerable groups,vulnerability:childrenHealthNutrition,Children Health Nutrition,6.45,MoH,TDHS 2022,under-5 stunting
TZ09,Mtwara,TZ0906,Nanyumbu,Lack of Coping Capacity,Infrastructure,coping:accessHealth,Access Health,5.5,MoH,2022 PHC health facilities,resource availability
TZ09,Mtwara,TZ0906,Nanyumbu,Lack of Coping Capacity,Infrastructure,coping:economicCapacity,Economic Capacity,9.3,INFORM SADC 2024,INFORM Sub-national SADC 2024,baseline
TZ09,Mtwara,TZ0906,Nanyumbu,Lack of Coping Capacity,Infrastructure,coping:wash,Wash,4.3,MoW,2022 PHC water points & boreholes,"resource availability, rank 2-8"
TZ09,Mtwara,TZ0906,Nanyumbu,Lack of Coping Capacity,Infrastructure,coping:communication,Communication,8.2,INFORM SADC 2024,INFORM Sub-national SADC 2024,baseline
TZ09,Mtwara,TZ0906,Nanyumbu,Lack of Coping Capacity,Infrastructure,coping:education,Education,6.2,NBS / MoH,2022 PHC schools,resource availability
TZ09,Mtwara,TZ0906,Nanyumbu,Lack of Coping Capacity,Institutional,coping:drrImplementation,Drr Implementation,6.5,PMO-DMD / DRR Coordinator,EPRP / EOCC / Anticipatory-Action records,DRM investment overlay
TZ09,Mtwara,TZ0906,Nanyumbu,Lack of Coping Capacity,Institutional,coping:governance,Governance,3.9,PMO-DMD,INFORM SADC governance,baseline
TZ09,Mtwara,TZ0907,Masasi  Township Authority,Hazard & Exposure,Natural hazards,hazard:coastalHazards,Coastal Hazards,0,TMA / PMO-DMD,coastal strip,documented overlay
TZ09,Mtwara,TZ0907,Masasi  Township Authority,Hazard & Exposure,Natural hazards,hazard:drought,Drought,0,TMA / MoA,CHIRPS v3 1991-2024 + ERA5 t2m,"aridity+variability+SPEI+growing-season, min-max"
TZ09,Mtwara,TZ0907,Masasi  Township Authority,Hazard & Exposure,Natural hazards,hazard:earthquake,Earthquake,0,INFORM SADC,INFORM seismic,baseline
TZ09,Mtwara,TZ0907,Masasi  Township Authority,Hazard & Exposure,Natural hazards,hazard:environmentalDegradation,Environmental Degradation,4.15,INFORM SADC 2024,INFORM Sub-national SADC 2024,baseline
TZ09,Mtwara,TZ0907,Masasi  Township Authority,Hazard & Exposure,Natural hazards,hazard:flood,Flood,0,PMO-DMD / TMA / MoW,CHIRPS v3 daily + recorded floods,"max(hazard, sqrt(hazard×exposure))"
TZ09,Mtwara,TZ0907,Masasi  Township Authority,Hazard & Exposure,Natural hazards,hazard:landslide,Landslide,0,TMA / PMO-DMD,documented rainfall-triggered events,documented overlay
TZ09,Mtwara,TZ0907,Masasi  Township Authority,Hazard & Exposure,Natural hazards,hazard:stormsCyclone,Storms Cyclone,0,TMA / PMO-DMD,Cyclone Hidaya 2024 + Lindi 1952 + Zanzibar 1872,documented cyclone/storm exposure overlay
TZ09,Mtwara,TZ0907,Masasi  Township Authority,Hazard & Exposure,Natural hazards,hazard:volcano,Volcano,0,INFORM SADC 2024,INFORM Sub-national SADC 2024,baseline
TZ09,Mtwara,TZ0907,Masasi  Township Authority,Hazard & Exposure,Natural hazards,hazard:wildfire,Wildfire,5.5,INFORM SADC 2024,INFORM Sub-national SADC 2024,baseline
TZ09,Mtwara,TZ0907,Masasi  Township Authority,Hazard & Exposure,Human hazards,hazard:conflictIntensity,Conflict Intensity,0,INFORM SADC 2024,INFORM Sub-national SADC 2024,baseline
TZ09,Mtwara,TZ0907,Masasi  Township Authority,Hazard & Exposure,Human hazards,hazard:conflictRisk,Conflict Risk,0.7,INFORM SADC 2024,INFORM Sub-national SADC 2024,baseline
TZ09,Mtwara,TZ0907,Masasi  Township Authority,Hazard & Exposure,Human hazards,hazard:internalViolence,Internal Violence,9.1,INFORM SADC 2024,INFORM Sub-national SADC 2024,baseline
TZ09,Mtwara,TZ0907,Masasi  Township Authority,Vulnerability,Socio-economic,vulnerability:developmentPoverty,Development Poverty,7.5,NBS,Household Budget Survey 2017/18,poverty headcount
TZ09,Mtwara,TZ0907,Masasi  Township Authority,Vulnerability,Socio-economic,vulnerability:economicDependency,Economic Dependency,2.766666667,INFORM SADC 2024,INFORM Sub-national SADC 2024,baseline
TZ09,Mtwara,TZ0907,Masasi  Township Authority,Vulnerability,Socio-economic,vulnerability:habitat,Habitat,5.15,INFORM SADC 2024,INFORM Sub-national SADC 2024,baseline
TZ09,Mtwara,TZ0907,Masasi  Township Authority,Vulnerability,Socio-economic,vulnerability:livelihoods,Livelihoods,0,MUCHALI / IPC (MoA),IPC acute food-insecurity rounds,food-insecurity phase
TZ09,Mtwara,TZ0907,Masasi  Township Authority,Vulnerability,Vulnerable groups,vulnerability:displacedPeople,Displaced People,7.3,INFORM SADC 2024,INFORM Sub-national SADC 2024,baseline
TZ09,Mtwara,TZ0907,Masasi  Township Authority,Vulnerability,Vulnerable groups,vulnerability:healthConditions,Health Conditions,5.1,INFORM SADC 2024,INFORM Sub-national SADC 2024,baseline
TZ09,Mtwara,TZ0907,Masasi  Township Authority,Vulnerability,Vulnerable groups,vulnerability:childrenHealthNutrition,Children Health Nutrition,6.45,MoH,TDHS 2022,under-5 stunting
TZ09,Mtwara,TZ0907,Masasi  Township Authority,Lack of Coping Capacity,Infrastructure,coping:accessHealth,Access Health,5.5,MoH,2022 PHC health facilities,resource availability
TZ09,Mtwara,TZ0907,Masasi  Township Authority,Lack of Coping Capacity,Infrastructure,coping:economicCapacity,Economic Capacity,9.3,INFORM SADC 2024,INFORM Sub-national SADC 2024,baseline
TZ09,Mtwara,TZ0907,Masasi  Township Authority,Lack of Coping Capacity,Infrastructure,coping:wash,Wash,7,MoW,2022 PHC water points & boreholes,"resource availability, rank 2-8"
TZ09,Mtwara,TZ0907,Masasi  Township Authority,Lack of Coping Capacity,Infrastructure,coping:communication,Communication,8.2,INFORM SADC 2024,INFORM Sub-national SADC 2024,baseline
TZ09,Mtwara,TZ0907,Masasi  Township Authority,Lack of Coping Capacity,Infrastructure,coping:education,Education,6.2,NBS / MoH,2022 PHC schools,resource availability
TZ09,Mtwara,TZ0907,Masasi  Township Authority,Lack of Coping Capacity,Institutional,coping:drrImplementation,Drr Implementation,6.5,PMO-DMD / DRR Coordinator,EPRP / EOCC / Anticipatory-Action records,DRM investment overlay
TZ09,Mtwara,TZ0907,Masasi  Township Authority,Lack of Coping Capacity,Institutional,coping:governance,Governance,3.9,PMO-DMD,INFORM SADC governance,baseline
TZ10,Ruvuma,TZ1001,Tunduru,Hazard & Exposure,Exposure,hazard:exposure,Population Exposure,2.1,NBS,2022 PHC population,"population density, log min-max"
TZ10,Ruvuma,TZ1001,Tunduru,Hazard & Exposure,Natural hazards,hazard:coastalHazards,Coastal Hazards,0,TMA / PMO-DMD,coastal strip,documented overlay
TZ10,Ruvuma,TZ1001,Tunduru,Hazard & Exposure,Natural hazards,hazard:drought,Drought,3.5,TMA / MoA,CHIRPS v3 1991-2024 + ERA5 t2m,"aridity+variability+SPEI+growing-season, min-max"
TZ10,Ruvuma,TZ1001,Tunduru,Hazard & Exposure,Natural hazards,hazard:earthquake,Earthquake,0,INFORM SADC,INFORM seismic,baseline
TZ10,Ruvuma,TZ1001,Tunduru,Hazard & Exposure,Natural hazards,hazard:environmentalDegradation,Environmental Degradation,4.1,INFORM SADC 2024,INFORM Sub-national SADC 2024,baseline
TZ10,Ruvuma,TZ1001,Tunduru,Hazard & Exposure,Natural hazards,hazard:flood,Flood,6,PMO-DMD / TMA / MoW,CHIRPS v3 daily + recorded floods,"max(hazard, sqrt(hazard×exposure))"
TZ10,Ruvuma,TZ1001,Tunduru,Hazard & Exposure,Natural hazards,hazard:landslide,Landslide,0,TMA / PMO-DMD,documented rainfall-triggered events,documented overlay
TZ10,Ruvuma,TZ1001,Tunduru,Hazard & Exposure,Natural hazards,hazard:stormsCyclone,Storms Cyclone,0,TMA / PMO-DMD,Cyclone Hidaya 2024 + Lindi 1952 + Zanzibar 1872,documented cyclone/storm exposure overlay
TZ10,Ruvuma,TZ1001,Tunduru,Hazard & Exposure,Natural hazards,hazard:volcano,Volcano,0,INFORM SADC 2024,INFORM Sub-national SADC 2024,baseline
TZ10,Ruvuma,TZ1001,Tunduru,Hazard & Exposure,Natural hazards,hazard:wildfire,Wildfire,7.5,INFORM SADC 2024,INFORM Sub-national SADC 2024,baseline
TZ10,Ruvuma,TZ1001,Tunduru,Hazard & Exposure,Human hazards,hazard:conflictIntensity,Conflict Intensity,0,INFORM SADC 2024,INFORM Sub-national SADC 2024,baseline
TZ10,Ruvuma,TZ1001,Tunduru,Hazard & Exposure,Human hazards,hazard:conflictRisk,Conflict Risk,0.7,INFORM SADC 2024,INFORM Sub-national SADC 2024,baseline
TZ10,Ruvuma,TZ1001,Tunduru,Hazard & Exposure,Human hazards,hazard:internalViolence,Internal Violence,5.3,INFORM SADC 2024,INFORM Sub-national SADC 2024,baseline
TZ10,Ruvuma,TZ1001,Tunduru,Vulnerability,Socio-economic,vulnerability:developmentPoverty,Development Poverty,5.55,NBS,Household Budget Survey 2017/18,poverty headcount
TZ10,Ruvuma,TZ1001,Tunduru,Vulnerability,Socio-economic,vulnerability:economicDependency,Economic Dependency,3.133333333,INFORM SADC 2024,INFORM Sub-national SADC 2024,baseline
TZ10,Ruvuma,TZ1001,Tunduru,Vulnerability,Socio-economic,vulnerability:habitat,Habitat,5.45,INFORM SADC 2024,INFORM Sub-national SADC 2024,baseline
TZ10,Ruvuma,TZ1001,Tunduru,Vulnerability,Socio-economic,vulnerability:livelihoods,Livelihoods,0,MUCHALI / IPC (MoA),IPC acute food-insecurity rounds,food-insecurity phase
TZ10,Ruvuma,TZ1001,Tunduru,Vulnerability,Vulnerable groups,vulnerability:displacedPeople,Displaced People,0,INFORM SADC 2024,INFORM Sub-national SADC 2024,baseline
TZ10,Ruvuma,TZ1001,Tunduru,Vulnerability,Vulnerable groups,vulnerability:healthConditions,Health Conditions,4.2,INFORM SADC 2024,INFORM Sub-national SADC 2024,baseline
TZ10,Ruvuma,TZ1001,Tunduru,Vulnerability,Vulnerable groups,vulnerability:childrenHealthNutrition,Children Health Nutrition,7.5,MoH,TDHS 2022,under-5 stunting
TZ10,Ruvuma,TZ1001,Tunduru,Lack of Coping Capacity,Infrastructure,coping:accessHealth,Access Health,4.3,MoH,2022 PHC health facilities,resource availability
TZ10,Ruvuma,TZ1001,Tunduru,Lack of Coping Capacity,Infrastructure,coping:economicCapacity,Economic Capacity,8.733333333,INFORM SADC 2024,INFORM Sub-national SADC 2024,baseline
TZ10,Ruvuma,TZ1001,Tunduru,Lack of Coping Capacity,Infrastructure,coping:wash,Wash,2.7,MoW,2022 PHC water points & boreholes,"resource availability, rank 2-8"
TZ10,Ruvuma,TZ1001,Tunduru,Lack of Coping Capacity,Infrastructure,coping:communication,Communication,7.75,INFORM SADC 2024,INFORM Sub-national SADC 2024,baseline
TZ10,Ruvuma,TZ1001,Tunduru,Lack of Coping Capacity,Infrastructure,coping:education,Education,5.1,NBS / MoH,2022 PHC schools,resource availability
TZ10,Ruvuma,TZ1001,Tunduru,Lack of Coping Capacity,Institutional,coping:drrImplementation,Drr Implementation,6.5,PMO-DMD / DRR Coordinator,EPRP / EOCC / Anticipatory-Action records,DRM investment overlay
TZ10,Ruvuma,TZ1001,Tunduru,Lack of Coping Capacity,Institutional,coping:governance,Governance,3.6,PMO-DMD,INFORM SADC governance,baseline
TZ10,Ruvuma,TZ1002,Songea,Hazard & Exposure,Exposure,hazard:exposure,Population Exposure,2.55,NBS,2022 PHC population,"population density, log min-max"
TZ10,Ruvuma,TZ1002,Songea,Hazard & Exposure,Natural hazards,hazard:coastalHazards,Coastal Hazards,0,TMA / PMO-DMD,coastal strip,documented overlay
TZ10,Ruvuma,TZ1002,Songea,Hazard & Exposure,Natural hazards,hazard:drought,Drought,1.8,TMA / MoA,CHIRPS v3 1991-2024 + ERA5 t2m,"aridity+variability+SPEI+growing-season, min-max"
TZ10,Ruvuma,TZ1002,Songea,Hazard & Exposure,Natural hazards,hazard:earthquake,Earthquake,0,INFORM SADC,INFORM seismic,baseline
TZ10,Ruvuma,TZ1002,Songea,Hazard & Exposure,Natural hazards,hazard:environmentalDegradation,Environmental Degradation,4.45,INFORM SADC 2024,INFORM Sub-national SADC 2024,baseline
TZ10,Ruvuma,TZ1002,Songea,Hazard & Exposure,Natural hazards,hazard:flood,Flood,3.8,PMO-DMD / TMA / MoW,CHIRPS v3 daily + recorded floods,"max(hazard, sqrt(hazard×exposure))"
TZ10,Ruvuma,TZ1002,Songea,Hazard & Exposure,Natural hazards,hazard:landslide,Landslide,5.9,TMA / PMO-DMD,documented rainfall-triggered events,documented overlay
TZ10,Ruvuma,TZ1002,Songea,Hazard & Exposure,Natural hazards,hazard:stormsCyclone,Storms Cyclone,0,TMA / PMO-DMD,Cyclone Hidaya 2024 + Lindi 1952 + Zanzibar 1872,documented cyclone/storm exposure overlay
TZ10,Ruvuma,TZ1002,Songea,Hazard & Exposure,Natural hazards,hazard:volcano,Volcano,0,INFORM SADC 2024,INFORM Sub-national SADC 2024,baseline
TZ10,Ruvuma,TZ1002,Songea,Hazard & Exposure,Natural hazards,hazard:wildfire,Wildfire,7.5,INFORM SADC 2024,INFORM Sub-national SADC 2024,baseline
TZ10,Ruvuma,TZ1002,Songea,Hazard & Exposure,Human hazards,hazard:conflictIntensity,Conflict Intensity,0,INFORM SADC 2024,INFORM Sub-national SADC 2024,baseline
TZ10,Ruvuma,TZ1002,Songea,Hazard & Exposure,Human hazards,hazard:conflictRisk,Conflict Risk,0.7,INFORM SADC 2024,INFORM Sub-national SADC 2024,baseline
TZ10,Ruvuma,TZ1002,Songea,Hazard & Exposure,Human hazards,hazard:internalViolence,Internal Violence,5.3,INFORM SADC 2024,INFORM Sub-national SADC 2024,baseline
TZ10,Ruvuma,TZ1002,Songea,Vulnerability,Socio-economic,vulnerability:developmentPoverty,Development Poverty,5.55,NBS,Household Budget Survey 2017/18,poverty headcount
TZ10,Ruvuma,TZ1002,Songea,Vulnerability,Socio-economic,vulnerability:economicDependency,Economic Dependency,3.133333333,INFORM SADC 2024,INFORM Sub-national SADC 2024,baseline
TZ10,Ruvuma,TZ1002,Songea,Vulnerability,Socio-economic,vulnerability:habitat,Habitat,5.45,INFORM SADC 2024,INFORM Sub-national SADC 2024,baseline
TZ10,Ruvuma,TZ1002,Songea,Vulnerability,Socio-economic,vulnerability:livelihoods,Livelihoods,0,MUCHALI / IPC (MoA),IPC acute food-insecurity rounds,food-insecurity phase
TZ10,Ruvuma,TZ1002,Songea,Vulnerability,Vulnerable groups,vulnerability:displacedPeople,Displaced People,0,INFORM SADC 2024,INFORM Sub-national SADC 2024,baseline
TZ10,Ruvuma,TZ1002,Songea,Vulnerability,Vulnerable groups,vulnerability:healthConditions,Health Conditions,4.2,INFORM SADC 2024,INFORM Sub-national SADC 2024,baseline
TZ10,Ruvuma,TZ1002,Songea,Vulnerability,Vulnerable groups,vulnerability:childrenHealthNutrition,Children Health Nutrition,7.5,MoH,TDHS 2022,under-5 stunting
TZ10,Ruvuma,TZ1002,Songea,Lack of Coping Capacity,Infrastructure,coping:accessHealth,Access Health,4.3,MoH,2022 PHC health facilities,resource availability
TZ10,Ruvuma,TZ1002,Songea,Lack of Coping Capacity,Infrastructure,coping:economicCapacity,Economic Capacity,8.733333333,INFORM SADC 2024,INFORM Sub-national SADC 2024,baseline
TZ10,Ruvuma,TZ1002,Songea,Lack of Coping Capacity,Infrastructure,coping:wash,Wash,3.8,MoW,2022 PHC water points & boreholes,"resource availability, rank 2-8"
TZ10,Ruvuma,TZ1002,Songea,Lack of Coping Capacity,Infrastructure,coping:communication,Communication,7.75,INFORM SADC 2024,INFORM Sub-national SADC 2024,baseline
TZ10,Ruvuma,TZ1002,Songea,Lack of Coping Capacity,Infrastructure,coping:education,Education,5.1,NBS / MoH,2022 PHC schools,resource availability
TZ10,Ruvuma,TZ1002,Songea,Lack of Coping Capacity,Institutional,coping:drrImplementation,Drr Implementation,6.5,PMO-DMD / DRR Coordinator,EPRP / EOCC / Anticipatory-Action records,DRM investment overlay
TZ10,Ruvuma,TZ1002,Songea,Lack of Coping Capacity,Institutional,coping:governance,Governance,3.6,PMO-DMD,INFORM SADC governance,baseline
TZ10,Ruvuma,TZ1003,Mbinga,Hazard & Exposure,Exposure,hazard:exposure,Population Exposure,3.88,NBS,2022 PHC population,"population density, log min-max"
TZ10,Ruvuma,TZ1003,Mbinga,Hazard & Exposure,Natural hazards,hazard:coastalHazards,Coastal Hazards,0,TMA / PMO-DMD,coastal strip,documented overlay
TZ10,Ruvuma,TZ1003,Mbinga,Hazard & Exposure,Natural hazards,hazard:drought,Drought,1.7,TMA / MoA,CHIRPS v3 1991-2024 + ERA5 t2m,"aridity+variability+SPEI+growing-season, min-max"
TZ10,Ruvuma,TZ1003,Mbinga,Hazard & Exposure,Natural hazards,hazard:earthquake,Earthquake,9.4,INFORM SADC,INFORM seismic,baseline
TZ10,Ruvuma,TZ1003,Mbinga,Hazard & Exposure,Natural hazards,hazard:environmentalDegradation,Environmental Degradation,4.25,INFORM SADC 2024,INFORM Sub-national SADC 2024,baseline
TZ10,Ruvuma,TZ1003,Mbinga,Hazard & Exposure,Natural hazards,hazard:flood,Flood,2.2,PMO-DMD / TMA / MoW,CHIRPS v3 daily + recorded floods,"max(hazard, sqrt(hazard×exposure))"
TZ10,Ruvuma,TZ1003,Mbinga,Hazard & Exposure,Natural hazards,hazard:landslide,Landslide,7.8,TMA / PMO-DMD,documented rainfall-triggered events,documented overlay
TZ10,Ruvuma,TZ1003,Mbinga,Hazard & Exposure,Natural hazards,hazard:stormsCyclone,Storms Cyclone,0,TMA / PMO-DMD,Cyclone Hidaya 2024 + Lindi 1952 + Zanzibar 1872,documented cyclone/storm exposure overlay
TZ10,Ruvuma,TZ1003,Mbinga,Hazard & Exposure,Natural hazards,hazard:volcano,Volcano,0,INFORM SADC 2024,INFORM Sub-national SADC 2024,baseline
TZ10,Ruvuma,TZ1003,Mbinga,Hazard & Exposure,Natural hazards,hazard:wildfire,Wildfire,7.5,INFORM SADC 2024,INFORM Sub-national SADC 2024,baseline
TZ10,Ruvuma,TZ1003,Mbinga,Hazard & Exposure,Human hazards,hazard:conflictIntensity,Conflict Intensity,0,INFORM SADC 2024,INFORM Sub-national SADC 2024,baseline
TZ10,Ruvuma,TZ1003,Mbinga,Hazard & Exposure,Human hazards,hazard:conflictRisk,Conflict Risk,0.7,INFORM SADC 2024,INFORM Sub-national SADC 2024,baseline
TZ10,Ruvuma,TZ1003,Mbinga,Hazard & Exposure,Human hazards,hazard:internalViolence,Internal Violence,5.3,INFORM SADC 2024,INFORM Sub-national SADC 2024,baseline
TZ10,Ruvuma,TZ1003,Mbinga,Vulnerability,Socio-economic,vulnerability:developmentPoverty,Development Poverty,5.55,NBS,Household Budget Survey 2017/18,poverty headcount
TZ10,Ruvuma,TZ1003,Mbinga,Vulnerability,Socio-economic,vulnerability:economicDependency,Economic Dependency,3.133333333,INFORM SADC 2024,INFORM Sub-national SADC 2024,baseline
TZ10,Ruvuma,TZ1003,Mbinga,Vulnerability,Socio-economic,vulnerability:habitat,Habitat,5.45,INFORM SADC 2024,INFORM Sub-national SADC 2024,baseline
TZ10,Ruvuma,TZ1003,Mbinga,Vulnerability,Socio-economic,vulnerability:livelihoods,Livelihoods,0,MUCHALI / IPC (MoA),IPC acute food-insecurity rounds,food-insecurity phase
TZ10,Ruvuma,TZ1003,Mbinga,Vulnerability,Vulnerable groups,vulnerability:displacedPeople,Displaced People,0,INFORM SADC 2024,INFORM Sub-national SADC 2024,baseline
TZ10,Ruvuma,TZ1003,Mbinga,Vulnerability,Vulnerable groups,vulnerability:healthConditions,Health Conditions,4.2,INFORM SADC 2024,INFORM Sub-national SADC 2024,baseline
TZ10,Ruvuma,TZ1003,Mbinga,Vulnerability,Vulnerable groups,vulnerability:childrenHealthNutrition,Children Health Nutrition,7.5,MoH,TDHS 2022,under-5 stunting
TZ10,Ruvuma,TZ1003,Mbinga,Lack of Coping Capacity,Infrastructure,coping:accessHealth,Access Health,4.3,MoH,2022 PHC health facilities,resource availability
TZ10,Ruvuma,TZ1003,Mbinga,Lack of Coping Capacity,Infrastructure,coping:economicCapacity,Economic Capacity,8.733333333,INFORM SADC 2024,INFORM Sub-national SADC 2024,baseline
TZ10,Ruvuma,TZ1003,Mbinga,Lack of Coping Capacity,Infrastructure,coping:wash,Wash,2.3,MoW,2022 PHC water points & boreholes,"resource availability, rank 2-8"
TZ10,Ruvuma,TZ1003,Mbinga,Lack of Coping Capacity,Infrastructure,coping:communication,Communication,7.75,INFORM SADC 2024,INFORM Sub-national SADC 2024,baseline
TZ10,Ruvuma,TZ1003,Mbinga,Lack of Coping Capacity,Infrastructure,coping:education,Education,5.1,NBS / MoH,2022 PHC schools,resource availability
TZ10,Ruvuma,TZ1003,Mbinga,Lack of Coping Capacity,Institutional,coping:drrImplementation,Drr Implementation,6.5,PMO-DMD / DRR Coordinator,EPRP / EOCC / Anticipatory-Action records,DRM investment overlay
TZ10,Ruvuma,TZ1003,Mbinga,Lack of Coping Capacity,Institutional,coping:governance,Governance,3.6,PMO-DMD,INFORM SADC governance,baseline
TZ10,Ruvuma,TZ1004,Songea Urban,Hazard & Exposure,Natural hazards,hazard:coastalHazards,Coastal Hazards,0,TMA / PMO-DMD,coastal strip,documented overlay
TZ10,Ruvuma,TZ1004,Songea Urban,Hazard & Exposure,Natural hazards,hazard:drought,Drought,0,TMA / MoA,CHIRPS v3 1991-2024 + ERA5 t2m,"aridity+variability+SPEI+growing-season, min-max"
TZ10,Ruvuma,TZ1004,Songea Urban,Hazard & Exposure,Natural hazards,hazard:earthquake,Earthquake,0,INFORM SADC,INFORM seismic,baseline
TZ10,Ruvuma,TZ1004,Songea Urban,Hazard & Exposure,Natural hazards,hazard:environmentalDegradation,Environmental Degradation,3.7,INFORM SADC 2024,INFORM Sub-national SADC 2024,baseline
TZ10,Ruvuma,TZ1004,Songea Urban,Hazard & Exposure,Natural hazards,hazard:flood,Flood,0,PMO-DMD / TMA / MoW,CHIRPS v3 daily + recorded floods,"max(hazard, sqrt(hazard×exposure))"
TZ10,Ruvuma,TZ1004,Songea Urban,Hazard & Exposure,Natural hazards,hazard:landslide,Landslide,3.6,TMA / PMO-DMD,documented rainfall-triggered events,documented overlay
TZ10,Ruvuma,TZ1004,Songea Urban,Hazard & Exposure,Natural hazards,hazard:stormsCyclone,Storms Cyclone,0,TMA / PMO-DMD,Cyclone Hidaya 2024 + Lindi 1952 + Zanzibar 1872,documented cyclone/storm exposure overlay
TZ10,Ruvuma,TZ1004,Songea Urban,Hazard & Exposure,Natural hazards,hazard:volcano,Volcano,0,INFORM SADC 2024,INFORM Sub-national SADC 2024,baseline
TZ10,Ruvuma,TZ1004,Songea Urban,Hazard & Exposure,Natural hazards,hazard:wildfire,Wildfire,7.5,INFORM SADC 2024,INFORM Sub-national SADC 2024,baseline
TZ10,Ruvuma,TZ1004,Songea Urban,Hazard & Exposure,Human hazards,hazard:conflictIntensity,Conflict Intensity,0,INFORM SADC 2024,INFORM Sub-national SADC 2024,baseline
TZ10,Ruvuma,TZ1004,Songea Urban,Hazard & Exposure,Human hazards,hazard:conflictRisk,Conflict Risk,0.7,INFORM SADC 2024,INFORM Sub-national SADC 2024,baseline
TZ10,Ruvuma,TZ1004,Songea Urban,Hazard & Exposure,Human hazards,hazard:internalViolence,Internal Violence,5.3,INFORM SADC 2024,INFORM Sub-national SADC 2024,baseline
TZ10,Ruvuma,TZ1004,Songea Urban,Vulnerability,Socio-economic,vulnerability:developmentPoverty,Development Poverty,5.55,NBS,Household Budget Survey 2017/18,poverty headcount
TZ10,Ruvuma,TZ1004,Songea Urban,Vulnerability,Socio-economic,vulnerability:economicDependency,Economic Dependency,3.133333333,INFORM SADC 2024,INFORM Sub-national SADC 2024,baseline
TZ10,Ruvuma,TZ1004,Songea Urban,Vulnerability,Socio-economic,vulnerability:habitat,Habitat,5.45,INFORM SADC 2024,INFORM Sub-national SADC 2024,baseline
TZ10,Ruvuma,TZ1004,Songea Urban,Vulnerability,Socio-economic,vulnerability:livelihoods,Livelihoods,0,MUCHALI / IPC (MoA),IPC acute food-insecurity rounds,food-insecurity phase
TZ10,Ruvuma,TZ1004,Songea Urban,Vulnerability,Vulnerable groups,vulnerability:displacedPeople,Displaced People,0,INFORM SADC 2024,INFORM Sub-national SADC 2024,baseline
TZ10,Ruvuma,TZ1004,Songea Urban,Vulnerability,Vulnerable groups,vulnerability:healthConditions,Health Conditions,4.2,INFORM SADC 2024,INFORM Sub-national SADC 2024,baseline
TZ10,Ruvuma,TZ1004,Songea Urban,Vulnerability,Vulnerable groups,vulnerability:childrenHealthNutrition,Children Health Nutrition,7.5,MoH,TDHS 2022,under-5 stunting
TZ10,Ruvuma,TZ1004,Songea Urban,Lack of Coping Capacity,Infrastructure,coping:accessHealth,Access Health,4.3,MoH,2022 PHC health facilities,resource availability
TZ10,Ruvuma,TZ1004,Songea Urban,Lack of Coping Capacity,Infrastructure,coping:economicCapacity,Economic Capacity,8.733333333,INFORM SADC 2024,INFORM Sub-national SADC 2024,baseline
TZ10,Ruvuma,TZ1004,Songea Urban,Lack of Coping Capacity,Infrastructure,coping:wash,Wash,7,MoW,2022 PHC water points & boreholes,"resource availability, rank 2-8"
TZ10,Ruvuma,TZ1004,Songea Urban,Lack of Coping Capacity,Infrastructure,coping:communication,Communication,7.75,INFORM SADC 2024,INFORM Sub-national SADC 2024,baseline
TZ10,Ruvuma,TZ1004,Songea Urban,Lack of Coping Capacity,Infrastructure,coping:education,Education,5.1,NBS / MoH,2022 PHC schools,resource availability
TZ10,Ruvuma,TZ1004,Songea Urban,Lack of Coping Capacity,Institutional,coping:drrImplementation,Drr Implementation,6.5,PMO-DMD / DRR Coordinator,EPRP / EOCC / Anticipatory-Action records,DRM investment overlay
TZ10,Ruvuma,TZ1004,Songea Urban,Lack of Coping Capacity,Institutional,coping:governance,Governance,3.6,PMO-DMD,INFORM SADC governance,baseline
TZ10,Ruvuma,TZ1005,Namtumbo,Hazard & Exposure,Exposure,hazard:exposure,Population Exposure,1.39,NBS,2022 PHC population,"population density, log min-max"
TZ10,Ruvuma,TZ1005,Namtumbo,Hazard & Exposure,Natural hazards,hazard:coastalHazards,Coastal Hazards,0,TMA / PMO-DMD,coastal strip,documented overlay
TZ10,Ruvuma,TZ1005,Namtumbo,Hazard & Exposure,Natural hazards,hazard:drought,Drought,2.4,TMA / MoA,CHIRPS v3 1991-2024 + ERA5 t2m,"aridity+variability+SPEI+growing-season, min-max"
TZ10,Ruvuma,TZ1005,Namtumbo,Hazard & Exposure,Natural hazards,hazard:earthquake,Earthquake,0,INFORM SADC,INFORM seismic,baseline
TZ10,Ruvuma,TZ1005,Namtumbo,Hazard & Exposure,Natural hazards,hazard:environmentalDegradation,Environmental Degradation,3.7,INFORM SADC 2024,INFORM Sub-national SADC 2024,baseline
TZ10,Ruvuma,TZ1005,Namtumbo,Hazard & Exposure,Natural hazards,hazard:flood,Flood,1.9,PMO-DMD / TMA / MoW,CHIRPS v3 daily + recorded floods,"max(hazard, sqrt(hazard×exposure))"
TZ10,Ruvuma,TZ1005,Namtumbo,Hazard & Exposure,Natural hazards,hazard:landslide,Landslide,2.9,TMA / PMO-DMD,documented rainfall-triggered events,documented overlay
TZ10,Ruvuma,TZ1005,Namtumbo,Hazard & Exposure,Natural hazards,hazard:stormsCyclone,Storms Cyclone,0,TMA / PMO-DMD,Cyclone Hidaya 2024 + Lindi 1952 + Zanzibar 1872,documented cyclone/storm exposure overlay
TZ10,Ruvuma,TZ1005,Namtumbo,Hazard & Exposure,Natural hazards,hazard:volcano,Volcano,0,INFORM SADC 2024,INFORM Sub-national SADC 2024,baseline
TZ10,Ruvuma,TZ1005,Namtumbo,Hazard & Exposure,Natural hazards,hazard:wildfire,Wildfire,7.5,INFORM SADC 2024,INFORM Sub-national SADC 2024,baseline
TZ10,Ruvuma,TZ1005,Namtumbo,Hazard & Exposure,Human hazards,hazard:conflictIntensity,Conflict Intensity,0,INFORM SADC 2024,INFORM Sub-national SADC 2024,baseline
TZ10,Ruvuma,TZ1005,Namtumbo,Hazard & Exposure,Human hazards,hazard:conflictRisk,Conflict Risk,0.7,INFORM SADC 2024,INFORM Sub-national SADC 2024,baseline
TZ10,Ruvuma,TZ1005,Namtumbo,Hazard & Exposure,Human hazards,hazard:internalViolence,Internal Violence,5.3,INFORM SADC 2024,INFORM Sub-national SADC 2024,baseline
TZ10,Ruvuma,TZ1005,Namtumbo,Vulnerability,Socio-economic,vulnerability:developmentPoverty,Development Poverty,5.55,NBS,Household Budget Survey 2017/18,poverty headcount
TZ10,Ruvuma,TZ1005,Namtumbo,Vulnerability,Socio-economic,vulnerability:economicDependency,Economic Dependency,3.133333333,INFORM SADC 2024,INFORM Sub-national SADC 2024,baseline
TZ10,Ruvuma,TZ1005,Namtumbo,Vulnerability,Socio-economic,vulnerability:habitat,Habitat,5.45,INFORM SADC 2024,INFORM Sub-national SADC 2024,baseline
TZ10,Ruvuma,TZ1005,Namtumbo,Vulnerability,Socio-economic,vulnerability:livelihoods,Livelihoods,0,MUCHALI / IPC (MoA),IPC acute food-insecurity rounds,food-insecurity phase
TZ10,Ruvuma,TZ1005,Namtumbo,Vulnerability,Vulnerable groups,vulnerability:displacedPeople,Displaced People,0,INFORM SADC 2024,INFORM Sub-national SADC 2024,baseline
TZ10,Ruvuma,TZ1005,Namtumbo,Vulnerability,Vulnerable groups,vulnerability:healthConditions,Health Conditions,4.2,INFORM SADC 2024,INFORM Sub-national SADC 2024,baseline
TZ10,Ruvuma,TZ1005,Namtumbo,Vulnerability,Vulnerable groups,vulnerability:childrenHealthNutrition,Children Health Nutrition,7.5,MoH,TDHS 2022,under-5 stunting
TZ10,Ruvuma,TZ1005,Namtumbo,Lack of Coping Capacity,Infrastructure,coping:accessHealth,Access Health,4.3,MoH,2022 PHC health facilities,resource availability
TZ10,Ruvuma,TZ1005,Namtumbo,Lack of Coping Capacity,Infrastructure,coping:economicCapacity,Economic Capacity,8.733333333,INFORM SADC 2024,INFORM Sub-national SADC 2024,baseline
TZ10,Ruvuma,TZ1005,Namtumbo,Lack of Coping Capacity,Infrastructure,coping:wash,Wash,6.7,MoW,2022 PHC water points & boreholes,"resource availability, rank 2-8"
TZ10,Ruvuma,TZ1005,Namtumbo,Lack of Coping Capacity,Infrastructure,coping:communication,Communication,7.75,INFORM SADC 2024,INFORM Sub-national SADC 2024,baseline
TZ10,Ruvuma,TZ1005,Namtumbo,Lack of Coping Capacity,Infrastructure,coping:education,Education,5.1,NBS / MoH,2022 PHC schools,resource availability
TZ10,Ruvuma,TZ1005,Namtumbo,Lack of Coping Capacity,Institutional,coping:drrImplementation,Drr Implementation,6.5,PMO-DMD / DRR Coordinator,EPRP / EOCC / Anticipatory-Action records,DRM investment overlay
TZ10,Ruvuma,TZ1005,Namtumbo,Lack of Coping Capacity,Institutional,coping:governance,Governance,3.6,PMO-DMD,INFORM SADC governance,baseline
TZ10,Ruvuma,TZ1006,Nyasa,Hazard & Exposure,Exposure,hazard:exposure,Population Exposure,3.31,NBS,2022 PHC population,"population density, log min-max"
TZ10,Ruvuma,TZ1006,Nyasa,Hazard & Exposure,Natural hazards,hazard:coastalHazards,Coastal Hazards,0,TMA / PMO-DMD,coastal strip,documented overlay
TZ10,Ruvuma,TZ1006,Nyasa,Hazard & Exposure,Natural hazards,hazard:drought,Drought,0.8,TMA / MoA,CHIRPS v3 1991-2024 + ERA5 t2m,"aridity+variability+SPEI+growing-season, min-max"
TZ10,Ruvuma,TZ1006,Nyasa,Hazard & Exposure,Natural hazards,hazard:earthquake,Earthquake,9.9,INFORM SADC,INFORM seismic,baseline
TZ10,Ruvuma,TZ1006,Nyasa,Hazard & Exposure,Natural hazards,hazard:environmentalDegradation,Environmental Degradation,4.55,INFORM SADC 2024,INFORM Sub-national SADC 2024,baseline
TZ10,Ruvuma,TZ1006,Nyasa,Hazard & Exposure,Natural hazards,hazard:flood,Flood,4,PMO-DMD / TMA / MoW,CHIRPS v3 daily + recorded floods,"max(hazard, sqrt(hazard×exposure))"
TZ10,Ruvuma,TZ1006,Nyasa,Hazard & Exposure,Natural hazards,hazard:landslide,Landslide,6.6,TMA / PMO-DMD,documented rainfall-triggered events,documented overlay
TZ10,Ruvuma,TZ1006,Nyasa,Hazard & Exposure,Natural hazards,hazard:stormsCyclone,Storms Cyclone,0,TMA / PMO-DMD,Cyclone Hidaya 2024 + Lindi 1952 + Zanzibar 1872,documented cyclone/storm exposure overlay
TZ10,Ruvuma,TZ1006,Nyasa,Hazard & Exposure,Natural hazards,hazard:volcano,Volcano,0,INFORM SADC 2024,INFORM Sub-national SADC 2024,baseline
TZ10,Ruvuma,TZ1006,Nyasa,Hazard & Exposure,Natural hazards,hazard:wildfire,Wildfire,7.5,INFORM SADC 2024,INFORM Sub-national SADC 2024,baseline
TZ10,Ruvuma,TZ1006,Nyasa,Hazard & Exposure,Human hazards,hazard:conflictIntensity,Conflict Intensity,0,INFORM SADC 2024,INFORM Sub-national SADC 2024,baseline
TZ10,Ruvuma,TZ1006,Nyasa,Hazard & Exposure,Human hazards,hazard:conflictRisk,Conflict Risk,0.7,INFORM SADC 2024,INFORM Sub-national SADC 2024,baseline
TZ10,Ruvuma,TZ1006,Nyasa,Hazard & Exposure,Human hazards,hazard:internalViolence,Internal Violence,5.3,INFORM SADC 2024,INFORM Sub-national SADC 2024,baseline
TZ10,Ruvuma,TZ1006,Nyasa,Vulnerability,Socio-economic,vulnerability:developmentPoverty,Development Poverty,5.55,NBS,Household Budget Survey 2017/18,poverty headcount
TZ10,Ruvuma,TZ1006,Nyasa,Vulnerability,Socio-economic,vulnerability:economicDependency,Economic Dependency,3.133333333,INFORM SADC 2024,INFORM Sub-national SADC 2024,baseline
TZ10,Ruvuma,TZ1006,Nyasa,Vulnerability,Socio-economic,vulnerability:habitat,Habitat,5.45,INFORM SADC 2024,INFORM Sub-national SADC 2024,baseline
TZ10,Ruvuma,TZ1006,Nyasa,Vulnerability,Socio-economic,vulnerability:livelihoods,Livelihoods,0,MUCHALI / IPC (MoA),IPC acute food-insecurity rounds,food-insecurity phase
TZ10,Ruvuma,TZ1006,Nyasa,Vulnerability,Vulnerable groups,vulnerability:displacedPeople,Displaced People,0,INFORM SADC 2024,INFORM Sub-national SADC 2024,baseline
TZ10,Ruvuma,TZ1006,Nyasa,Vulnerability,Vulnerable groups,vulnerability:healthConditions,Health Conditions,4.2,INFORM SADC 2024,INFORM Sub-national SADC 2024,baseline
TZ10,Ruvuma,TZ1006,Nyasa,Vulnerability,Vulnerable groups,vulnerability:childrenHealthNutrition,Children Health Nutrition,7.5,MoH,TDHS 2022,under-5 stunting
TZ10,Ruvuma,TZ1006,Nyasa,Lack of Coping Capacity,Infrastructure,coping:accessHealth,Access Health,4.3,MoH,2022 PHC health facilities,resource availability
TZ10,Ruvuma,TZ1006,Nyasa,Lack of Coping Capacity,Infrastructure,coping:economicCapacity,Economic Capacity,8.733333333,INFORM SADC 2024,INFORM Sub-national SADC 2024,baseline
TZ10,Ruvuma,TZ1006,Nyasa,Lack of Coping Capacity,Infrastructure,coping:wash,Wash,6.6,MoW,2022 PHC water points & boreholes,"resource availability, rank 2-8"
TZ10,Ruvuma,TZ1006,Nyasa,Lack of Coping Capacity,Infrastructure,coping:communication,Communication,7.75,INFORM SADC 2024,INFORM Sub-national SADC 2024,baseline
TZ10,Ruvuma,TZ1006,Nyasa,Lack of Coping Capacity,Infrastructure,coping:education,Education,5.1,NBS / MoH,2022 PHC schools,resource availability
TZ10,Ruvuma,TZ1006,Nyasa,Lack of Coping Capacity,Institutional,coping:drrImplementation,Drr Implementation,6.5,PMO-DMD / DRR Coordinator,EPRP / EOCC / Anticipatory-Action records,DRM investment overlay
TZ10,Ruvuma,TZ1006,Nyasa,Lack of Coping Capacity,Institutional,coping:governance,Governance,3.6,PMO-DMD,INFORM SADC governance,baseline
TZ11,Iringa,TZ1101,Iringa,Hazard & Exposure,Exposure,hazard:exposure,Population Exposure,2.29,NBS,2022 PHC population,"population density, log min-max"
TZ11,Iringa,TZ1101,Iringa,Hazard & Exposure,Natural hazards,hazard:coastalHazards,Coastal Hazards,0,TMA / PMO-DMD,coastal strip,documented overlay
TZ11,Iringa,TZ1101,Iringa,Hazard & Exposure,Natural hazards,hazard:drought,Drought,6.3,TMA / MoA,CHIRPS v3 1991-2024 + ERA5 t2m,"aridity+variability+SPEI+growing-season, min-max"
TZ11,Iringa,TZ1101,Iringa,Hazard & Exposure,Natural hazards,hazard:earthquake,Earthquake,2.4,INFORM SADC,INFORM seismic,baseline
TZ11,Iringa,TZ1101,Iringa,Hazard & Exposure,Natural hazards,hazard:environmentalDegradation,Environmental Degradation,4.2,INFORM SADC 2024,INFORM Sub-national SADC 2024,baseline
TZ11,Iringa,TZ1101,Iringa,Hazard & Exposure,Natural hazards,hazard:flood,Flood,6.7,PMO-DMD / TMA / MoW,CHIRPS v3 daily + recorded floods,"max(hazard, sqrt(hazard×exposure))"
TZ11,Iringa,TZ1101,Iringa,Hazard & Exposure,Natural hazards,hazard:landslide,Landslide,5.1,TMA / PMO-DMD,documented rainfall-triggered events,documented overlay
TZ11,Iringa,TZ1101,Iringa,Hazard & Exposure,Natural hazards,hazard:stormsCyclone,Storms Cyclone,0,TMA / PMO-DMD,Cyclone Hidaya 2024 + Lindi 1952 + Zanzibar 1872,documented cyclone/storm exposure overlay
TZ11,Iringa,TZ1101,Iringa,Hazard & Exposure,Natural hazards,hazard:volcano,Volcano,0,INFORM SADC 2024,INFORM Sub-national SADC 2024,baseline
TZ11,Iringa,TZ1101,Iringa,Hazard & Exposure,Natural hazards,hazard:wildfire,Wildfire,6,INFORM SADC 2024,INFORM Sub-national SADC 2024,baseline
TZ11,Iringa,TZ1101,Iringa,Hazard & Exposure,Human hazards,hazard:conflictIntensity,Conflict Intensity,0,INFORM SADC 2024,INFORM Sub-national SADC 2024,baseline
TZ11,Iringa,TZ1101,Iringa,Hazard & Exposure,Human hazards,hazard:conflictRisk,Conflict Risk,0.7,INFORM SADC 2024,INFORM Sub-national SADC 2024,baseline
TZ11,Iringa,TZ1101,Iringa,Hazard & Exposure,Human hazards,hazard:internalViolence,Internal Violence,2.2,INFORM SADC 2024,INFORM Sub-national SADC 2024,baseline
TZ11,Iringa,TZ1101,Iringa,Vulnerability,Socio-economic,vulnerability:developmentPoverty,Development Poverty,5.325,NBS,Household Budget Survey 2017/18,poverty headcount
TZ11,Iringa,TZ1101,Iringa,Vulnerability,Socio-economic,vulnerability:economicDependency,Economic Dependency,3.033333333,INFORM SADC 2024,INFORM Sub-national SADC 2024,baseline
TZ11,Iringa,TZ1101,Iringa,Vulnerability,Socio-economic,vulnerability:habitat,Habitat,5.55,INFORM SADC 2024,INFORM Sub-national SADC 2024,baseline
TZ11,Iringa,TZ1101,Iringa,Vulnerability,Socio-economic,vulnerability:livelihoods,Livelihoods,0,MUCHALI / IPC (MoA),IPC acute food-insecurity rounds,food-insecurity phase
TZ11,Iringa,TZ1101,Iringa,Vulnerability,Vulnerable groups,vulnerability:displacedPeople,Displaced People,0,INFORM SADC 2024,INFORM Sub-national SADC 2024,baseline
TZ11,Iringa,TZ1101,Iringa,Vulnerability,Vulnerable groups,vulnerability:healthConditions,Health Conditions,3,INFORM SADC 2024,INFORM Sub-national SADC 2024,baseline
TZ11,Iringa,TZ1101,Iringa,Vulnerability,Vulnerable groups,vulnerability:childrenHealthNutrition,Children Health Nutrition,9,MoH,TDHS 2022,under-5 stunting
TZ11,Iringa,TZ1101,Iringa,Lack of Coping Capacity,Infrastructure,coping:accessHealth,Access Health,4.38,MoH,2022 PHC health facilities,resource availability
TZ11,Iringa,TZ1101,Iringa,Lack of Coping Capacity,Infrastructure,coping:economicCapacity,Economic Capacity,8.266666667,INFORM SADC 2024,INFORM Sub-national SADC 2024,baseline
TZ11,Iringa,TZ1101,Iringa,Lack of Coping Capacity,Infrastructure,coping:wash,Wash,2.1,MoW,2022 PHC water points & boreholes,"resource availability, rank 2-8"
TZ11,Iringa,TZ1101,Iringa,Lack of Coping Capacity,Infrastructure,coping:communication,Communication,6.6,INFORM SADC 2024,INFORM Sub-national SADC 2024,baseline
TZ11,Iringa,TZ1101,Iringa,Lack of Coping Capacity,Infrastructure,coping:education,Education,5,NBS / MoH,2022 PHC schools,resource availability
TZ11,Iringa,TZ1101,Iringa,Lack of Coping Capacity,Institutional,coping:drrImplementation,Drr Implementation,6.5,PMO-DMD / DRR Coordinator,EPRP / EOCC / Anticipatory-Action records,DRM investment overlay
TZ11,Iringa,TZ1101,Iringa,Lack of Coping Capacity,Institutional,coping:governance,Governance,3.6,PMO-DMD,INFORM SADC governance,baseline
TZ11,Iringa,TZ1102,Mufindi,Hazard & Exposure,Exposure,hazard:exposure,Population Exposure,3.1,NBS,2022 PHC population,"population density, log min-max"
TZ11,Iringa,TZ1102,Mufindi,Hazard & Exposure,Natural hazards,hazard:coastalHazards,Coastal Hazards,0,TMA / PMO-DMD,coastal strip,documented overlay
TZ11,Iringa,TZ1102,Mufindi,Hazard & Exposure,Natural hazards,hazard:drought,Drought,4.1,TMA / MoA,CHIRPS v3 1991-2024 + ERA5 t2m,"aridity+variability+SPEI+growing-season, min-max"
TZ11,Iringa,TZ1102,Mufindi,Hazard & Exposure,Natural hazards,hazard:earthquake,Earthquake,0,INFORM SADC,INFORM seismic,baseline
TZ11,Iringa,TZ1102,Mufindi,Hazard & Exposure,Natural hazards,hazard:environmentalDegradation,Environmental Degradation,6.2,INFORM SADC 2024,INFORM Sub-national SADC 2024,baseline
TZ11,Iringa,TZ1102,Mufindi,Hazard & Exposure,Natural hazards,hazard:flood,Flood,3.6,PMO-DMD / TMA / MoW,CHIRPS v3 daily + recorded floods,"max(hazard, sqrt(hazard×exposure))"
TZ11,Iringa,TZ1102,Mufindi,Hazard & Exposure,Natural hazards,hazard:landslide,Landslide,5.3,TMA / PMO-DMD,documented rainfall-triggered events,documented overlay
TZ11,Iringa,TZ1102,Mufindi,Hazard & Exposure,Natural hazards,hazard:stormsCyclone,Storms Cyclone,0,TMA / PMO-DMD,Cyclone Hidaya 2024 + Lindi 1952 + Zanzibar 1872,documented cyclone/storm exposure overlay
TZ11,Iringa,TZ1102,Mufindi,Hazard & Exposure,Natural hazards,hazard:volcano,Volcano,0,INFORM SADC 2024,INFORM Sub-national SADC 2024,baseline
TZ11,Iringa,TZ1102,Mufindi,Hazard & Exposure,Natural hazards,hazard:wildfire,Wildfire,6,INFORM SADC 2024,INFORM Sub-national SADC 2024,baseline
TZ11,Iringa,TZ1102,Mufindi,Hazard & Exposure,Human hazards,hazard:conflictIntensity,Conflict Intensity,0,INFORM SADC 2024,INFORM Sub-national SADC 2024,baseline
TZ11,Iringa,TZ1102,Mufindi,Hazard & Exposure,Human hazards,hazard:conflictRisk,Conflict Risk,0.7,INFORM SADC 2024,INFORM Sub-national SADC 2024,baseline
TZ11,Iringa,TZ1102,Mufindi,Hazard & Exposure,Human hazards,hazard:internalViolence,Internal Violence,2.2,INFORM SADC 2024,INFORM Sub-national SADC 2024,baseline
TZ11,Iringa,TZ1102,Mufindi,Vulnerability,Socio-economic,vulnerability:developmentPoverty,Development Poverty,5.325,NBS,Household Budget Survey 2017/18,poverty headcount
TZ11,Iringa,TZ1102,Mufindi,Vulnerability,Socio-economic,vulnerability:economicDependency,Economic Dependency,3.033333333,INFORM SADC 2024,INFORM Sub-national SADC 2024,baseline
TZ11,Iringa,TZ1102,Mufindi,Vulnerability,Socio-economic,vulnerability:habitat,Habitat,5.55,INFORM SADC 2024,INFORM Sub-national SADC 2024,baseline
TZ11,Iringa,TZ1102,Mufindi,Vulnerability,Socio-economic,vulnerability:livelihoods,Livelihoods,0,MUCHALI / IPC (MoA),IPC acute food-insecurity rounds,food-insecurity phase
TZ11,Iringa,TZ1102,Mufindi,Vulnerability,Vulnerable groups,vulnerability:displacedPeople,Displaced People,0,INFORM SADC 2024,INFORM Sub-national SADC 2024,baseline
TZ11,Iringa,TZ1102,Mufindi,Vulnerability,Vulnerable groups,vulnerability:healthConditions,Health Conditions,3,INFORM SADC 2024,INFORM Sub-national SADC 2024,baseline
TZ11,Iringa,TZ1102,Mufindi,Vulnerability,Vulnerable groups,vulnerability:childrenHealthNutrition,Children Health Nutrition,9,MoH,TDHS 2022,under-5 stunting
TZ11,Iringa,TZ1102,Mufindi,Lack of Coping Capacity,Infrastructure,coping:accessHealth,Access Health,4.38,MoH,2022 PHC health facilities,resource availability
TZ11,Iringa,TZ1102,Mufindi,Lack of Coping Capacity,Infrastructure,coping:economicCapacity,Economic Capacity,8.266666667,INFORM SADC 2024,INFORM Sub-national SADC 2024,baseline
TZ11,Iringa,TZ1102,Mufindi,Lack of Coping Capacity,Infrastructure,coping:wash,Wash,2.4,MoW,2022 PHC water points & boreholes,"resource availability, rank 2-8"
TZ11,Iringa,TZ1102,Mufindi,Lack of Coping Capacity,Infrastructure,coping:communication,Communication,6.6,INFORM SADC 2024,INFORM Sub-national SADC 2024,baseline
TZ11,Iringa,TZ1102,Mufindi,Lack of Coping Capacity,Infrastructure,coping:education,Education,5,NBS / MoH,2022 PHC schools,resource availability
TZ11,Iringa,TZ1102,Mufindi,Lack of Coping Capacity,Institutional,coping:drrImplementation,Drr Implementation,6.5,PMO-DMD / DRR Coordinator,EPRP / EOCC / Anticipatory-Action records,DRM investment overlay
TZ11,Iringa,TZ1102,Mufindi,Lack of Coping Capacity,Institutional,coping:governance,Governance,3.6,PMO-DMD,INFORM SADC governance,baseline
TZ11,Iringa,TZ1103,Iringa Urban,Hazard & Exposure,Natural hazards,hazard:coastalHazards,Coastal Hazards,0,TMA / PMO-DMD,coastal strip,documented overlay
TZ11,Iringa,TZ1103,Iringa Urban,Hazard & Exposure,Natural hazards,hazard:drought,Drought,0,TMA / MoA,CHIRPS v3 1991-2024 + ERA5 t2m,"aridity+variability+SPEI+growing-season, min-max"
TZ11,Iringa,TZ1103,Iringa Urban,Hazard & Exposure,Natural hazards,hazard:earthquake,Earthquake,0,INFORM SADC,INFORM seismic,baseline
TZ11,Iringa,TZ1103,Iringa Urban,Hazard & Exposure,Natural hazards,hazard:environmentalDegradation,Environmental Degradation,1.9,INFORM SADC 2024,INFORM Sub-national SADC 2024,baseline
TZ11,Iringa,TZ1103,Iringa Urban,Hazard & Exposure,Natural hazards,hazard:flood,Flood,6.7,PMO-DMD / TMA / MoW,CHIRPS v3 daily + recorded floods,"max(hazard, sqrt(hazard×exposure))"
TZ11,Iringa,TZ1103,Iringa Urban,Hazard & Exposure,Natural hazards,hazard:landslide,Landslide,8.1,TMA / PMO-DMD,documented rainfall-triggered events,documented overlay
TZ11,Iringa,TZ1103,Iringa Urban,Hazard & Exposure,Natural hazards,hazard:stormsCyclone,Storms Cyclone,0,TMA / PMO-DMD,Cyclone Hidaya 2024 + Lindi 1952 + Zanzibar 1872,documented cyclone/storm exposure overlay
TZ11,Iringa,TZ1103,Iringa Urban,Hazard & Exposure,Natural hazards,hazard:volcano,Volcano,0,INFORM SADC 2024,INFORM Sub-national SADC 2024,baseline
TZ11,Iringa,TZ1103,Iringa Urban,Hazard & Exposure,Natural hazards,hazard:wildfire,Wildfire,6,INFORM SADC 2024,INFORM Sub-national SADC 2024,baseline
TZ11,Iringa,TZ1103,Iringa Urban,Hazard & Exposure,Human hazards,hazard:conflictIntensity,Conflict Intensity,0,INFORM SADC 2024,INFORM Sub-national SADC 2024,baseline
TZ11,Iringa,TZ1103,Iringa Urban,Hazard & Exposure,Human hazards,hazard:conflictRisk,Conflict Risk,0.7,INFORM SADC 2024,INFORM Sub-national SADC 2024,baseline
TZ11,Iringa,TZ1103,Iringa Urban,Hazard & Exposure,Human hazards,hazard:internalViolence,Internal Violence,2.2,INFORM SADC 2024,INFORM Sub-national SADC 2024,baseline
TZ11,Iringa,TZ1103,Iringa Urban,Vulnerability,Socio-economic,vulnerability:developmentPoverty,Development Poverty,5.325,NBS,Household Budget Survey 2017/18,poverty headcount
TZ11,Iringa,TZ1103,Iringa Urban,Vulnerability,Socio-economic,vulnerability:economicDependency,Economic Dependency,3.033333333,INFORM SADC 2024,INFORM Sub-national SADC 2024,baseline
TZ11,Iringa,TZ1103,Iringa Urban,Vulnerability,Socio-economic,vulnerability:habitat,Habitat,5.55,INFORM SADC 2024,INFORM Sub-national SADC 2024,baseline
TZ11,Iringa,TZ1103,Iringa Urban,Vulnerability,Socio-economic,vulnerability:livelihoods,Livelihoods,0,MUCHALI / IPC (MoA),IPC acute food-insecurity rounds,food-insecurity phase
TZ11,Iringa,TZ1103,Iringa Urban,Vulnerability,Vulnerable groups,vulnerability:displacedPeople,Displaced People,0,INFORM SADC 2024,INFORM Sub-national SADC 2024,baseline
TZ11,Iringa,TZ1103,Iringa Urban,Vulnerability,Vulnerable groups,vulnerability:healthConditions,Health Conditions,3,INFORM SADC 2024,INFORM Sub-national SADC 2024,baseline
TZ11,Iringa,TZ1103,Iringa Urban,Vulnerability,Vulnerable groups,vulnerability:childrenHealthNutrition,Children Health Nutrition,9,MoH,TDHS 2022,under-5 stunting
TZ11,Iringa,TZ1103,Iringa Urban,Lack of Coping Capacity,Infrastructure,coping:accessHealth,Access Health,4.38,MoH,2022 PHC health facilities,resource availability
TZ11,Iringa,TZ1103,Iringa Urban,Lack of Coping Capacity,Infrastructure,coping:economicCapacity,Economic Capacity,8.266666667,INFORM SADC 2024,INFORM Sub-national SADC 2024,baseline
TZ11,Iringa,TZ1103,Iringa Urban,Lack of Coping Capacity,Infrastructure,coping:wash,Wash,7,MoW,2022 PHC water points & boreholes,"resource availability, rank 2-8"
TZ11,Iringa,TZ1103,Iringa Urban,Lack of Coping Capacity,Infrastructure,coping:communication,Communication,6.6,INFORM SADC 2024,INFORM Sub-national SADC 2024,baseline
TZ11,Iringa,TZ1103,Iringa Urban,Lack of Coping Capacity,Infrastructure,coping:education,Education,5,NBS / MoH,2022 PHC schools,resource availability
TZ11,Iringa,TZ1103,Iringa Urban,Lack of Coping Capacity,Institutional,coping:drrImplementation,Drr Implementation,6.5,PMO-DMD / DRR Coordinator,EPRP / EOCC / Anticipatory-Action records,DRM investment overlay
TZ11,Iringa,TZ1103,Iringa Urban,Lack of Coping Capacity,Institutional,coping:governance,Governance,3.6,PMO-DMD,INFORM SADC governance,baseline
TZ11,Iringa,TZ1104,Kilolo,Hazard & Exposure,Exposure,hazard:exposure,Population Exposure,2.41,NBS,2022 PHC population,"population density, log min-max"
TZ11,Iringa,TZ1104,Kilolo,Hazard & Exposure,Natural hazards,hazard:coastalHazards,Coastal Hazards,0,TMA / PMO-DMD,coastal strip,documented overlay
TZ11,Iringa,TZ1104,Kilolo,Hazard & Exposure,Natural hazards,hazard:drought,Drought,3.8,TMA / MoA,CHIRPS v3 1991-2024 + ERA5 t2m,"aridity+variability+SPEI+growing-season, min-max"
TZ11,Iringa,TZ1104,Kilolo,Hazard & Exposure,Natural hazards,hazard:earthquake,Earthquake,0,INFORM SADC,INFORM seismic,baseline
TZ11,Iringa,TZ1104,Kilolo,Hazard & Exposure,Natural hazards,hazard:environmentalDegradation,Environmental Degradation,5.4,INFORM SADC 2024,INFORM Sub-national SADC 2024,baseline
TZ11,Iringa,TZ1104,Kilolo,Hazard & Exposure,Natural hazards,hazard:flood,Flood,4.2,PMO-DMD / TMA / MoW,CHIRPS v3 daily + recorded floods,"max(hazard, sqrt(hazard×exposure))"
TZ11,Iringa,TZ1104,Kilolo,Hazard & Exposure,Natural hazards,hazard:landslide,Landslide,7.5,TMA / PMO-DMD,documented rainfall-triggered events,documented overlay
TZ11,Iringa,TZ1104,Kilolo,Hazard & Exposure,Natural hazards,hazard:stormsCyclone,Storms Cyclone,0,TMA / PMO-DMD,Cyclone Hidaya 2024 + Lindi 1952 + Zanzibar 1872,documented cyclone/storm exposure overlay
TZ11,Iringa,TZ1104,Kilolo,Hazard & Exposure,Natural hazards,hazard:volcano,Volcano,0,INFORM SADC 2024,INFORM Sub-national SADC 2024,baseline
TZ11,Iringa,TZ1104,Kilolo,Hazard & Exposure,Natural hazards,hazard:wildfire,Wildfire,6,INFORM SADC 2024,INFORM Sub-national SADC 2024,baseline
TZ11,Iringa,TZ1104,Kilolo,Hazard & Exposure,Human hazards,hazard:conflictIntensity,Conflict Intensity,0,INFORM SADC 2024,INFORM Sub-national SADC 2024,baseline
TZ11,Iringa,TZ1104,Kilolo,Hazard & Exposure,Human hazards,hazard:conflictRisk,Conflict Risk,0.7,INFORM SADC 2024,INFORM Sub-national SADC 2024,baseline
TZ11,Iringa,TZ1104,Kilolo,Hazard & Exposure,Human hazards,hazard:internalViolence,Internal Violence,2.2,INFORM SADC 2024,INFORM Sub-national SADC 2024,baseline
TZ11,Iringa,TZ1104,Kilolo,Vulnerability,Socio-economic,vulnerability:developmentPoverty,Development Poverty,5.325,NBS,Household Budget Survey 2017/18,poverty headcount
TZ11,Iringa,TZ1104,Kilolo,Vulnerability,Socio-economic,vulnerability:economicDependency,Economic Dependency,3.033333333,INFORM SADC 2024,INFORM Sub-national SADC 2024,baseline
TZ11,Iringa,TZ1104,Kilolo,Vulnerability,Socio-economic,vulnerability:habitat,Habitat,5.55,INFORM SADC 2024,INFORM Sub-national SADC 2024,baseline
TZ11,Iringa,TZ1104,Kilolo,Vulnerability,Socio-economic,vulnerability:livelihoods,Livelihoods,0,MUCHALI / IPC (MoA),IPC acute food-insecurity rounds,food-insecurity phase
TZ11,Iringa,TZ1104,Kilolo,Vulnerability,Vulnerable groups,vulnerability:displacedPeople,Displaced People,0,INFORM SADC 2024,INFORM Sub-national SADC 2024,baseline
TZ11,Iringa,TZ1104,Kilolo,Vulnerability,Vulnerable groups,vulnerability:healthConditions,Health Conditions,3,INFORM SADC 2024,INFORM Sub-national SADC 2024,baseline
TZ11,Iringa,TZ1104,Kilolo,Vulnerability,Vulnerable groups,vulnerability:childrenHealthNutrition,Children Health Nutrition,9,MoH,TDHS 2022,under-5 stunting
TZ11,Iringa,TZ1104,Kilolo,Lack of Coping Capacity,Infrastructure,coping:accessHealth,Access Health,4.38,MoH,2022 PHC health facilities,resource availability
TZ11,Iringa,TZ1104,Kilolo,Lack of Coping Capacity,Infrastructure,coping:economicCapacity,Economic Capacity,8.266666667,INFORM SADC 2024,INFORM Sub-national SADC 2024,baseline
TZ11,Iringa,TZ1104,Kilolo,Lack of Coping Capacity,Infrastructure,coping:wash,Wash,4,MoW,2022 PHC water points & boreholes,"resource availability, rank 2-8"
TZ11,Iringa,TZ1104,Kilolo,Lack of Coping Capacity,Infrastructure,coping:communication,Communication,6.6,INFORM SADC 2024,INFORM Sub-national SADC 2024,baseline
TZ11,Iringa,TZ1104,Kilolo,Lack of Coping Capacity,Infrastructure,coping:education,Education,5,NBS / MoH,2022 PHC schools,resource availability
TZ11,Iringa,TZ1104,Kilolo,Lack of Coping Capacity,Institutional,coping:drrImplementation,Drr Implementation,6.5,PMO-DMD / DRR Coordinator,EPRP / EOCC / Anticipatory-Action records,DRM investment overlay
TZ11,Iringa,TZ1104,Kilolo,Lack of Coping Capacity,Institutional,coping:governance,Governance,3.6,PMO-DMD,INFORM SADC governance,baseline
TZ11,Iringa,TZ1105,Mafinga Township Authority,Hazard & Exposure,Natural hazards,hazard:coastalHazards,Coastal Hazards,0,TMA / PMO-DMD,coastal strip,documented overlay
TZ11,Iringa,TZ1105,Mafinga Township Authority,Hazard & Exposure,Natural hazards,hazard:drought,Drought,0,TMA / MoA,CHIRPS v3 1991-2024 + ERA5 t2m,"aridity+variability+SPEI+growing-season, min-max"
TZ11,Iringa,TZ1105,Mafinga Township Authority,Hazard & Exposure,Natural hazards,hazard:earthquake,Earthquake,0,INFORM SADC,INFORM seismic,baseline
TZ11,Iringa,TZ1105,Mafinga Township Authority,Hazard & Exposure,Natural hazards,hazard:environmentalDegradation,Environmental Degradation,6.9,INFORM SADC 2024,INFORM Sub-national SADC 2024,baseline
TZ11,Iringa,TZ1105,Mafinga Township Authority,Hazard & Exposure,Natural hazards,hazard:flood,Flood,0,PMO-DMD / TMA / MoW,CHIRPS v3 daily + recorded floods,"max(hazard, sqrt(hazard×exposure))"
TZ11,Iringa,TZ1105,Mafinga Township Authority,Hazard & Exposure,Natural hazards,hazard:landslide,Landslide,0.1,TMA / PMO-DMD,documented rainfall-triggered events,documented overlay
TZ11,Iringa,TZ1105,Mafinga Township Authority,Hazard & Exposure,Natural hazards,hazard:stormsCyclone,Storms Cyclone,0,TMA / PMO-DMD,Cyclone Hidaya 2024 + Lindi 1952 + Zanzibar 1872,documented cyclone/storm exposure overlay
TZ11,Iringa,TZ1105,Mafinga Township Authority,Hazard & Exposure,Natural hazards,hazard:volcano,Volcano,0,INFORM SADC 2024,INFORM Sub-national SADC 2024,baseline
TZ11,Iringa,TZ1105,Mafinga Township Authority,Hazard & Exposure,Natural hazards,hazard:wildfire,Wildfire,6,INFORM SADC 2024,INFORM Sub-national SADC 2024,baseline
TZ11,Iringa,TZ1105,Mafinga Township Authority,Hazard & Exposure,Human hazards,hazard:conflictIntensity,Conflict Intensity,0,INFORM SADC 2024,INFORM Sub-national SADC 2024,baseline
TZ11,Iringa,TZ1105,Mafinga Township Authority,Hazard & Exposure,Human hazards,hazard:conflictRisk,Conflict Risk,0.7,INFORM SADC 2024,INFORM Sub-national SADC 2024,baseline
TZ11,Iringa,TZ1105,Mafinga Township Authority,Hazard & Exposure,Human hazards,hazard:internalViolence,Internal Violence,2.2,INFORM SADC 2024,INFORM Sub-national SADC 2024,baseline
TZ11,Iringa,TZ1105,Mafinga Township Authority,Vulnerability,Socio-economic,vulnerability:developmentPoverty,Development Poverty,5.325,NBS,Household Budget Survey 2017/18,poverty headcount
TZ11,Iringa,TZ1105,Mafinga Township Authority,Vulnerability,Socio-economic,vulnerability:economicDependency,Economic Dependency,3.033333333,INFORM SADC 2024,INFORM Sub-national SADC 2024,baseline
TZ11,Iringa,TZ1105,Mafinga Township Authority,Vulnerability,Socio-economic,vulnerability:habitat,Habitat,5.55,INFORM SADC 2024,INFORM Sub-national SADC 2024,baseline
TZ11,Iringa,TZ1105,Mafinga Township Authority,Vulnerability,Socio-economic,vulnerability:livelihoods,Livelihoods,0,MUCHALI / IPC (MoA),IPC acute food-insecurity rounds,food-insecurity phase
TZ11,Iringa,TZ1105,Mafinga Township Authority,Vulnerability,Vulnerable groups,vulnerability:displacedPeople,Displaced People,0,INFORM SADC 2024,INFORM Sub-national SADC 2024,baseline
TZ11,Iringa,TZ1105,Mafinga Township Authority,Vulnerability,Vulnerable groups,vulnerability:healthConditions,Health Conditions,3,INFORM SADC 2024,INFORM Sub-national SADC 2024,baseline
TZ11,Iringa,TZ1105,Mafinga Township Authority,Vulnerability,Vulnerable groups,vulnerability:childrenHealthNutrition,Children Health Nutrition,9,MoH,TDHS 2022,under-5 stunting
TZ11,Iringa,TZ1105,Mafinga Township Authority,Lack of Coping Capacity,Infrastructure,coping:accessHealth,Access Health,4.38,MoH,2022 PHC health facilities,resource availability
TZ11,Iringa,TZ1105,Mafinga Township Authority,Lack of Coping Capacity,Infrastructure,coping:economicCapacity,Economic Capacity,8.266666667,INFORM SADC 2024,INFORM Sub-national SADC 2024,baseline
TZ11,Iringa,TZ1105,Mafinga Township Authority,Lack of Coping Capacity,Infrastructure,coping:wash,Wash,7,MoW,2022 PHC water points & boreholes,"resource availability, rank 2-8"
TZ11,Iringa,TZ1105,Mafinga Township Authority,Lack of Coping Capacity,Infrastructure,coping:communication,Communication,6.6,INFORM SADC 2024,INFORM Sub-national SADC 2024,baseline
TZ11,Iringa,TZ1105,Mafinga Township Authority,Lack of Coping Capacity,Infrastructure,coping:education,Education,5,NBS / MoH,2022 PHC schools,resource availability
TZ11,Iringa,TZ1105,Mafinga Township Authority,Lack of Coping Capacity,Institutional,coping:drrImplementation,Drr Implementation,6.5,PMO-DMD / DRR Coordinator,EPRP / EOCC / Anticipatory-Action records,DRM investment overlay
TZ11,Iringa,TZ1105,Mafinga Township Authority,Lack of Coping Capacity,Institutional,coping:governance,Governance,3.6,PMO-DMD,INFORM SADC governance,baseline
TZ12,Mbeya,TZ1201,Chunya,Hazard & Exposure,Exposure,hazard:exposure,Population Exposure,1.86,NBS,2022 PHC population,"population density, log min-max"
TZ12,Mbeya,TZ1201,Chunya,Hazard & Exposure,Natural hazards,hazard:coastalHazards,Coastal Hazards,0,TMA / PMO-DMD,coastal strip,documented overlay
TZ12,Mbeya,TZ1201,Chunya,Hazard & Exposure,Natural hazards,hazard:drought,Drought,1.9,TMA / MoA,CHIRPS v3 1991-2024 + ERA5 t2m,"aridity+variability+SPEI+growing-season, min-max"
TZ12,Mbeya,TZ1201,Chunya,Hazard & Exposure,Natural hazards,hazard:earthquake,Earthquake,6,INFORM SADC,INFORM seismic,baseline
TZ12,Mbeya,TZ1201,Chunya,Hazard & Exposure,Natural hazards,hazard:environmentalDegradation,Environmental Degradation,5.6,INFORM SADC 2024,INFORM Sub-national SADC 2024,baseline
TZ12,Mbeya,TZ1201,Chunya,Hazard & Exposure,Natural hazards,hazard:flood,Flood,2.8,PMO-DMD / TMA / MoW,CHIRPS v3 daily + recorded floods,"max(hazard, sqrt(hazard×exposure))"
TZ12,Mbeya,TZ1201,Chunya,Hazard & Exposure,Natural hazards,hazard:landslide,Landslide,4.1,TMA / PMO-DMD,documented rainfall-triggered events,documented overlay
TZ12,Mbeya,TZ1201,Chunya,Hazard & Exposure,Natural hazards,hazard:stormsCyclone,Storms Cyclone,0,TMA / PMO-DMD,Cyclone Hidaya 2024 + Lindi 1952 + Zanzibar 1872,documented cyclone/storm exposure overlay
TZ12,Mbeya,TZ1201,Chunya,Hazard & Exposure,Natural hazards,hazard:volcano,Volcano,5,INFORM SADC 2024,INFORM Sub-national SADC 2024,baseline
TZ12,Mbeya,TZ1201,Chunya,Hazard & Exposure,Natural hazards,hazard:wildfire,Wildfire,6.6,INFORM SADC 2024,INFORM Sub-national SADC 2024,baseline
TZ12,Mbeya,TZ1201,Chunya,Hazard & Exposure,Human hazards,hazard:conflictIntensity,Conflict Intensity,0,INFORM SADC 2024,INFORM Sub-national SADC 2024,baseline
TZ12,Mbeya,TZ1201,Chunya,Hazard & Exposure,Human hazards,hazard:conflictRisk,Conflict Risk,0.7,INFORM SADC 2024,INFORM Sub-national SADC 2024,baseline
TZ12,Mbeya,TZ1201,Chunya,Hazard & Exposure,Human hazards,hazard:internalViolence,Internal Violence,6.05,INFORM SADC 2024,INFORM Sub-national SADC 2024,baseline
TZ12,Mbeya,TZ1201,Chunya,Vulnerability,Socio-economic,vulnerability:developmentPoverty,Development Poverty,7.65,NBS,Household Budget Survey 2017/18,poverty headcount
TZ12,Mbeya,TZ1201,Chunya,Vulnerability,Socio-economic,vulnerability:economicDependency,Economic Dependency,3.333333333,INFORM SADC 2024,INFORM Sub-national SADC 2024,baseline
TZ12,Mbeya,TZ1201,Chunya,Vulnerability,Socio-economic,vulnerability:habitat,Habitat,5.55,INFORM SADC 2024,INFORM Sub-national SADC 2024,baseline
TZ12,Mbeya,TZ1201,Chunya,Vulnerability,Socio-economic,vulnerability:livelihoods,Livelihoods,0,MUCHALI / IPC (MoA),IPC acute food-insecurity rounds,food-insecurity phase
TZ12,Mbeya,TZ1201,Chunya,Vulnerability,Vulnerable groups,vulnerability:displacedPeople,Displaced People,0,INFORM SADC 2024,INFORM Sub-national SADC 2024,baseline
TZ12,Mbeya,TZ1201,Chunya,Vulnerability,Vulnerable groups,vulnerability:healthConditions,Health Conditions,5,INFORM SADC 2024,INFORM Sub-national SADC 2024,baseline
TZ12,Mbeya,TZ1201,Chunya,Vulnerability,Vulnerable groups,vulnerability:childrenHealthNutrition,Children Health Nutrition,7.5,MoH,TDHS 2022,under-5 stunting
TZ12,Mbeya,TZ1201,Chunya,Lack of Coping Capacity,Infrastructure,coping:accessHealth,Access Health,5.62,MoH,2022 PHC health facilities,resource availability
TZ12,Mbeya,TZ1201,Chunya,Lack of Coping Capacity,Infrastructure,coping:economicCapacity,Economic Capacity,8.8,INFORM SADC 2024,INFORM Sub-national SADC 2024,baseline
TZ12,Mbeya,TZ1201,Chunya,Lack of Coping Capacity,Infrastructure,coping:wash,Wash,6.4,MoW,2022 PHC water points & boreholes,"resource availability, rank 2-8"
TZ12,Mbeya,TZ1201,Chunya,Lack of Coping Capacity,Infrastructure,coping:communication,Communication,7.45,INFORM SADC 2024,INFORM Sub-national SADC 2024,baseline
TZ12,Mbeya,TZ1201,Chunya,Lack of Coping Capacity,Infrastructure,coping:education,Education,5.05,NBS / MoH,2022 PHC schools,resource availability
TZ12,Mbeya,TZ1201,Chunya,Lack of Coping Capacity,Institutional,coping:drrImplementation,Drr Implementation,3,PMO-DMD / DRR Coordinator,EPRP / EOCC / Anticipatory-Action records,DRM investment overlay
TZ12,Mbeya,TZ1201,Chunya,Lack of Coping Capacity,Institutional,coping:governance,Governance,3.5,PMO-DMD,INFORM SADC governance,baseline
TZ12,Mbeya,TZ1202,Mbeya,Hazard & Exposure,Exposure,hazard:exposure,Population Exposure,5.32,NBS,2022 PHC population,"population density, log min-max"
TZ12,Mbeya,TZ1202,Mbeya,Hazard & Exposure,Natural hazards,hazard:coastalHazards,Coastal Hazards,0,TMA / PMO-DMD,coastal strip,documented overlay
TZ12,Mbeya,TZ1202,Mbeya,Hazard & Exposure,Natural hazards,hazard:drought,Drought,1.5,TMA / MoA,CHIRPS v3 1991-2024 + ERA5 t2m,"aridity+variability+SPEI+growing-season, min-max"
TZ12,Mbeya,TZ1202,Mbeya,Hazard & Exposure,Natural hazards,hazard:earthquake,Earthquake,10,INFORM SADC,INFORM seismic,baseline
TZ12,Mbeya,TZ1202,Mbeya,Hazard & Exposure,Natural hazards,hazard:environmentalDegradation,Environmental Degradation,5.2,INFORM SADC 2024,INFORM Sub-national SADC 2024,baseline
TZ12,Mbeya,TZ1202,Mbeya,Hazard & Exposure,Natural hazards,hazard:flood,Flood,0.5,PMO-DMD / TMA / MoW,CHIRPS v3 daily + recorded floods,"max(hazard, sqrt(hazard×exposure))"
TZ12,Mbeya,TZ1202,Mbeya,Hazard & Exposure,Natural hazards,hazard:landslide,Landslide,8.5,TMA / PMO-DMD,documented rainfall-triggered events,documented overlay
TZ12,Mbeya,TZ1202,Mbeya,Hazard & Exposure,Natural hazards,hazard:stormsCyclone,Storms Cyclone,0,TMA / PMO-DMD,Cyclone Hidaya 2024 + Lindi 1952 + Zanzibar 1872,documented cyclone/storm exposure overlay
TZ12,Mbeya,TZ1202,Mbeya,Hazard & Exposure,Natural hazards,hazard:volcano,Volcano,5,INFORM SADC 2024,INFORM Sub-national SADC 2024,baseline
TZ12,Mbeya,TZ1202,Mbeya,Hazard & Exposure,Natural hazards,hazard:wildfire,Wildfire,6.6,INFORM SADC 2024,INFORM Sub-national SADC 2024,baseline
TZ12,Mbeya,TZ1202,Mbeya,Hazard & Exposure,Human hazards,hazard:conflictIntensity,Conflict Intensity,0,INFORM SADC 2024,INFORM Sub-national SADC 2024,baseline
TZ12,Mbeya,TZ1202,Mbeya,Hazard & Exposure,Human hazards,hazard:conflictRisk,Conflict Risk,0.7,INFORM SADC 2024,INFORM Sub-national SADC 2024,baseline
TZ12,Mbeya,TZ1202,Mbeya,Hazard & Exposure,Human hazards,hazard:internalViolence,Internal Violence,6.05,INFORM SADC 2024,INFORM Sub-national SADC 2024,baseline
TZ12,Mbeya,TZ1202,Mbeya,Vulnerability,Socio-economic,vulnerability:developmentPoverty,Development Poverty,7.65,NBS,Household Budget Survey 2017/18,poverty headcount
TZ12,Mbeya,TZ1202,Mbeya,Vulnerability,Socio-economic,vulnerability:economicDependency,Economic Dependency,3.333333333,INFORM SADC 2024,INFORM Sub-national SADC 2024,baseline
TZ12,Mbeya,TZ1202,Mbeya,Vulnerability,Socio-economic,vulnerability:habitat,Habitat,5.55,INFORM SADC 2024,INFORM Sub-national SADC 2024,baseline
TZ12,Mbeya,TZ1202,Mbeya,Vulnerability,Socio-economic,vulnerability:livelihoods,Livelihoods,0,MUCHALI / IPC (MoA),IPC acute food-insecurity rounds,food-insecurity phase
TZ12,Mbeya,TZ1202,Mbeya,Vulnerability,Vulnerable groups,vulnerability:displacedPeople,Displaced People,0,INFORM SADC 2024,INFORM Sub-national SADC 2024,baseline
TZ12,Mbeya,TZ1202,Mbeya,Vulnerability,Vulnerable groups,vulnerability:healthConditions,Health Conditions,5,INFORM SADC 2024,INFORM Sub-national SADC 2024,baseline
TZ12,Mbeya,TZ1202,Mbeya,Vulnerability,Vulnerable groups,vulnerability:childrenHealthNutrition,Children Health Nutrition,7.5,MoH,TDHS 2022,under-5 stunting
TZ12,Mbeya,TZ1202,Mbeya,Lack of Coping Capacity,Infrastructure,coping:accessHealth,Access Health,5.62,MoH,2022 PHC health facilities,resource availability
TZ12,Mbeya,TZ1202,Mbeya,Lack of Coping Capacity,Infrastructure,coping:economicCapacity,Economic Capacity,8.8,INFORM SADC 2024,INFORM Sub-national SADC 2024,baseline
TZ12,Mbeya,TZ1202,Mbeya,Lack of Coping Capacity,Infrastructure,coping:wash,Wash,2,MoW,2022 PHC water points & boreholes,"resource availability, rank 2-8"
TZ12,Mbeya,TZ1202,Mbeya,Lack of Coping Capacity,Infrastructure,coping:communication,Communication,7.45,INFORM SADC 2024,INFORM Sub-national SADC 2024,baseline
TZ12,Mbeya,TZ1202,Mbeya,Lack of Coping Capacity,Infrastructure,coping:education,Education,5.05,NBS / MoH,2022 PHC schools,resource availability
TZ12,Mbeya,TZ1202,Mbeya,Lack of Coping Capacity,Institutional,coping:drrImplementation,Drr Implementation,3,PMO-DMD / DRR Coordinator,EPRP / EOCC / Anticipatory-Action records,DRM investment overlay
TZ12,Mbeya,TZ1202,Mbeya,Lack of Coping Capacity,Institutional,coping:governance,Governance,3.5,PMO-DMD,INFORM SADC governance,baseline
TZ12,Mbeya,TZ1203,Kyela,Hazard & Exposure,Exposure,hazard:exposure,Population Exposure,5.45,NBS,2022 PHC population,"population density, log min-max"
TZ12,Mbeya,TZ1203,Kyela,Hazard & Exposure,Natural hazards,hazard:coastalHazards,Coastal Hazards,0,TMA / PMO-DMD,coastal strip,documented overlay
TZ12,Mbeya,TZ1203,Kyela,Hazard & Exposure,Natural hazards,hazard:drought,Drought,2.2,TMA / MoA,CHIRPS v3 1991-2024 + ERA5 t2m,"aridity+variability+SPEI+growing-season, min-max"
TZ12,Mbeya,TZ1203,Kyela,Hazard & Exposure,Natural hazards,hazard:earthquake,Earthquake,10,INFORM SADC,INFORM seismic,baseline
TZ12,Mbeya,TZ1203,Kyela,Hazard & Exposure,Natural hazards,hazard:environmentalDegradation,Environmental Degradation,4.75,INFORM SADC 2024,INFORM Sub-national SADC 2024,baseline
TZ12,Mbeya,TZ1203,Kyela,Hazard & Exposure,Natural hazards,hazard:flood,Flood,10,PMO-DMD / TMA / MoW,CHIRPS v3 daily + recorded floods,"max(hazard, sqrt(hazard×exposure))"
TZ12,Mbeya,TZ1203,Kyela,Hazard & Exposure,Natural hazards,hazard:landslide,Landslide,5,TMA / PMO-DMD,documented rainfall-triggered events,documented overlay
TZ12,Mbeya,TZ1203,Kyela,Hazard & Exposure,Natural hazards,hazard:stormsCyclone,Storms Cyclone,0,TMA / PMO-DMD,Cyclone Hidaya 2024 + Lindi 1952 + Zanzibar 1872,documented cyclone/storm exposure overlay
TZ12,Mbeya,TZ1203,Kyela,Hazard & Exposure,Natural hazards,hazard:volcano,Volcano,5,INFORM SADC 2024,INFORM Sub-national SADC 2024,baseline
TZ12,Mbeya,TZ1203,Kyela,Hazard & Exposure,Natural hazards,hazard:wildfire,Wildfire,6.6,INFORM SADC 2024,INFORM Sub-national SADC 2024,baseline
TZ12,Mbeya,TZ1203,Kyela,Hazard & Exposure,Human hazards,hazard:conflictIntensity,Conflict Intensity,0,INFORM SADC 2024,INFORM Sub-national SADC 2024,baseline
TZ12,Mbeya,TZ1203,Kyela,Hazard & Exposure,Human hazards,hazard:conflictRisk,Conflict Risk,0.7,INFORM SADC 2024,INFORM Sub-national SADC 2024,baseline
TZ12,Mbeya,TZ1203,Kyela,Hazard & Exposure,Human hazards,hazard:internalViolence,Internal Violence,6.05,INFORM SADC 2024,INFORM Sub-national SADC 2024,baseline
TZ12,Mbeya,TZ1203,Kyela,Vulnerability,Socio-economic,vulnerability:developmentPoverty,Development Poverty,7.65,NBS,Household Budget Survey 2017/18,poverty headcount
TZ12,Mbeya,TZ1203,Kyela,Vulnerability,Socio-economic,vulnerability:economicDependency,Economic Dependency,3.333333333,INFORM SADC 2024,INFORM Sub-national SADC 2024,baseline
TZ12,Mbeya,TZ1203,Kyela,Vulnerability,Socio-economic,vulnerability:habitat,Habitat,5.55,INFORM SADC 2024,INFORM Sub-national SADC 2024,baseline
TZ12,Mbeya,TZ1203,Kyela,Vulnerability,Socio-economic,vulnerability:livelihoods,Livelihoods,0,MUCHALI / IPC (MoA),IPC acute food-insecurity rounds,food-insecurity phase
TZ12,Mbeya,TZ1203,Kyela,Vulnerability,Vulnerable groups,vulnerability:displacedPeople,Displaced People,0,INFORM SADC 2024,INFORM Sub-national SADC 2024,baseline
TZ12,Mbeya,TZ1203,Kyela,Vulnerability,Vulnerable groups,vulnerability:healthConditions,Health Conditions,5,INFORM SADC 2024,INFORM Sub-national SADC 2024,baseline
TZ12,Mbeya,TZ1203,Kyela,Vulnerability,Vulnerable groups,vulnerability:childrenHealthNutrition,Children Health Nutrition,7.5,MoH,TDHS 2022,under-5 stunting
TZ12,Mbeya,TZ1203,Kyela,Lack of Coping Capacity,Infrastructure,coping:accessHealth,Access Health,5.62,MoH,2022 PHC health facilities,resource availability
TZ12,Mbeya,TZ1203,Kyela,Lack of Coping Capacity,Infrastructure,coping:economicCapacity,Economic Capacity,8.8,INFORM SADC 2024,INFORM Sub-national SADC 2024,baseline
TZ12,Mbeya,TZ1203,Kyela,Lack of Coping Capacity,Infrastructure,coping:wash,Wash,5.6,MoW,2022 PHC water points & boreholes,"resource availability, rank 2-8"
TZ12,Mbeya,TZ1203,Kyela,Lack of Coping Capacity,Infrastructure,coping:communication,Communication,7.45,INFORM SADC 2024,INFORM Sub-national SADC 2024,baseline
TZ12,Mbeya,TZ1203,Kyela,Lack of Coping Capacity,Infrastructure,coping:education,Education,5.05,NBS / MoH,2022 PHC schools,resource availability
TZ12,Mbeya,TZ1203,Kyela,Lack of Coping Capacity,Institutional,coping:drrImplementation,Drr Implementation,3,PMO-DMD / DRR Coordinator,EPRP / EOCC / Anticipatory-Action records,DRM investment overlay
TZ12,Mbeya,TZ1203,Kyela,Lack of Coping Capacity,Institutional,coping:governance,Governance,3.5,PMO-DMD,INFORM SADC governance,baseline
TZ12,Mbeya,TZ1204,Rungwe,Hazard & Exposure,Exposure,hazard:exposure,Population Exposure,4.26,NBS,2022 PHC population,"population density, log min-max"
TZ12,Mbeya,TZ1204,Rungwe,Hazard & Exposure,Natural hazards,hazard:coastalHazards,Coastal Hazards,0,TMA / PMO-DMD,coastal strip,documented overlay
TZ12,Mbeya,TZ1204,Rungwe,Hazard & Exposure,Natural hazards,hazard:drought,Drought,0.5,TMA / MoA,CHIRPS v3 1991-2024 + ERA5 t2m,"aridity+variability+SPEI+growing-season, min-max"
TZ12,Mbeya,TZ1204,Rungwe,Hazard & Exposure,Natural hazards,hazard:earthquake,Earthquake,10,INFORM SADC,INFORM seismic,baseline
TZ12,Mbeya,TZ1204,Rungwe,Hazard & Exposure,Natural hazards,hazard:environmentalDegradation,Environmental Degradation,5.5,INFORM SADC 2024,INFORM Sub-national SADC 2024,baseline
TZ12,Mbeya,TZ1204,Rungwe,Hazard & Exposure,Natural hazards,hazard:flood,Flood,3.6,PMO-DMD / TMA / MoW,CHIRPS v3 daily + recorded floods,"max(hazard, sqrt(hazard×exposure))"
TZ12,Mbeya,TZ1204,Rungwe,Hazard & Exposure,Natural hazards,hazard:landslide,Landslide,8.5,TMA / PMO-DMD,documented rainfall-triggered events,documented overlay
TZ12,Mbeya,TZ1204,Rungwe,Hazard & Exposure,Natural hazards,hazard:stormsCyclone,Storms Cyclone,0,TMA / PMO-DMD,Cyclone Hidaya 2024 + Lindi 1952 + Zanzibar 1872,documented cyclone/storm exposure overlay
TZ12,Mbeya,TZ1204,Rungwe,Hazard & Exposure,Natural hazards,hazard:volcano,Volcano,5,INFORM SADC 2024,INFORM Sub-national SADC 2024,baseline
TZ12,Mbeya,TZ1204,Rungwe,Hazard & Exposure,Natural hazards,hazard:wildfire,Wildfire,6.6,INFORM SADC 2024,INFORM Sub-national SADC 2024,baseline
TZ12,Mbeya,TZ1204,Rungwe,Hazard & Exposure,Human hazards,hazard:conflictIntensity,Conflict Intensity,0,INFORM SADC 2024,INFORM Sub-national SADC 2024,baseline
TZ12,Mbeya,TZ1204,Rungwe,Hazard & Exposure,Human hazards,hazard:conflictRisk,Conflict Risk,0.7,INFORM SADC 2024,INFORM Sub-national SADC 2024,baseline
TZ12,Mbeya,TZ1204,Rungwe,Hazard & Exposure,Human hazards,hazard:internalViolence,Internal Violence,6.05,INFORM SADC 2024,INFORM Sub-national SADC 2024,baseline
TZ12,Mbeya,TZ1204,Rungwe,Vulnerability,Socio-economic,vulnerability:developmentPoverty,Development Poverty,7.65,NBS,Household Budget Survey 2017/18,poverty headcount
TZ12,Mbeya,TZ1204,Rungwe,Vulnerability,Socio-economic,vulnerability:economicDependency,Economic Dependency,3.333333333,INFORM SADC 2024,INFORM Sub-national SADC 2024,baseline
TZ12,Mbeya,TZ1204,Rungwe,Vulnerability,Socio-economic,vulnerability:habitat,Habitat,5.55,INFORM SADC 2024,INFORM Sub-national SADC 2024,baseline
TZ12,Mbeya,TZ1204,Rungwe,Vulnerability,Socio-economic,vulnerability:livelihoods,Livelihoods,0,MUCHALI / IPC (MoA),IPC acute food-insecurity rounds,food-insecurity phase
TZ12,Mbeya,TZ1204,Rungwe,Vulnerability,Vulnerable groups,vulnerability:displacedPeople,Displaced People,0,INFORM SADC 2024,INFORM Sub-national SADC 2024,baseline
TZ12,Mbeya,TZ1204,Rungwe,Vulnerability,Vulnerable groups,vulnerability:healthConditions,Health Conditions,5,INFORM SADC 2024,INFORM Sub-national SADC 2024,baseline
TZ12,Mbeya,TZ1204,Rungwe,Vulnerability,Vulnerable groups,vulnerability:childrenHealthNutrition,Children Health Nutrition,7.5,MoH,TDHS 2022,under-5 stunting
TZ12,Mbeya,TZ1204,Rungwe,Lack of Coping Capacity,Infrastructure,coping:accessHealth,Access Health,5.62,MoH,2022 PHC health facilities,resource availability
TZ12,Mbeya,TZ1204,Rungwe,Lack of Coping Capacity,Infrastructure,coping:economicCapacity,Economic Capacity,8.8,INFORM SADC 2024,INFORM Sub-national SADC 2024,baseline
TZ12,Mbeya,TZ1204,Rungwe,Lack of Coping Capacity,Infrastructure,coping:wash,Wash,3.1,MoW,2022 PHC water points & boreholes,"resource availability, rank 2-8"
TZ12,Mbeya,TZ1204,Rungwe,Lack of Coping Capacity,Infrastructure,coping:communication,Communication,7.45,INFORM SADC 2024,INFORM Sub-national SADC 2024,baseline
TZ12,Mbeya,TZ1204,Rungwe,Lack of Coping Capacity,Infrastructure,coping:education,Education,5.05,NBS / MoH,2022 PHC schools,resource availability
TZ12,Mbeya,TZ1204,Rungwe,Lack of Coping Capacity,Institutional,coping:drrImplementation,Drr Implementation,3,PMO-DMD / DRR Coordinator,EPRP / EOCC / Anticipatory-Action records,DRM investment overlay
TZ12,Mbeya,TZ1204,Rungwe,Lack of Coping Capacity,Institutional,coping:governance,Governance,3.5,PMO-DMD,INFORM SADC governance,baseline
TZ12,Mbeya,TZ1207,Mbarali,Hazard & Exposure,Exposure,hazard:exposure,Population Exposure,2.62,NBS,2022 PHC population,"population density, log min-max"
TZ12,Mbeya,TZ1207,Mbarali,Hazard & Exposure,Natural hazards,hazard:coastalHazards,Coastal Hazards,0,TMA / PMO-DMD,coastal strip,documented overlay
TZ12,Mbeya,TZ1207,Mbarali,Hazard & Exposure,Natural hazards,hazard:drought,Drought,3.9,TMA / MoA,CHIRPS v3 1991-2024 + ERA5 t2m,"aridity+variability+SPEI+growing-season, min-max"
TZ12,Mbeya,TZ1207,Mbarali,Hazard & Exposure,Natural hazards,hazard:earthquake,Earthquake,6,INFORM SADC,INFORM seismic,baseline
TZ12,Mbeya,TZ1207,Mbarali,Hazard & Exposure,Natural hazards,hazard:environmentalDegradation,Environmental Degradation,3.8,INFORM SADC 2024,INFORM Sub-national SADC 2024,baseline
TZ12,Mbeya,TZ1207,Mbarali,Hazard & Exposure,Natural hazards,hazard:flood,Flood,8.4,PMO-DMD / TMA / MoW,CHIRPS v3 daily + recorded floods,"max(hazard, sqrt(hazard×exposure))"
TZ12,Mbeya,TZ1207,Mbarali,Hazard & Exposure,Natural hazards,hazard:landslide,Landslide,3.8,TMA / PMO-DMD,documented rainfall-triggered events,documented overlay
TZ12,Mbeya,TZ1207,Mbarali,Hazard & Exposure,Natural hazards,hazard:stormsCyclone,Storms Cyclone,0,TMA / PMO-DMD,Cyclone Hidaya 2024 + Lindi 1952 + Zanzibar 1872,documented cyclone/storm exposure overlay
TZ12,Mbeya,TZ1207,Mbarali,Hazard & Exposure,Natural hazards,hazard:volcano,Volcano,5,INFORM SADC 2024,INFORM Sub-national SADC 2024,baseline
TZ12,Mbeya,TZ1207,Mbarali,Hazard & Exposure,Natural hazards,hazard:wildfire,Wildfire,6.6,INFORM SADC 2024,INFORM Sub-national SADC 2024,baseline
TZ12,Mbeya,TZ1207,Mbarali,Hazard & Exposure,Human hazards,hazard:conflictIntensity,Conflict Intensity,0,INFORM SADC 2024,INFORM Sub-national SADC 2024,baseline
TZ12,Mbeya,TZ1207,Mbarali,Hazard & Exposure,Human hazards,hazard:conflictRisk,Conflict Risk,0.7,INFORM SADC 2024,INFORM Sub-national SADC 2024,baseline
TZ12,Mbeya,TZ1207,Mbarali,Hazard & Exposure,Human hazards,hazard:internalViolence,Internal Violence,6.05,INFORM SADC 2024,INFORM Sub-national SADC 2024,baseline
TZ12,Mbeya,TZ1207,Mbarali,Vulnerability,Socio-economic,vulnerability:developmentPoverty,Development Poverty,7.65,NBS,Household Budget Survey 2017/18,poverty headcount
TZ12,Mbeya,TZ1207,Mbarali,Vulnerability,Socio-economic,vulnerability:economicDependency,Economic Dependency,3.333333333,INFORM SADC 2024,INFORM Sub-national SADC 2024,baseline
TZ12,Mbeya,TZ1207,Mbarali,Vulnerability,Socio-economic,vulnerability:habitat,Habitat,5.55,INFORM SADC 2024,INFORM Sub-national SADC 2024,baseline
TZ12,Mbeya,TZ1207,Mbarali,Vulnerability,Socio-economic,vulnerability:livelihoods,Livelihoods,0,MUCHALI / IPC (MoA),IPC acute food-insecurity rounds,food-insecurity phase
TZ12,Mbeya,TZ1207,Mbarali,Vulnerability,Vulnerable groups,vulnerability:displacedPeople,Displaced People,0,INFORM SADC 2024,INFORM Sub-national SADC 2024,baseline
TZ12,Mbeya,TZ1207,Mbarali,Vulnerability,Vulnerable groups,vulnerability:healthConditions,Health Conditions,5,INFORM SADC 2024,INFORM Sub-national SADC 2024,baseline
TZ12,Mbeya,TZ1207,Mbarali,Vulnerability,Vulnerable groups,vulnerability:childrenHealthNutrition,Children Health Nutrition,7.5,MoH,TDHS 2022,under-5 stunting
TZ12,Mbeya,TZ1207,Mbarali,Lack of Coping Capacity,Infrastructure,coping:accessHealth,Access Health,5.62,MoH,2022 PHC health facilities,resource availability
TZ12,Mbeya,TZ1207,Mbarali,Lack of Coping Capacity,Infrastructure,coping:economicCapacity,Economic Capacity,8.8,INFORM SADC 2024,INFORM Sub-national SADC 2024,baseline
TZ12,Mbeya,TZ1207,Mbarali,Lack of Coping Capacity,Infrastructure,coping:wash,Wash,2.9,MoW,2022 PHC water points & boreholes,"resource availability, rank 2-8"
TZ12,Mbeya,TZ1207,Mbarali,Lack of Coping Capacity,Infrastructure,coping:communication,Communication,7.45,INFORM SADC 2024,INFORM Sub-national SADC 2024,baseline
TZ12,Mbeya,TZ1207,Mbarali,Lack of Coping Capacity,Infrastructure,coping:education,Education,5.05,NBS / MoH,2022 PHC schools,resource availability
TZ12,Mbeya,TZ1207,Mbarali,Lack of Coping Capacity,Institutional,coping:drrImplementation,Drr Implementation,3,PMO-DMD / DRR Coordinator,EPRP / EOCC / Anticipatory-Action records,DRM investment overlay
TZ12,Mbeya,TZ1207,Mbarali,Lack of Coping Capacity,Institutional,coping:governance,Governance,3.5,PMO-DMD,INFORM SADC governance,baseline
TZ12,Mbeya,TZ1208,Mbeya Urban,Hazard & Exposure,Natural hazards,hazard:coastalHazards,Coastal Hazards,0,TMA / PMO-DMD,coastal strip,documented overlay
TZ12,Mbeya,TZ1208,Mbeya Urban,Hazard & Exposure,Natural hazards,hazard:drought,Drought,0,TMA / MoA,CHIRPS v3 1991-2024 + ERA5 t2m,"aridity+variability+SPEI+growing-season, min-max"
TZ12,Mbeya,TZ1208,Mbeya Urban,Hazard & Exposure,Natural hazards,hazard:earthquake,Earthquake,10,INFORM SADC,INFORM seismic,baseline
TZ12,Mbeya,TZ1208,Mbeya Urban,Hazard & Exposure,Natural hazards,hazard:environmentalDegradation,Environmental Degradation,5.25,INFORM SADC 2024,INFORM Sub-national SADC 2024,baseline
TZ12,Mbeya,TZ1208,Mbeya Urban,Hazard & Exposure,Natural hazards,hazard:flood,Flood,0,PMO-DMD / TMA / MoW,CHIRPS v3 daily + recorded floods,"max(hazard, sqrt(hazard×exposure))"
TZ12,Mbeya,TZ1208,Mbeya Urban,Hazard & Exposure,Natural hazards,hazard:landslide,Landslide,6.1,TMA / PMO-DMD,documented rainfall-triggered events,documented overlay
TZ12,Mbeya,TZ1208,Mbeya Urban,Hazard & Exposure,Natural hazards,hazard:stormsCyclone,Storms Cyclone,0,TMA / PMO-DMD,Cyclone Hidaya 2024 + Lindi 1952 + Zanzibar 1872,documented cyclone/storm exposure overlay
TZ12,Mbeya,TZ1208,Mbeya Urban,Hazard & Exposure,Natural hazards,hazard:volcano,Volcano,5,INFORM SADC 2024,INFORM Sub-national SADC 2024,baseline
TZ12,Mbeya,TZ1208,Mbeya Urban,Hazard & Exposure,Natural hazards,hazard:wildfire,Wildfire,6.6,INFORM SADC 2024,INFORM Sub-national SADC 2024,baseline
TZ12,Mbeya,TZ1208,Mbeya Urban,Hazard & Exposure,Human hazards,hazard:conflictIntensity,Conflict Intensity,0,INFORM SADC 2024,INFORM Sub-national SADC 2024,baseline
TZ12,Mbeya,TZ1208,Mbeya Urban,Hazard & Exposure,Human hazards,hazard:conflictRisk,Conflict Risk,0.7,INFORM SADC 2024,INFORM Sub-national SADC 2024,baseline
TZ12,Mbeya,TZ1208,Mbeya Urban,Hazard & Exposure,Human hazards,hazard:internalViolence,Internal Violence,6.05,INFORM SADC 2024,INFORM Sub-national SADC 2024,baseline
TZ12,Mbeya,TZ1208,Mbeya Urban,Vulnerability,Socio-economic,vulnerability:developmentPoverty,Development Poverty,7.65,NBS,Household Budget Survey 2017/18,poverty headcount
TZ12,Mbeya,TZ1208,Mbeya Urban,Vulnerability,Socio-economic,vulnerability:economicDependency,Economic Dependency,3.333333333,INFORM SADC 2024,INFORM Sub-national SADC 2024,baseline
TZ12,Mbeya,TZ1208,Mbeya Urban,Vulnerability,Socio-economic,vulnerability:habitat,Habitat,5.55,INFORM SADC 2024,INFORM Sub-national SADC 2024,baseline
TZ12,Mbeya,TZ1208,Mbeya Urban,Vulnerability,Socio-economic,vulnerability:livelihoods,Livelihoods,0,MUCHALI / IPC (MoA),IPC acute food-insecurity rounds,food-insecurity phase
TZ12,Mbeya,TZ1208,Mbeya Urban,Vulnerability,Vulnerable groups,vulnerability:displacedPeople,Displaced People,0,INFORM SADC 2024,INFORM Sub-national SADC 2024,baseline
TZ12,Mbeya,TZ1208,Mbeya Urban,Vulnerability,Vulnerable groups,vulnerability:healthConditions,Health Conditions,5,INFORM SADC 2024,INFORM Sub-national SADC 2024,baseline
TZ12,Mbeya,TZ1208,Mbeya Urban,Vulnerability,Vulnerable groups,vulnerability:childrenHealthNutrition,Children Health Nutrition,7.5,MoH,TDHS 2022,under-5 stunting
TZ12,Mbeya,TZ1208,Mbeya Urban,Lack of Coping Capacity,Infrastructure,coping:accessHealth,Access Health,5.62,MoH,2022 PHC health facilities,resource availability
TZ12,Mbeya,TZ1208,Mbeya Urban,Lack of Coping Capacity,Infrastructure,coping:economicCapacity,Economic Capacity,8.8,INFORM SADC 2024,INFORM Sub-national SADC 2024,baseline
TZ12,Mbeya,TZ1208,Mbeya Urban,Lack of Coping Capacity,Infrastructure,coping:wash,Wash,7,MoW,2022 PHC water points & boreholes,"resource availability, rank 2-8"
TZ12,Mbeya,TZ1208,Mbeya Urban,Lack of Coping Capacity,Infrastructure,coping:communication,Communication,7.45,INFORM SADC 2024,INFORM Sub-national SADC 2024,baseline
TZ12,Mbeya,TZ1208,Mbeya Urban,Lack of Coping Capacity,Infrastructure,coping:education,Education,5.05,NBS / MoH,2022 PHC schools,resource availability
TZ12,Mbeya,TZ1208,Mbeya Urban,Lack of Coping Capacity,Institutional,coping:drrImplementation,Drr Implementation,3,PMO-DMD / DRR Coordinator,EPRP / EOCC / Anticipatory-Action records,DRM investment overlay
TZ12,Mbeya,TZ1208,Mbeya Urban,Lack of Coping Capacity,Institutional,coping:governance,Governance,3.5,PMO-DMD,INFORM SADC governance,baseline
TZ13,Singida,TZ1301,Iramba,Hazard & Exposure,Exposure,hazard:exposure,Population Exposure,3.57,NBS,2022 PHC population,"population density, log min-max"
TZ13,Singida,TZ1301,Iramba,Hazard & Exposure,Natural hazards,hazard:coastalHazards,Coastal Hazards,0,TMA / PMO-DMD,coastal strip,documented overlay
TZ13,Singida,TZ1301,Iramba,Hazard & Exposure,Natural hazards,hazard:drought,Drought,7,TMA / MoA,CHIRPS v3 1991-2024 + ERA5 t2m,"aridity+variability+SPEI+growing-season, min-max"
TZ13,Singida,TZ1301,Iramba,Hazard & Exposure,Natural hazards,hazard:earthquake,Earthquake,10,INFORM SADC,INFORM seismic,baseline
TZ13,Singida,TZ1301,Iramba,Hazard & Exposure,Natural hazards,hazard:environmentalDegradation,Environmental Degradation,2.7,INFORM SADC 2024,INFORM Sub-national SADC 2024,baseline
TZ13,Singida,TZ1301,Iramba,Hazard & Exposure,Natural hazards,hazard:flood,Flood,6.2,PMO-DMD / TMA / MoW,CHIRPS v3 daily + recorded floods,"max(hazard, sqrt(hazard×exposure))"
TZ13,Singida,TZ1301,Iramba,Hazard & Exposure,Natural hazards,hazard:landslide,Landslide,0,TMA / PMO-DMD,documented rainfall-triggered events,documented overlay
TZ13,Singida,TZ1301,Iramba,Hazard & Exposure,Natural hazards,hazard:stormsCyclone,Storms Cyclone,0,TMA / PMO-DMD,Cyclone Hidaya 2024 + Lindi 1952 + Zanzibar 1872,documented cyclone/storm exposure overlay
TZ13,Singida,TZ1301,Iramba,Hazard & Exposure,Natural hazards,hazard:volcano,Volcano,0,INFORM SADC 2024,INFORM Sub-national SADC 2024,baseline
TZ13,Singida,TZ1301,Iramba,Hazard & Exposure,Natural hazards,hazard:wildfire,Wildfire,7.65,INFORM SADC 2024,INFORM Sub-national SADC 2024,baseline
TZ13,Singida,TZ1301,Iramba,Hazard & Exposure,Human hazards,hazard:conflictIntensity,Conflict Intensity,0,INFORM SADC 2024,INFORM Sub-national SADC 2024,baseline
TZ13,Singida,TZ1301,Iramba,Hazard & Exposure,Human hazards,hazard:conflictRisk,Conflict Risk,0.7,INFORM SADC 2024,INFORM Sub-national SADC 2024,baseline
TZ13,Singida,TZ1301,Iramba,Hazard & Exposure,Human hazards,hazard:internalViolence,Internal Violence,0,INFORM SADC 2024,INFORM Sub-national SADC 2024,baseline
TZ13,Singida,TZ1301,Iramba,Vulnerability,Socio-economic,vulnerability:developmentPoverty,Development Poverty,7,NBS,Household Budget Survey 2017/18,poverty headcount
TZ13,Singida,TZ1301,Iramba,Vulnerability,Socio-economic,vulnerability:economicDependency,Economic Dependency,4.1,INFORM SADC 2024,INFORM Sub-national SADC 2024,baseline
TZ13,Singida,TZ1301,Iramba,Vulnerability,Socio-economic,vulnerability:habitat,Habitat,4.6,INFORM SADC 2024,INFORM Sub-national SADC 2024,baseline
TZ13,Singida,TZ1301,Iramba,Vulnerability,Socio-economic,vulnerability:livelihoods,Livelihoods,3.6,MUCHALI / IPC (MoA),IPC acute food-insecurity rounds,food-insecurity phase
TZ13,Singida,TZ1301,Iramba,Vulnerability,Vulnerable groups,vulnerability:displacedPeople,Displaced People,0,INFORM SADC 2024,INFORM Sub-national SADC 2024,baseline
TZ13,Singida,TZ1301,Iramba,Vulnerability,Vulnerable groups,vulnerability:healthConditions,Health Conditions,1.666666667,INFORM SADC 2024,INFORM Sub-national SADC 2024,baseline
TZ13,Singida,TZ1301,Iramba,Vulnerability,Vulnerable groups,vulnerability:childrenHealthNutrition,Children Health Nutrition,2.575,MoH,TDHS 2022,under-5 stunting
TZ13,Singida,TZ1301,Iramba,Lack of Coping Capacity,Infrastructure,coping:accessHealth,Access Health,6.4,MoH,2022 PHC health facilities,resource availability
TZ13,Singida,TZ1301,Iramba,Lack of Coping Capacity,Infrastructure,coping:economicCapacity,Economic Capacity,9.3,INFORM SADC 2024,INFORM Sub-national SADC 2024,baseline
TZ13,Singida,TZ1301,Iramba,Lack of Coping Capacity,Infrastructure,coping:wash,Wash,5.5,MoW,2022 PHC water points & boreholes,"resource availability, rank 2-8"
TZ13,Singida,TZ1301,Iramba,Lack of Coping Capacity,Infrastructure,coping:communication,Communication,7.75,INFORM SADC 2024,INFORM Sub-national SADC 2024,baseline
TZ13,Singida,TZ1301,Iramba,Lack of Coping Capacity,Infrastructure,coping:education,Education,5.6,NBS / MoH,2022 PHC schools,resource availability
TZ13,Singida,TZ1301,Iramba,Lack of Coping Capacity,Institutional,coping:drrImplementation,Drr Implementation,6.5,PMO-DMD / DRR Coordinator,EPRP / EOCC / Anticipatory-Action records,DRM investment overlay
TZ13,Singida,TZ1301,Iramba,Lack of Coping Capacity,Institutional,coping:governance,Governance,3.55,PMO-DMD,INFORM SADC governance,baseline
TZ13,Singida,TZ1302,Singida,Hazard & Exposure,Exposure,hazard:exposure,Population Exposure,4.54,NBS,2022 PHC population,"population density, log min-max"
TZ13,Singida,TZ1302,Singida,Hazard & Exposure,Natural hazards,hazard:coastalHazards,Coastal Hazards,0,TMA / PMO-DMD,coastal strip,documented overlay
TZ13,Singida,TZ1302,Singida,Hazard & Exposure,Natural hazards,hazard:drought,Drought,8.7,TMA / MoA,CHIRPS v3 1991-2024 + ERA5 t2m,"aridity+variability+SPEI+growing-season, min-max"
TZ13,Singida,TZ1302,Singida,Hazard & Exposure,Natural hazards,hazard:earthquake,Earthquake,10,INFORM SADC,INFORM seismic,baseline
TZ13,Singida,TZ1302,Singida,Hazard & Exposure,Natural hazards,hazard:environmentalDegradation,Environmental Degradation,3.3,INFORM SADC 2024,INFORM Sub-national SADC 2024,baseline
TZ13,Singida,TZ1302,Singida,Hazard & Exposure,Natural hazards,hazard:flood,Flood,4.3,PMO-DMD / TMA / MoW,CHIRPS v3 daily + recorded floods,"max(hazard, sqrt(hazard×exposure))"
TZ13,Singida,TZ1302,Singida,Hazard & Exposure,Natural hazards,hazard:landslide,Landslide,1.1,TMA / PMO-DMD,documented rainfall-triggered events,documented overlay
TZ13,Singida,TZ1302,Singida,Hazard & Exposure,Natural hazards,hazard:stormsCyclone,Storms Cyclone,0,TMA / PMO-DMD,Cyclone Hidaya 2024 + Lindi 1952 + Zanzibar 1872,documented cyclone/storm exposure overlay
TZ13,Singida,TZ1302,Singida,Hazard & Exposure,Natural hazards,hazard:volcano,Volcano,0,INFORM SADC 2024,INFORM Sub-national SADC 2024,baseline
TZ13,Singida,TZ1302,Singida,Hazard & Exposure,Natural hazards,hazard:wildfire,Wildfire,7.65,INFORM SADC 2024,INFORM Sub-national SADC 2024,baseline
TZ13,Singida,TZ1302,Singida,Hazard & Exposure,Human hazards,hazard:conflictIntensity,Conflict Intensity,0,INFORM SADC 2024,INFORM Sub-national SADC 2024,baseline
TZ13,Singida,TZ1302,Singida,Hazard & Exposure,Human hazards,hazard:conflictRisk,Conflict Risk,0.7,INFORM SADC 2024,INFORM Sub-national SADC 2024,baseline
TZ13,Singida,TZ1302,Singida,Hazard & Exposure,Human hazards,hazard:internalViolence,Internal Violence,0,INFORM SADC 2024,INFORM Sub-national SADC 2024,baseline
TZ13,Singida,TZ1302,Singida,Vulnerability,Socio-economic,vulnerability:developmentPoverty,Development Poverty,7,NBS,Household Budget Survey 2017/18,poverty headcount
TZ13,Singida,TZ1302,Singida,Vulnerability,Socio-economic,vulnerability:economicDependency,Economic Dependency,4.1,INFORM SADC 2024,INFORM Sub-national SADC 2024,baseline
TZ13,Singida,TZ1302,Singida,Vulnerability,Socio-economic,vulnerability:habitat,Habitat,4.6,INFORM SADC 2024,INFORM Sub-national SADC 2024,baseline
TZ13,Singida,TZ1302,Singida,Vulnerability,Socio-economic,vulnerability:livelihoods,Livelihoods,3.6,MUCHALI / IPC (MoA),IPC acute food-insecurity rounds,food-insecurity phase
TZ13,Singida,TZ1302,Singida,Vulnerability,Vulnerable groups,vulnerability:displacedPeople,Displaced People,0,INFORM SADC 2024,INFORM Sub-national SADC 2024,baseline
TZ13,Singida,TZ1302,Singida,Vulnerability,Vulnerable groups,vulnerability:healthConditions,Health Conditions,1.666666667,INFORM SADC 2024,INFORM Sub-national SADC 2024,baseline
TZ13,Singida,TZ1302,Singida,Vulnerability,Vulnerable groups,vulnerability:childrenHealthNutrition,Children Health Nutrition,2.575,MoH,TDHS 2022,under-5 stunting
TZ13,Singida,TZ1302,Singida,Lack of Coping Capacity,Infrastructure,coping:accessHealth,Access Health,6.4,MoH,2022 PHC health facilities,resource availability
TZ13,Singida,TZ1302,Singida,Lack of Coping Capacity,Infrastructure,coping:economicCapacity,Economic Capacity,9.3,INFORM SADC 2024,INFORM Sub-national SADC 2024,baseline
TZ13,Singida,TZ1302,Singida,Lack of Coping Capacity,Infrastructure,coping:wash,Wash,3,MoW,2022 PHC water points & boreholes,"resource availability, rank 2-8"
TZ13,Singida,TZ1302,Singida,Lack of Coping Capacity,Infrastructure,coping:communication,Communication,7.75,INFORM SADC 2024,INFORM Sub-national SADC 2024,baseline
TZ13,Singida,TZ1302,Singida,Lack of Coping Capacity,Infrastructure,coping:education,Education,5.6,NBS / MoH,2022 PHC schools,resource availability
TZ13,Singida,TZ1302,Singida,Lack of Coping Capacity,Institutional,coping:drrImplementation,Drr Implementation,6.5,PMO-DMD / DRR Coordinator,EPRP / EOCC / Anticipatory-Action records,DRM investment overlay
TZ13,Singida,TZ1302,Singida,Lack of Coping Capacity,Institutional,coping:governance,Governance,3.55,PMO-DMD,INFORM SADC governance,baseline
TZ13,Singida,TZ1303,Manyoni,Hazard & Exposure,Exposure,hazard:exposure,Population Exposure,1.1,NBS,2022 PHC population,"population density, log min-max"
TZ13,Singida,TZ1303,Manyoni,Hazard & Exposure,Natural hazards,hazard:coastalHazards,Coastal Hazards,0,TMA / PMO-DMD,coastal strip,documented overlay
TZ13,Singida,TZ1303,Manyoni,Hazard & Exposure,Natural hazards,hazard:drought,Drought,7,TMA / MoA,CHIRPS v3 1991-2024 + ERA5 t2m,"aridity+variability+SPEI+growing-season, min-max"
TZ13,Singida,TZ1303,Manyoni,Hazard & Exposure,Natural hazards,hazard:earthquake,Earthquake,9.2,INFORM SADC,INFORM seismic,baseline
TZ13,Singida,TZ1303,Manyoni,Hazard & Exposure,Natural hazards,hazard:environmentalDegradation,Environmental Degradation,3.6,INFORM SADC 2024,INFORM Sub-national SADC 2024,baseline
TZ13,Singida,TZ1303,Manyoni,Hazard & Exposure,Natural hazards,hazard:flood,Flood,7.4,PMO-DMD / TMA / MoW,CHIRPS v3 daily + recorded floods,"max(hazard, sqrt(hazard×exposure))"
TZ13,Singida,TZ1303,Manyoni,Hazard & Exposure,Natural hazards,hazard:landslide,Landslide,0.2,TMA / PMO-DMD,documented rainfall-triggered events,documented overlay
TZ13,Singida,TZ1303,Manyoni,Hazard & Exposure,Natural hazards,hazard:stormsCyclone,Storms Cyclone,0,TMA / PMO-DMD,Cyclone Hidaya 2024 + Lindi 1952 + Zanzibar 1872,documented cyclone/storm exposure overlay
TZ13,Singida,TZ1303,Manyoni,Hazard & Exposure,Natural hazards,hazard:volcano,Volcano,0,INFORM SADC 2024,INFORM Sub-national SADC 2024,baseline
TZ13,Singida,TZ1303,Manyoni,Hazard & Exposure,Natural hazards,hazard:wildfire,Wildfire,7.65,INFORM SADC 2024,INFORM Sub-national SADC 2024,baseline
TZ13,Singida,TZ1303,Manyoni,Hazard & Exposure,Human hazards,hazard:conflictIntensity,Conflict Intensity,0,INFORM SADC 2024,INFORM Sub-national SADC 2024,baseline
TZ13,Singida,TZ1303,Manyoni,Hazard & Exposure,Human hazards,hazard:conflictRisk,Conflict Risk,0.7,INFORM SADC 2024,INFORM Sub-national SADC 2024,baseline
TZ13,Singida,TZ1303,Manyoni,Hazard & Exposure,Human hazards,hazard:internalViolence,Internal Violence,0,INFORM SADC 2024,INFORM Sub-national SADC 2024,baseline
TZ13,Singida,TZ1303,Manyoni,Vulnerability,Socio-economic,vulnerability:developmentPoverty,Development Poverty,7,NBS,Household Budget Survey 2017/18,poverty headcount
TZ13,Singida,TZ1303,Manyoni,Vulnerability,Socio-economic,vulnerability:economicDependency,Economic Dependency,4.1,INFORM SADC 2024,INFORM Sub-national SADC 2024,baseline
TZ13,Singida,TZ1303,Manyoni,Vulnerability,Socio-economic,vulnerability:habitat,Habitat,4.6,INFORM SADC 2024,INFORM Sub-national SADC 2024,baseline
TZ13,Singida,TZ1303,Manyoni,Vulnerability,Socio-economic,vulnerability:livelihoods,Livelihoods,3.6,MUCHALI / IPC (MoA),IPC acute food-insecurity rounds,food-insecurity phase
TZ13,Singida,TZ1303,Manyoni,Vulnerability,Vulnerable groups,vulnerability:displacedPeople,Displaced People,0,INFORM SADC 2024,INFORM Sub-national SADC 2024,baseline
TZ13,Singida,TZ1303,Manyoni,Vulnerability,Vulnerable groups,vulnerability:healthConditions,Health Conditions,1.666666667,INFORM SADC 2024,INFORM Sub-national SADC 2024,baseline
TZ13,Singida,TZ1303,Manyoni,Vulnerability,Vulnerable groups,vulnerability:childrenHealthNutrition,Children Health Nutrition,2.575,MoH,TDHS 2022,under-5 stunting
TZ13,Singida,TZ1303,Manyoni,Lack of Coping Capacity,Infrastructure,coping:accessHealth,Access Health,6.4,MoH,2022 PHC health facilities,resource availability
TZ13,Singida,TZ1303,Manyoni,Lack of Coping Capacity,Infrastructure,coping:economicCapacity,Economic Capacity,9.3,INFORM SADC 2024,INFORM Sub-national SADC 2024,baseline
TZ13,Singida,TZ1303,Manyoni,Lack of Coping Capacity,Infrastructure,coping:wash,Wash,4.3,MoW,2022 PHC water points & boreholes,"resource availability, rank 2-8"
TZ13,Singida,TZ1303,Manyoni,Lack of Coping Capacity,Infrastructure,coping:communication,Communication,7.75,INFORM SADC 2024,INFORM Sub-national SADC 2024,baseline
TZ13,Singida,TZ1303,Manyoni,Lack of Coping Capacity,Infrastructure,coping:education,Education,5.6,NBS / MoH,2022 PHC schools,resource availability
TZ13,Singida,TZ1303,Manyoni,Lack of Coping Capacity,Institutional,coping:drrImplementation,Drr Implementation,6.5,PMO-DMD / DRR Coordinator,EPRP / EOCC / Anticipatory-Action records,DRM investment overlay
TZ13,Singida,TZ1303,Manyoni,Lack of Coping Capacity,Institutional,coping:governance,Governance,3.55,PMO-DMD,INFORM SADC governance,baseline
TZ13,Singida,TZ1304,Singida Urban,Hazard & Exposure,Natural hazards,hazard:coastalHazards,Coastal Hazards,0,TMA / PMO-DMD,coastal strip,documented overlay
TZ13,Singida,TZ1304,Singida Urban,Hazard & Exposure,Natural hazards,hazard:drought,Drought,7,TMA / MoA,CHIRPS v3 1991-2024 + ERA5 t2m,"aridity+variability+SPEI+growing-season, min-max"
TZ13,Singida,TZ1304,Singida Urban,Hazard & Exposure,Natural hazards,hazard:earthquake,Earthquake,10,INFORM SADC,INFORM seismic,baseline
TZ13,Singida,TZ1304,Singida Urban,Hazard & Exposure,Natural hazards,hazard:environmentalDegradation,Environmental Degradation,3.3,INFORM SADC 2024,INFORM Sub-national SADC 2024,baseline
TZ13,Singida,TZ1304,Singida Urban,Hazard & Exposure,Natural hazards,hazard:flood,Flood,5.7,PMO-DMD / TMA / MoW,CHIRPS v3 daily + recorded floods,"max(hazard, sqrt(hazard×exposure))"
TZ13,Singida,TZ1304,Singida Urban,Hazard & Exposure,Natural hazards,hazard:landslide,Landslide,0,TMA / PMO-DMD,documented rainfall-triggered events,documented overlay
TZ13,Singida,TZ1304,Singida Urban,Hazard & Exposure,Natural hazards,hazard:stormsCyclone,Storms Cyclone,0,TMA / PMO-DMD,Cyclone Hidaya 2024 + Lindi 1952 + Zanzibar 1872,documented cyclone/storm exposure overlay
TZ13,Singida,TZ1304,Singida Urban,Hazard & Exposure,Natural hazards,hazard:volcano,Volcano,0,INFORM SADC 2024,INFORM Sub-national SADC 2024,baseline
TZ13,Singida,TZ1304,Singida Urban,Hazard & Exposure,Natural hazards,hazard:wildfire,Wildfire,7.65,INFORM SADC 2024,INFORM Sub-national SADC 2024,baseline
TZ13,Singida,TZ1304,Singida Urban,Hazard & Exposure,Human hazards,hazard:conflictIntensity,Conflict Intensity,0,INFORM SADC 2024,INFORM Sub-national SADC 2024,baseline
TZ13,Singida,TZ1304,Singida Urban,Hazard & Exposure,Human hazards,hazard:conflictRisk,Conflict Risk,0.7,INFORM SADC 2024,INFORM Sub-national SADC 2024,baseline
TZ13,Singida,TZ1304,Singida Urban,Hazard & Exposure,Human hazards,hazard:internalViolence,Internal Violence,0,INFORM SADC 2024,INFORM Sub-national SADC 2024,baseline
TZ13,Singida,TZ1304,Singida Urban,Vulnerability,Socio-economic,vulnerability:developmentPoverty,Development Poverty,7,NBS,Household Budget Survey 2017/18,poverty headcount
TZ13,Singida,TZ1304,Singida Urban,Vulnerability,Socio-economic,vulnerability:economicDependency,Economic Dependency,4.1,INFORM SADC 2024,INFORM Sub-national SADC 2024,baseline
TZ13,Singida,TZ1304,Singida Urban,Vulnerability,Socio-economic,vulnerability:habitat,Habitat,4.6,INFORM SADC 2024,INFORM Sub-national SADC 2024,baseline
TZ13,Singida,TZ1304,Singida Urban,Vulnerability,Socio-economic,vulnerability:livelihoods,Livelihoods,3.6,MUCHALI / IPC (MoA),IPC acute food-insecurity rounds,food-insecurity phase
TZ13,Singida,TZ1304,Singida Urban,Vulnerability,Vulnerable groups,vulnerability:displacedPeople,Displaced People,0,INFORM SADC 2024,INFORM Sub-national SADC 2024,baseline
TZ13,Singida,TZ1304,Singida Urban,Vulnerability,Vulnerable groups,vulnerability:healthConditions,Health Conditions,1.666666667,INFORM SADC 2024,INFORM Sub-national SADC 2024,baseline
TZ13,Singida,TZ1304,Singida Urban,Vulnerability,Vulnerable groups,vulnerability:childrenHealthNutrition,Children Health Nutrition,2.575,MoH,TDHS 2022,under-5 stunting
TZ13,Singida,TZ1304,Singida Urban,Lack of Coping Capacity,Infrastructure,coping:accessHealth,Access Health,6.4,MoH,2022 PHC health facilities,resource availability
TZ13,Singida,TZ1304,Singida Urban,Lack of Coping Capacity,Infrastructure,coping:economicCapacity,Economic Capacity,9.3,INFORM SADC 2024,INFORM Sub-national SADC 2024,baseline
TZ13,Singida,TZ1304,Singida Urban,Lack of Coping Capacity,Infrastructure,coping:wash,Wash,7,MoW,2022 PHC water points & boreholes,"resource availability, rank 2-8"
TZ13,Singida,TZ1304,Singida Urban,Lack of Coping Capacity,Infrastructure,coping:communication,Communication,7.75,INFORM SADC 2024,INFORM Sub-national SADC 2024,baseline
TZ13,Singida,TZ1304,Singida Urban,Lack of Coping Capacity,Infrastructure,coping:education,Education,5.6,NBS / MoH,2022 PHC schools,resource availability
TZ13,Singida,TZ1304,Singida Urban,Lack of Coping Capacity,Institutional,coping:drrImplementation,Drr Implementation,6.5,PMO-DMD / DRR Coordinator,EPRP / EOCC / Anticipatory-Action records,DRM investment overlay
TZ13,Singida,TZ1304,Singida Urban,Lack of Coping Capacity,Institutional,coping:governance,Governance,3.55,PMO-DMD,INFORM SADC governance,baseline
TZ13,Singida,TZ1305,Ikungi,Hazard & Exposure,Exposure,hazard:exposure,Population Exposure,3.06,NBS,2022 PHC population,"population density, log min-max"
TZ13,Singida,TZ1305,Ikungi,Hazard & Exposure,Natural hazards,hazard:coastalHazards,Coastal Hazards,0,TMA / PMO-DMD,coastal strip,documented overlay
TZ13,Singida,TZ1305,Ikungi,Hazard & Exposure,Natural hazards,hazard:drought,Drought,7,TMA / MoA,CHIRPS v3 1991-2024 + ERA5 t2m,"aridity+variability+SPEI+growing-season, min-max"
TZ13,Singida,TZ1305,Ikungi,Hazard & Exposure,Natural hazards,hazard:earthquake,Earthquake,10,INFORM SADC,INFORM seismic,baseline
TZ13,Singida,TZ1305,Ikungi,Hazard & Exposure,Natural hazards,hazard:environmentalDegradation,Environmental Degradation,4.35,INFORM SADC 2024,INFORM Sub-national SADC 2024,baseline
TZ13,Singida,TZ1305,Ikungi,Hazard & Exposure,Natural hazards,hazard:flood,Flood,6.1,PMO-DMD / TMA / MoW,CHIRPS v3 daily + recorded floods,"max(hazard, sqrt(hazard×exposure))"
TZ13,Singida,TZ1305,Ikungi,Hazard & Exposure,Natural hazards,hazard:landslide,Landslide,0,TMA / PMO-DMD,documented rainfall-triggered events,documented overlay
TZ13,Singida,TZ1305,Ikungi,Hazard & Exposure,Natural hazards,hazard:stormsCyclone,Storms Cyclone,0,TMA / PMO-DMD,Cyclone Hidaya 2024 + Lindi 1952 + Zanzibar 1872,documented cyclone/storm exposure overlay
TZ13,Singida,TZ1305,Ikungi,Hazard & Exposure,Natural hazards,hazard:volcano,Volcano,0,INFORM SADC 2024,INFORM Sub-national SADC 2024,baseline
TZ13,Singida,TZ1305,Ikungi,Hazard & Exposure,Natural hazards,hazard:wildfire,Wildfire,7.65,INFORM SADC 2024,INFORM Sub-national SADC 2024,baseline
TZ13,Singida,TZ1305,Ikungi,Hazard & Exposure,Human hazards,hazard:conflictIntensity,Conflict Intensity,0,INFORM SADC 2024,INFORM Sub-national SADC 2024,baseline
TZ13,Singida,TZ1305,Ikungi,Hazard & Exposure,Human hazards,hazard:conflictRisk,Conflict Risk,0.7,INFORM SADC 2024,INFORM Sub-national SADC 2024,baseline
TZ13,Singida,TZ1305,Ikungi,Hazard & Exposure,Human hazards,hazard:internalViolence,Internal Violence,0,INFORM SADC 2024,INFORM Sub-national SADC 2024,baseline
TZ13,Singida,TZ1305,Ikungi,Vulnerability,Socio-economic,vulnerability:developmentPoverty,Development Poverty,7,NBS,Household Budget Survey 2017/18,poverty headcount
TZ13,Singida,TZ1305,Ikungi,Vulnerability,Socio-economic,vulnerability:economicDependency,Economic Dependency,4.1,INFORM SADC 2024,INFORM Sub-national SADC 2024,baseline
TZ13,Singida,TZ1305,Ikungi,Vulnerability,Socio-economic,vulnerability:habitat,Habitat,4.6,INFORM SADC 2024,INFORM Sub-national SADC 2024,baseline
TZ13,Singida,TZ1305,Ikungi,Vulnerability,Socio-economic,vulnerability:livelihoods,Livelihoods,3.6,MUCHALI / IPC (MoA),IPC acute food-insecurity rounds,food-insecurity phase
TZ13,Singida,TZ1305,Ikungi,Vulnerability,Vulnerable groups,vulnerability:displacedPeople,Displaced People,0,INFORM SADC 2024,INFORM Sub-national SADC 2024,baseline
TZ13,Singida,TZ1305,Ikungi,Vulnerability,Vulnerable groups,vulnerability:healthConditions,Health Conditions,1.666666667,INFORM SADC 2024,INFORM Sub-national SADC 2024,baseline
TZ13,Singida,TZ1305,Ikungi,Vulnerability,Vulnerable groups,vulnerability:childrenHealthNutrition,Children Health Nutrition,2.575,MoH,TDHS 2022,under-5 stunting
TZ13,Singida,TZ1305,Ikungi,Lack of Coping Capacity,Infrastructure,coping:accessHealth,Access Health,6.4,MoH,2022 PHC health facilities,resource availability
TZ13,Singida,TZ1305,Ikungi,Lack of Coping Capacity,Infrastructure,coping:economicCapacity,Economic Capacity,9.3,INFORM SADC 2024,INFORM Sub-national SADC 2024,baseline
TZ13,Singida,TZ1305,Ikungi,Lack of Coping Capacity,Infrastructure,coping:wash,Wash,3.9,MoW,2022 PHC water points & boreholes,"resource availability, rank 2-8"
TZ13,Singida,TZ1305,Ikungi,Lack of Coping Capacity,Infrastructure,coping:communication,Communication,7.75,INFORM SADC 2024,INFORM Sub-national SADC 2024,baseline
TZ13,Singida,TZ1305,Ikungi,Lack of Coping Capacity,Infrastructure,coping:education,Education,5.6,NBS / MoH,2022 PHC schools,resource availability
TZ13,Singida,TZ1305,Ikungi,Lack of Coping Capacity,Institutional,coping:drrImplementation,Drr Implementation,6.5,PMO-DMD / DRR Coordinator,EPRP / EOCC / Anticipatory-Action records,DRM investment overlay
TZ13,Singida,TZ1305,Ikungi,Lack of Coping Capacity,Institutional,coping:governance,Governance,3.55,PMO-DMD,INFORM SADC governance,baseline
TZ13,Singida,TZ1306,Mkalama,Hazard & Exposure,Exposure,hazard:exposure,Population Exposure,3.72,NBS,2022 PHC population,"population density, log min-max"
TZ13,Singida,TZ1306,Mkalama,Hazard & Exposure,Natural hazards,hazard:coastalHazards,Coastal Hazards,0,TMA / PMO-DMD,coastal strip,documented overlay
TZ13,Singida,TZ1306,Mkalama,Hazard & Exposure,Natural hazards,hazard:drought,Drought,7,TMA / MoA,CHIRPS v3 1991-2024 + ERA5 t2m,"aridity+variability+SPEI+growing-season, min-max"
TZ13,Singida,TZ1306,Mkalama,Hazard & Exposure,Natural hazards,hazard:earthquake,Earthquake,10,INFORM SADC,INFORM seismic,baseline
TZ13,Singida,TZ1306,Mkalama,Hazard & Exposure,Natural hazards,hazard:environmentalDegradation,Environmental Degradation,2.55,INFORM SADC 2024,INFORM Sub-national SADC 2024,baseline
TZ13,Singida,TZ1306,Mkalama,Hazard & Exposure,Natural hazards,hazard:flood,Flood,5.4,PMO-DMD / TMA / MoW,CHIRPS v3 daily + recorded floods,"max(hazard, sqrt(hazard×exposure))"
TZ13,Singida,TZ1306,Mkalama,Hazard & Exposure,Natural hazards,hazard:landslide,Landslide,0.3,TMA / PMO-DMD,documented rainfall-triggered events,documented overlay
TZ13,Singida,TZ1306,Mkalama,Hazard & Exposure,Natural hazards,hazard:stormsCyclone,Storms Cyclone,0,TMA / PMO-DMD,Cyclone Hidaya 2024 + Lindi 1952 + Zanzibar 1872,documented cyclone/storm exposure overlay
TZ13,Singida,TZ1306,Mkalama,Hazard & Exposure,Natural hazards,hazard:volcano,Volcano,0,INFORM SADC 2024,INFORM Sub-national SADC 2024,baseline
TZ13,Singida,TZ1306,Mkalama,Hazard & Exposure,Natural hazards,hazard:wildfire,Wildfire,7.65,INFORM SADC 2024,INFORM Sub-national SADC 2024,baseline
TZ13,Singida,TZ1306,Mkalama,Hazard & Exposure,Human hazards,hazard:conflictIntensity,Conflict Intensity,0,INFORM SADC 2024,INFORM Sub-national SADC 2024,baseline
TZ13,Singida,TZ1306,Mkalama,Hazard & Exposure,Human hazards,hazard:conflictRisk,Conflict Risk,0.7,INFORM SADC 2024,INFORM Sub-national SADC 2024,baseline
TZ13,Singida,TZ1306,Mkalama,Hazard & Exposure,Human hazards,hazard:internalViolence,Internal Violence,0,INFORM SADC 2024,INFORM Sub-national SADC 2024,baseline
TZ13,Singida,TZ1306,Mkalama,Vulnerability,Socio-economic,vulnerability:developmentPoverty,Development Poverty,7,NBS,Household Budget Survey 2017/18,poverty headcount
TZ13,Singida,TZ1306,Mkalama,Vulnerability,Socio-economic,vulnerability:economicDependency,Economic Dependency,4.1,INFORM SADC 2024,INFORM Sub-national SADC 2024,baseline
TZ13,Singida,TZ1306,Mkalama,Vulnerability,Socio-economic,vulnerability:habitat,Habitat,4.6,INFORM SADC 2024,INFORM Sub-national SADC 2024,baseline
TZ13,Singida,TZ1306,Mkalama,Vulnerability,Socio-economic,vulnerability:livelihoods,Livelihoods,3.6,MUCHALI / IPC (MoA),IPC acute food-insecurity rounds,food-insecurity phase
TZ13,Singida,TZ1306,Mkalama,Vulnerability,Vulnerable groups,vulnerability:displacedPeople,Displaced People,0,INFORM SADC 2024,INFORM Sub-national SADC 2024,baseline
TZ13,Singida,TZ1306,Mkalama,Vulnerability,Vulnerable groups,vulnerability:healthConditions,Health Conditions,1.666666667,INFORM SADC 2024,INFORM Sub-national SADC 2024,baseline
TZ13,Singida,TZ1306,Mkalama,Vulnerability,Vulnerable groups,vulnerability:childrenHealthNutrition,Children Health Nutrition,2.575,MoH,TDHS 2022,under-5 stunting
TZ13,Singida,TZ1306,Mkalama,Lack of Coping Capacity,Infrastructure,coping:accessHealth,Access Health,6.4,MoH,2022 PHC health facilities,resource availability
TZ13,Singida,TZ1306,Mkalama,Lack of Coping Capacity,Infrastructure,coping:economicCapacity,Economic Capacity,9.3,INFORM SADC 2024,INFORM Sub-national SADC 2024,baseline
TZ13,Singida,TZ1306,Mkalama,Lack of Coping Capacity,Infrastructure,coping:wash,Wash,5.5,MoW,2022 PHC water points & boreholes,"resource availability, rank 2-8"
TZ13,Singida,TZ1306,Mkalama,Lack of Coping Capacity,Infrastructure,coping:communication,Communication,7.75,INFORM SADC 2024,INFORM Sub-national SADC 2024,baseline
TZ13,Singida,TZ1306,Mkalama,Lack of Coping Capacity,Infrastructure,coping:education,Education,5.6,NBS / MoH,2022 PHC schools,resource availability
TZ13,Singida,TZ1306,Mkalama,Lack of Coping Capacity,Institutional,coping:drrImplementation,Drr Implementation,3.8,PMO-DMD / DRR Coordinator,EPRP / EOCC / Anticipatory-Action records,DRM investment overlay
TZ13,Singida,TZ1306,Mkalama,Lack of Coping Capacity,Institutional,coping:governance,Governance,3.55,PMO-DMD,INFORM SADC governance,baseline
TZ14,Tabora,TZ1401,Nzega,Hazard & Exposure,Exposure,hazard:exposure,Population Exposure,3.81,NBS,2022 PHC population,"population density, log min-max"
TZ14,Tabora,TZ1401,Nzega,Hazard & Exposure,Natural hazards,hazard:coastalHazards,Coastal Hazards,0,TMA / PMO-DMD,coastal strip,documented overlay
TZ14,Tabora,TZ1401,Nzega,Hazard & Exposure,Natural hazards,hazard:drought,Drought,6.5,TMA / MoA,CHIRPS v3 1991-2024 + ERA5 t2m,"aridity+variability+SPEI+growing-season, min-max"
TZ14,Tabora,TZ1401,Nzega,Hazard & Exposure,Natural hazards,hazard:earthquake,Earthquake,8.4,INFORM SADC,INFORM seismic,baseline
TZ14,Tabora,TZ1401,Nzega,Hazard & Exposure,Natural hazards,hazard:environmentalDegradation,Environmental Degradation,3.55,INFORM SADC 2024,INFORM Sub-national SADC 2024,baseline
TZ14,Tabora,TZ1401,Nzega,Hazard & Exposure,Natural hazards,hazard:flood,Flood,4.9,PMO-DMD / TMA / MoW,CHIRPS v3 daily + recorded floods,"max(hazard, sqrt(hazard×exposure))"
TZ14,Tabora,TZ1401,Nzega,Hazard & Exposure,Natural hazards,hazard:landslide,Landslide,0,TMA / PMO-DMD,documented rainfall-triggered events,documented overlay
TZ14,Tabora,TZ1401,Nzega,Hazard & Exposure,Natural hazards,hazard:stormsCyclone,Storms Cyclone,0,TMA / PMO-DMD,Cyclone Hidaya 2024 + Lindi 1952 + Zanzibar 1872,documented cyclone/storm exposure overlay
TZ14,Tabora,TZ1401,Nzega,Hazard & Exposure,Natural hazards,hazard:volcano,Volcano,0,INFORM SADC 2024,INFORM Sub-national SADC 2024,baseline
TZ14,Tabora,TZ1401,Nzega,Hazard & Exposure,Natural hazards,hazard:wildfire,Wildfire,7.15,INFORM SADC 2024,INFORM Sub-national SADC 2024,baseline
TZ14,Tabora,TZ1401,Nzega,Hazard & Exposure,Human hazards,hazard:conflictIntensity,Conflict Intensity,0,INFORM SADC 2024,INFORM Sub-national SADC 2024,baseline
TZ14,Tabora,TZ1401,Nzega,Hazard & Exposure,Human hazards,hazard:conflictRisk,Conflict Risk,0.7,INFORM SADC 2024,INFORM Sub-national SADC 2024,baseline
TZ14,Tabora,TZ1401,Nzega,Hazard & Exposure,Human hazards,hazard:internalViolence,Internal Violence,4.9,INFORM SADC 2024,INFORM Sub-national SADC 2024,baseline
TZ14,Tabora,TZ1401,Nzega,Vulnerability,Socio-economic,vulnerability:developmentPoverty,Development Poverty,8.275,NBS,Household Budget Survey 2017/18,poverty headcount
TZ14,Tabora,TZ1401,Nzega,Vulnerability,Socio-economic,vulnerability:economicDependency,Economic Dependency,4.466666667,INFORM SADC 2024,INFORM Sub-national SADC 2024,baseline
TZ14,Tabora,TZ1401,Nzega,Vulnerability,Socio-economic,vulnerability:habitat,Habitat,4.65,INFORM SADC 2024,INFORM Sub-national SADC 2024,baseline
TZ14,Tabora,TZ1401,Nzega,Vulnerability,Socio-economic,vulnerability:livelihoods,Livelihoods,3.8,MUCHALI / IPC (MoA),IPC acute food-insecurity rounds,food-insecurity phase
TZ14,Tabora,TZ1401,Nzega,Vulnerability,Vulnerable groups,vulnerability:displacedPeople,Displaced People,0,INFORM SADC 2024,INFORM Sub-national SADC 2024,baseline
TZ14,Tabora,TZ1401,Nzega,Vulnerability,Vulnerable groups,vulnerability:healthConditions,Health Conditions,4.766666667,INFORM SADC 2024,INFORM Sub-national SADC 2024,baseline
TZ14,Tabora,TZ1401,Nzega,Vulnerability,Vulnerable groups,vulnerability:childrenHealthNutrition,Children Health Nutrition,4.025,MoH,TDHS 2022,under-5 stunting
TZ14,Tabora,TZ1401,Nzega,Lack of Coping Capacity,Infrastructure,coping:accessHealth,Access Health,9.68,MoH,2022 PHC health facilities,resource availability
TZ14,Tabora,TZ1401,Nzega,Lack of Coping Capacity,Infrastructure,coping:economicCapacity,Economic Capacity,9.133333333,INFORM SADC 2024,INFORM Sub-national SADC 2024,baseline
TZ14,Tabora,TZ1401,Nzega,Lack of Coping Capacity,Infrastructure,coping:wash,Wash,2.6,MoW,2022 PHC water points & boreholes,"resource availability, rank 2-8"
TZ14,Tabora,TZ1401,Nzega,Lack of Coping Capacity,Infrastructure,coping:communication,Communication,7.35,INFORM SADC 2024,INFORM Sub-national SADC 2024,baseline
TZ14,Tabora,TZ1401,Nzega,Lack of Coping Capacity,Infrastructure,coping:education,Education,6.95,NBS / MoH,2022 PHC schools,resource availability
TZ14,Tabora,TZ1401,Nzega,Lack of Coping Capacity,Institutional,coping:drrImplementation,Drr Implementation,6.5,PMO-DMD / DRR Coordinator,EPRP / EOCC / Anticipatory-Action records,DRM investment overlay
TZ14,Tabora,TZ1401,Nzega,Lack of Coping Capacity,Institutional,coping:governance,Governance,3.1,PMO-DMD,INFORM SADC governance,baseline
TZ14,Tabora,TZ1402,Igunga,Hazard & Exposure,Exposure,hazard:exposure,Population Exposure,3.64,NBS,2022 PHC population,"population density, log min-max"
TZ14,Tabora,TZ1402,Igunga,Hazard & Exposure,Natural hazards,hazard:coastalHazards,Coastal Hazards,0,TMA / PMO-DMD,coastal strip,documented overlay
TZ14,Tabora,TZ1402,Igunga,Hazard & Exposure,Natural hazards,hazard:drought,Drought,6.5,TMA / MoA,CHIRPS v3 1991-2024 + ERA5 t2m,"aridity+variability+SPEI+growing-season, min-max"
TZ14,Tabora,TZ1402,Igunga,Hazard & Exposure,Natural hazards,hazard:earthquake,Earthquake,10,INFORM SADC,INFORM seismic,baseline
TZ14,Tabora,TZ1402,Igunga,Hazard & Exposure,Natural hazards,hazard:environmentalDegradation,Environmental Degradation,2.45,INFORM SADC 2024,INFORM Sub-national SADC 2024,baseline
TZ14,Tabora,TZ1402,Igunga,Hazard & Exposure,Natural hazards,hazard:flood,Flood,6.6,PMO-DMD / TMA / MoW,CHIRPS v3 daily + recorded floods,"max(hazard, sqrt(hazard×exposure))"
TZ14,Tabora,TZ1402,Igunga,Hazard & Exposure,Natural hazards,hazard:landslide,Landslide,0,TMA / PMO-DMD,documented rainfall-triggered events,documented overlay
TZ14,Tabora,TZ1402,Igunga,Hazard & Exposure,Natural hazards,hazard:stormsCyclone,Storms Cyclone,0,TMA / PMO-DMD,Cyclone Hidaya 2024 + Lindi 1952 + Zanzibar 1872,documented cyclone/storm exposure overlay
TZ14,Tabora,TZ1402,Igunga,Hazard & Exposure,Natural hazards,hazard:volcano,Volcano,0,INFORM SADC 2024,INFORM Sub-national SADC 2024,baseline
TZ14,Tabora,TZ1402,Igunga,Hazard & Exposure,Natural hazards,hazard:wildfire,Wildfire,7.15,INFORM SADC 2024,INFORM Sub-national SADC 2024,baseline
TZ14,Tabora,TZ1402,Igunga,Hazard & Exposure,Human hazards,hazard:conflictIntensity,Conflict Intensity,0,INFORM SADC 2024,INFORM Sub-national SADC 2024,baseline
TZ14,Tabora,TZ1402,Igunga,Hazard & Exposure,Human hazards,hazard:conflictRisk,Conflict Risk,0.7,INFORM SADC 2024,INFORM Sub-national SADC 2024,baseline
TZ14,Tabora,TZ1402,Igunga,Hazard & Exposure,Human hazards,hazard:internalViolence,Internal Violence,4.9,INFORM SADC 2024,INFORM Sub-national SADC 2024,baseline
TZ14,Tabora,TZ1402,Igunga,Vulnerability,Socio-economic,vulnerability:developmentPoverty,Development Poverty,8.275,NBS,Household Budget Survey 2017/18,poverty headcount
TZ14,Tabora,TZ1402,Igunga,Vulnerability,Socio-economic,vulnerability:economicDependency,Economic Dependency,4.466666667,INFORM SADC 2024,INFORM Sub-national SADC 2024,baseline
TZ14,Tabora,TZ1402,Igunga,Vulnerability,Socio-economic,vulnerability:habitat,Habitat,4.65,INFORM SADC 2024,INFORM Sub-national SADC 2024,baseline
TZ14,Tabora,TZ1402,Igunga,Vulnerability,Socio-economic,vulnerability:livelihoods,Livelihoods,3.8,MUCHALI / IPC (MoA),IPC acute food-insecurity rounds,food-insecurity phase
TZ14,Tabora,TZ1402,Igunga,Vulnerability,Vulnerable groups,vulnerability:displacedPeople,Displaced People,0,INFORM SADC 2024,INFORM Sub-national SADC 2024,baseline
TZ14,Tabora,TZ1402,Igunga,Vulnerability,Vulnerable groups,vulnerability:healthConditions,Health Conditions,4.766666667,INFORM SADC 2024,INFORM Sub-national SADC 2024,baseline
TZ14,Tabora,TZ1402,Igunga,Vulnerability,Vulnerable groups,vulnerability:childrenHealthNutrition,Children Health Nutrition,4.025,MoH,TDHS 2022,under-5 stunting
TZ14,Tabora,TZ1402,Igunga,Lack of Coping Capacity,Infrastructure,coping:accessHealth,Access Health,9.68,MoH,2022 PHC health facilities,resource availability
TZ14,Tabora,TZ1402,Igunga,Lack of Coping Capacity,Infrastructure,coping:economicCapacity,Economic Capacity,9.133333333,INFORM SADC 2024,INFORM Sub-national SADC 2024,baseline
TZ14,Tabora,TZ1402,Igunga,Lack of Coping Capacity,Infrastructure,coping:wash,Wash,3.6,MoW,2022 PHC water points & boreholes,"resource availability, rank 2-8"
TZ14,Tabora,TZ1402,Igunga,Lack of Coping Capacity,Infrastructure,coping:communication,Communication,7.35,INFORM SADC 2024,INFORM Sub-national SADC 2024,baseline
TZ14,Tabora,TZ1402,Igunga,Lack of Coping Capacity,Infrastructure,coping:education,Education,6.95,NBS / MoH,2022 PHC schools,resource availability
TZ14,Tabora,TZ1402,Igunga,Lack of Coping Capacity,Institutional,coping:drrImplementation,Drr Implementation,6.5,PMO-DMD / DRR Coordinator,EPRP / EOCC / Anticipatory-Action records,DRM investment overlay
TZ14,Tabora,TZ1402,Igunga,Lack of Coping Capacity,Institutional,coping:governance,Governance,3.1,PMO-DMD,INFORM SADC governance,baseline
TZ14,Tabora,TZ1403,Uyui,Hazard & Exposure,Exposure,hazard:exposure,Population Exposure,3.08,NBS,2022 PHC population,"population density, log min-max"
TZ14,Tabora,TZ1403,Uyui,Hazard & Exposure,Natural hazards,hazard:coastalHazards,Coastal Hazards,0,TMA / PMO-DMD,coastal strip,documented overlay
TZ14,Tabora,TZ1403,Uyui,Hazard & Exposure,Natural hazards,hazard:drought,Drought,5.2,TMA / MoA,CHIRPS v3 1991-2024 + ERA5 t2m,"aridity+variability+SPEI+growing-season, min-max"
TZ14,Tabora,TZ1403,Uyui,Hazard & Exposure,Natural hazards,hazard:earthquake,Earthquake,3.4,INFORM SADC,INFORM seismic,baseline
TZ14,Tabora,TZ1403,Uyui,Hazard & Exposure,Natural hazards,hazard:environmentalDegradation,Environmental Degradation,4.2,INFORM SADC 2024,INFORM Sub-national SADC 2024,baseline
TZ14,Tabora,TZ1403,Uyui,Hazard & Exposure,Natural hazards,hazard:flood,Flood,6.2,PMO-DMD / TMA / MoW,CHIRPS v3 daily + recorded floods,"max(hazard, sqrt(hazard×exposure))"
TZ14,Tabora,TZ1403,Uyui,Hazard & Exposure,Natural hazards,hazard:landslide,Landslide,0,TMA / PMO-DMD,documented rainfall-triggered events,documented overlay
TZ14,Tabora,TZ1403,Uyui,Hazard & Exposure,Natural hazards,hazard:stormsCyclone,Storms Cyclone,0,TMA / PMO-DMD,Cyclone Hidaya 2024 + Lindi 1952 + Zanzibar 1872,documented cyclone/storm exposure overlay
TZ14,Tabora,TZ1403,Uyui,Hazard & Exposure,Natural hazards,hazard:volcano,Volcano,0,INFORM SADC 2024,INFORM Sub-national SADC 2024,baseline
TZ14,Tabora,TZ1403,Uyui,Hazard & Exposure,Natural hazards,hazard:wildfire,Wildfire,7.15,INFORM SADC 2024,INFORM Sub-national SADC 2024,baseline
TZ14,Tabora,TZ1403,Uyui,Hazard & Exposure,Human hazards,hazard:conflictIntensity,Conflict Intensity,0,INFORM SADC 2024,INFORM Sub-national SADC 2024,baseline
TZ14,Tabora,TZ1403,Uyui,Hazard & Exposure,Human hazards,hazard:conflictRisk,Conflict Risk,0.7,INFORM SADC 2024,INFORM Sub-national SADC 2024,baseline
TZ14,Tabora,TZ1403,Uyui,Hazard & Exposure,Human hazards,hazard:internalViolence,Internal Violence,4.9,INFORM SADC 2024,INFORM Sub-national SADC 2024,baseline
TZ14,Tabora,TZ1403,Uyui,Vulnerability,Socio-economic,vulnerability:developmentPoverty,Development Poverty,8.275,NBS,Household Budget Survey 2017/18,poverty headcount
TZ14,Tabora,TZ1403,Uyui,Vulnerability,Socio-economic,vulnerability:economicDependency,Economic Dependency,4.466666667,INFORM SADC 2024,INFORM Sub-national SADC 2024,baseline
TZ14,Tabora,TZ1403,Uyui,Vulnerability,Socio-economic,vulnerability:habitat,Habitat,4.65,INFORM SADC 2024,INFORM Sub-national SADC 2024,baseline
TZ14,Tabora,TZ1403,Uyui,Vulnerability,Socio-economic,vulnerability:livelihoods,Livelihoods,3.8,MUCHALI / IPC (MoA),IPC acute food-insecurity rounds,food-insecurity phase
TZ14,Tabora,TZ1403,Uyui,Vulnerability,Vulnerable groups,vulnerability:displacedPeople,Displaced People,0,INFORM SADC 2024,INFORM Sub-national SADC 2024,baseline
TZ14,Tabora,TZ1403,Uyui,Vulnerability,Vulnerable groups,vulnerability:healthConditions,Health Conditions,4.766666667,INFORM SADC 2024,INFORM Sub-national SADC 2024,baseline
TZ14,Tabora,TZ1403,Uyui,Vulnerability,Vulnerable groups,vulnerability:childrenHealthNutrition,Children Health Nutrition,4.025,MoH,TDHS 2022,under-5 stunting
TZ14,Tabora,TZ1403,Uyui,Lack of Coping Capacity,Infrastructure,coping:accessHealth,Access Health,9.68,MoH,2022 PHC health facilities,resource availability
TZ14,Tabora,TZ1403,Uyui,Lack of Coping Capacity,Infrastructure,coping:economicCapacity,Economic Capacity,9.133333333,INFORM SADC 2024,INFORM Sub-national SADC 2024,baseline
TZ14,Tabora,TZ1403,Uyui,Lack of Coping Capacity,Infrastructure,coping:wash,Wash,3.8,MoW,2022 PHC water points & boreholes,"resource availability, rank 2-8"
TZ14,Tabora,TZ1403,Uyui,Lack of Coping Capacity,Infrastructure,coping:communication,Communication,7.35,INFORM SADC 2024,INFORM Sub-national SADC 2024,baseline
TZ14,Tabora,TZ1403,Uyui,Lack of Coping Capacity,Infrastructure,coping:education,Education,6.95,NBS / MoH,2022 PHC schools,resource availability
TZ14,Tabora,TZ1403,Uyui,Lack of Coping Capacity,Institutional,coping:drrImplementation,Drr Implementation,6.5,PMO-DMD / DRR Coordinator,EPRP / EOCC / Anticipatory-Action records,DRM investment overlay
TZ14,Tabora,TZ1403,Uyui,Lack of Coping Capacity,Institutional,coping:governance,Governance,3.1,PMO-DMD,INFORM SADC governance,baseline
TZ14,Tabora,TZ1404,Urambo,Hazard & Exposure,Exposure,hazard:exposure,Population Exposure,3.05,NBS,2022 PHC population,"population density, log min-max"
TZ14,Tabora,TZ1404,Urambo,Hazard & Exposure,Natural hazards,hazard:coastalHazards,Coastal Hazards,0,TMA / PMO-DMD,coastal strip,documented overlay
TZ14,Tabora,TZ1404,Urambo,Hazard & Exposure,Natural hazards,hazard:drought,Drought,4.3,TMA / MoA,CHIRPS v3 1991-2024 + ERA5 t2m,"aridity+variability+SPEI+growing-season, min-max"
TZ14,Tabora,TZ1404,Urambo,Hazard & Exposure,Natural hazards,hazard:earthquake,Earthquake,0,INFORM SADC,INFORM seismic,baseline
TZ14,Tabora,TZ1404,Urambo,Hazard & Exposure,Natural hazards,hazard:environmentalDegradation,Environmental Degradation,3.9,INFORM SADC 2024,INFORM Sub-national SADC 2024,baseline
TZ14,Tabora,TZ1404,Urambo,Hazard & Exposure,Natural hazards,hazard:flood,Flood,2.9,PMO-DMD / TMA / MoW,CHIRPS v3 daily + recorded floods,"max(hazard, sqrt(hazard×exposure))"
TZ14,Tabora,TZ1404,Urambo,Hazard & Exposure,Natural hazards,hazard:landslide,Landslide,0,TMA / PMO-DMD,documented rainfall-triggered events,documented overlay
TZ14,Tabora,TZ1404,Urambo,Hazard & Exposure,Natural hazards,hazard:stormsCyclone,Storms Cyclone,0,TMA / PMO-DMD,Cyclone Hidaya 2024 + Lindi 1952 + Zanzibar 1872,documented cyclone/storm exposure overlay
TZ14,Tabora,TZ1404,Urambo,Hazard & Exposure,Natural hazards,hazard:volcano,Volcano,0,INFORM SADC 2024,INFORM Sub-national SADC 2024,baseline
TZ14,Tabora,TZ1404,Urambo,Hazard & Exposure,Natural hazards,hazard:wildfire,Wildfire,7.15,INFORM SADC 2024,INFORM Sub-national SADC 2024,baseline
TZ14,Tabora,TZ1404,Urambo,Hazard & Exposure,Human hazards,hazard:conflictIntensity,Conflict Intensity,0,INFORM SADC 2024,INFORM Sub-national SADC 2024,baseline
TZ14,Tabora,TZ1404,Urambo,Hazard & Exposure,Human hazards,hazard:conflictRisk,Conflict Risk,0.7,INFORM SADC 2024,INFORM Sub-national SADC 2024,baseline
TZ14,Tabora,TZ1404,Urambo,Hazard & Exposure,Human hazards,hazard:internalViolence,Internal Violence,4.9,INFORM SADC 2024,INFORM Sub-national SADC 2024,baseline
TZ14,Tabora,TZ1404,Urambo,Vulnerability,Socio-economic,vulnerability:developmentPoverty,Development Poverty,8.275,NBS,Household Budget Survey 2017/18,poverty headcount
TZ14,Tabora,TZ1404,Urambo,Vulnerability,Socio-economic,vulnerability:economicDependency,Economic Dependency,4.466666667,INFORM SADC 2024,INFORM Sub-national SADC 2024,baseline
TZ14,Tabora,TZ1404,Urambo,Vulnerability,Socio-economic,vulnerability:habitat,Habitat,4.65,INFORM SADC 2024,INFORM Sub-national SADC 2024,baseline
TZ14,Tabora,TZ1404,Urambo,Vulnerability,Socio-economic,vulnerability:livelihoods,Livelihoods,3.8,MUCHALI / IPC (MoA),IPC acute food-insecurity rounds,food-insecurity phase
TZ14,Tabora,TZ1404,Urambo,Vulnerability,Vulnerable groups,vulnerability:displacedPeople,Displaced People,0,INFORM SADC 2024,INFORM Sub-national SADC 2024,baseline
TZ14,Tabora,TZ1404,Urambo,Vulnerability,Vulnerable groups,vulnerability:healthConditions,Health Conditions,4.766666667,INFORM SADC 2024,INFORM Sub-national SADC 2024,baseline
TZ14,Tabora,TZ1404,Urambo,Vulnerability,Vulnerable groups,vulnerability:childrenHealthNutrition,Children Health Nutrition,4.025,MoH,TDHS 2022,under-5 stunting
TZ14,Tabora,TZ1404,Urambo,Lack of Coping Capacity,Infrastructure,coping:accessHealth,Access Health,9.68,MoH,2022 PHC health facilities,resource availability
TZ14,Tabora,TZ1404,Urambo,Lack of Coping Capacity,Infrastructure,coping:economicCapacity,Economic Capacity,9.133333333,INFORM SADC 2024,INFORM Sub-national SADC 2024,baseline
TZ14,Tabora,TZ1404,Urambo,Lack of Coping Capacity,Infrastructure,coping:wash,Wash,6.6,MoW,2022 PHC water points & boreholes,"resource availability, rank 2-8"
TZ14,Tabora,TZ1404,Urambo,Lack of Coping Capacity,Infrastructure,coping:communication,Communication,7.35,INFORM SADC 2024,INFORM Sub-national SADC 2024,baseline
TZ14,Tabora,TZ1404,Urambo,Lack of Coping Capacity,Infrastructure,coping:education,Education,6.95,NBS / MoH,2022 PHC schools,resource availability
TZ14,Tabora,TZ1404,Urambo,Lack of Coping Capacity,Institutional,coping:drrImplementation,Drr Implementation,6.5,PMO-DMD / DRR Coordinator,EPRP / EOCC / Anticipatory-Action records,DRM investment overlay
TZ14,Tabora,TZ1404,Urambo,Lack of Coping Capacity,Institutional,coping:governance,Governance,3.1,PMO-DMD,INFORM SADC governance,baseline
TZ14,Tabora,TZ1405,Sikonge,Hazard & Exposure,Exposure,hazard:exposure,Population Exposure,1.42,NBS,2022 PHC population,"population density, log min-max"
TZ14,Tabora,TZ1405,Sikonge,Hazard & Exposure,Natural hazards,hazard:coastalHazards,Coastal Hazards,0,TMA / PMO-DMD,coastal strip,documented overlay
TZ14,Tabora,TZ1405,Sikonge,Hazard & Exposure,Natural hazards,hazard:drought,Drought,4.3,TMA / MoA,CHIRPS v3 1991-2024 + ERA5 t2m,"aridity+variability+SPEI+growing-season, min-max"
TZ14,Tabora,TZ1405,Sikonge,Hazard & Exposure,Natural hazards,hazard:earthquake,Earthquake,0.1,INFORM SADC,INFORM seismic,baseline
TZ14,Tabora,TZ1405,Sikonge,Hazard & Exposure,Natural hazards,hazard:environmentalDegradation,Environmental Degradation,3.25,INFORM SADC 2024,INFORM Sub-national SADC 2024,baseline
TZ14,Tabora,TZ1405,Sikonge,Hazard & Exposure,Natural hazards,hazard:flood,Flood,4.3,PMO-DMD / TMA / MoW,CHIRPS v3 daily + recorded floods,"max(hazard, sqrt(hazard×exposure))"
TZ14,Tabora,TZ1405,Sikonge,Hazard & Exposure,Natural hazards,hazard:landslide,Landslide,0,TMA / PMO-DMD,documented rainfall-triggered events,documented overlay
TZ14,Tabora,TZ1405,Sikonge,Hazard & Exposure,Natural hazards,hazard:stormsCyclone,Storms Cyclone,0,TMA / PMO-DMD,Cyclone Hidaya 2024 + Lindi 1952 + Zanzibar 1872,documented cyclone/storm exposure overlay
TZ14,Tabora,TZ1405,Sikonge,Hazard & Exposure,Natural hazards,hazard:volcano,Volcano,0,INFORM SADC 2024,INFORM Sub-national SADC 2024,baseline
TZ14,Tabora,TZ1405,Sikonge,Hazard & Exposure,Natural hazards,hazard:wildfire,Wildfire,7.15,INFORM SADC 2024,INFORM Sub-national SADC 2024,baseline
TZ14,Tabora,TZ1405,Sikonge,Hazard & Exposure,Human hazards,hazard:conflictIntensity,Conflict Intensity,0,INFORM SADC 2024,INFORM Sub-national SADC 2024,baseline
TZ14,Tabora,TZ1405,Sikonge,Hazard & Exposure,Human hazards,hazard:conflictRisk,Conflict Risk,0.7,INFORM SADC 2024,INFORM Sub-national SADC 2024,baseline
TZ14,Tabora,TZ1405,Sikonge,Hazard & Exposure,Human hazards,hazard:internalViolence,Internal Violence,4.9,INFORM SADC 2024,INFORM Sub-national SADC 2024,baseline
TZ14,Tabora,TZ1405,Sikonge,Vulnerability,Socio-economic,vulnerability:developmentPoverty,Development Poverty,8.275,NBS,Household Budget Survey 2017/18,poverty headcount
TZ14,Tabora,TZ1405,Sikonge,Vulnerability,Socio-economic,vulnerability:economicDependency,Economic Dependency,4.466666667,INFORM SADC 2024,INFORM Sub-national SADC 2024,baseline
TZ14,Tabora,TZ1405,Sikonge,Vulnerability,Socio-economic,vulnerability:habitat,Habitat,4.65,INFORM SADC 2024,INFORM Sub-national SADC 2024,baseline
TZ14,Tabora,TZ1405,Sikonge,Vulnerability,Socio-economic,vulnerability:livelihoods,Livelihoods,3.8,MUCHALI / IPC (MoA),IPC acute food-insecurity rounds,food-insecurity phase
TZ14,Tabora,TZ1405,Sikonge,Vulnerability,Vulnerable groups,vulnerability:displacedPeople,Displaced People,0,INFORM SADC 2024,INFORM Sub-national SADC 2024,baseline
TZ14,Tabora,TZ1405,Sikonge,Vulnerability,Vulnerable groups,vulnerability:healthConditions,Health Conditions,4.766666667,INFORM SADC 2024,INFORM Sub-national SADC 2024,baseline
TZ14,Tabora,TZ1405,Sikonge,Vulnerability,Vulnerable groups,vulnerability:childrenHealthNutrition,Children Health Nutrition,4.025,MoH,TDHS 2022,under-5 stunting
TZ14,Tabora,TZ1405,Sikonge,Lack of Coping Capacity,Infrastructure,coping:accessHealth,Access Health,9.68,MoH,2022 PHC health facilities,resource availability
TZ14,Tabora,TZ1405,Sikonge,Lack of Coping Capacity,Infrastructure,coping:economicCapacity,Economic Capacity,9.133333333,INFORM SADC 2024,INFORM Sub-national SADC 2024,baseline
TZ14,Tabora,TZ1405,Sikonge,Lack of Coping Capacity,Infrastructure,coping:wash,Wash,5.9,MoW,2022 PHC water points & boreholes,"resource availability, rank 2-8"
TZ14,Tabora,TZ1405,Sikonge,Lack of Coping Capacity,Infrastructure,coping:communication,Communication,7.35,INFORM SADC 2024,INFORM Sub-national SADC 2024,baseline
TZ14,Tabora,TZ1405,Sikonge,Lack of Coping Capacity,Infrastructure,coping:education,Education,6.95,NBS / MoH,2022 PHC schools,resource availability
TZ14,Tabora,TZ1405,Sikonge,Lack of Coping Capacity,Institutional,coping:drrImplementation,Drr Implementation,6.5,PMO-DMD / DRR Coordinator,EPRP / EOCC / Anticipatory-Action records,DRM investment overlay
TZ14,Tabora,TZ1405,Sikonge,Lack of Coping Capacity,Institutional,coping:governance,Governance,3.1,PMO-DMD,INFORM SADC governance,baseline
TZ14,Tabora,TZ1406,Tabora Urban,Hazard & Exposure,Natural hazards,hazard:coastalHazards,Coastal Hazards,0,TMA / PMO-DMD,coastal strip,documented overlay
TZ14,Tabora,TZ1406,Tabora Urban,Hazard & Exposure,Natural hazards,hazard:drought,Drought,0.7,TMA / MoA,CHIRPS v3 1991-2024 + ERA5 t2m,"aridity+variability+SPEI+growing-season, min-max"
TZ14,Tabora,TZ1406,Tabora Urban,Hazard & Exposure,Natural hazards,hazard:earthquake,Earthquake,0,INFORM SADC,INFORM seismic,baseline
TZ14,Tabora,TZ1406,Tabora Urban,Hazard & Exposure,Natural hazards,hazard:environmentalDegradation,Environmental Degradation,3.1,INFORM SADC 2024,INFORM Sub-national SADC 2024,baseline
TZ14,Tabora,TZ1406,Tabora Urban,Hazard & Exposure,Natural hazards,hazard:flood,Flood,3.1,PMO-DMD / TMA / MoW,CHIRPS v3 daily + recorded floods,"max(hazard, sqrt(hazard×exposure))"
TZ14,Tabora,TZ1406,Tabora Urban,Hazard & Exposure,Natural hazards,hazard:landslide,Landslide,0,TMA / PMO-DMD,documented rainfall-triggered events,documented overlay
TZ14,Tabora,TZ1406,Tabora Urban,Hazard & Exposure,Natural hazards,hazard:stormsCyclone,Storms Cyclone,0,TMA / PMO-DMD,Cyclone Hidaya 2024 + Lindi 1952 + Zanzibar 1872,documented cyclone/storm exposure overlay
TZ14,Tabora,TZ1406,Tabora Urban,Hazard & Exposure,Natural hazards,hazard:volcano,Volcano,0,INFORM SADC 2024,INFORM Sub-national SADC 2024,baseline
TZ14,Tabora,TZ1406,Tabora Urban,Hazard & Exposure,Natural hazards,hazard:wildfire,Wildfire,7.15,INFORM SADC 2024,INFORM Sub-national SADC 2024,baseline
TZ14,Tabora,TZ1406,Tabora Urban,Hazard & Exposure,Human hazards,hazard:conflictIntensity,Conflict Intensity,0,INFORM SADC 2024,INFORM Sub-national SADC 2024,baseline
TZ14,Tabora,TZ1406,Tabora Urban,Hazard & Exposure,Human hazards,hazard:conflictRisk,Conflict Risk,0.7,INFORM SADC 2024,INFORM Sub-national SADC 2024,baseline
TZ14,Tabora,TZ1406,Tabora Urban,Hazard & Exposure,Human hazards,hazard:internalViolence,Internal Violence,4.9,INFORM SADC 2024,INFORM Sub-national SADC 2024,baseline
TZ14,Tabora,TZ1406,Tabora Urban,Vulnerability,Socio-economic,vulnerability:developmentPoverty,Development Poverty,8.275,NBS,Household Budget Survey 2017/18,poverty headcount
TZ14,Tabora,TZ1406,Tabora Urban,Vulnerability,Socio-economic,vulnerability:economicDependency,Economic Dependency,4.466666667,INFORM SADC 2024,INFORM Sub-national SADC 2024,baseline
TZ14,Tabora,TZ1406,Tabora Urban,Vulnerability,Socio-economic,vulnerability:habitat,Habitat,4.65,INFORM SADC 2024,INFORM Sub-national SADC 2024,baseline
TZ14,Tabora,TZ1406,Tabora Urban,Vulnerability,Socio-economic,vulnerability:livelihoods,Livelihoods,3.8,MUCHALI / IPC (MoA),IPC acute food-insecurity rounds,food-insecurity phase
TZ14,Tabora,TZ1406,Tabora Urban,Vulnerability,Vulnerable groups,vulnerability:displacedPeople,Displaced People,0,INFORM SADC 2024,INFORM Sub-national SADC 2024,baseline
TZ14,Tabora,TZ1406,Tabora Urban,Vulnerability,Vulnerable groups,vulnerability:healthConditions,Health Conditions,4.766666667,INFORM SADC 2024,INFORM Sub-national SADC 2024,baseline
TZ14,Tabora,TZ1406,Tabora Urban,Vulnerability,Vulnerable groups,vulnerability:childrenHealthNutrition,Children Health Nutrition,4.025,MoH,TDHS 2022,under-5 stunting
TZ14,Tabora,TZ1406,Tabora Urban,Lack of Coping Capacity,Infrastructure,coping:accessHealth,Access Health,9.68,MoH,2022 PHC health facilities,resource availability
TZ14,Tabora,TZ1406,Tabora Urban,Lack of Coping Capacity,Infrastructure,coping:economicCapacity,Economic Capacity,9.133333333,INFORM SADC 2024,INFORM Sub-national SADC 2024,baseline
TZ14,Tabora,TZ1406,Tabora Urban,Lack of Coping Capacity,Infrastructure,coping:wash,Wash,7,MoW,2022 PHC water points & boreholes,"resource availability, rank 2-8"
TZ14,Tabora,TZ1406,Tabora Urban,Lack of Coping Capacity,Infrastructure,coping:communication,Communication,7.35,INFORM SADC 2024,INFORM Sub-national SADC 2024,baseline
TZ14,Tabora,TZ1406,Tabora Urban,Lack of Coping Capacity,Infrastructure,coping:education,Education,6.95,NBS / MoH,2022 PHC schools,resource availability
TZ14,Tabora,TZ1406,Tabora Urban,Lack of Coping Capacity,Institutional,coping:drrImplementation,Drr Implementation,6.5,PMO-DMD / DRR Coordinator,EPRP / EOCC / Anticipatory-Action records,DRM investment overlay
TZ14,Tabora,TZ1406,Tabora Urban,Lack of Coping Capacity,Institutional,coping:governance,Governance,3.1,PMO-DMD,INFORM SADC governance,baseline
TZ14,Tabora,TZ1407,Kaliua,Hazard & Exposure,Exposure,hazard:exposure,Population Exposure,2.92,NBS,2022 PHC population,"population density, log min-max"
TZ14,Tabora,TZ1407,Kaliua,Hazard & Exposure,Natural hazards,hazard:coastalHazards,Coastal Hazards,0,TMA / PMO-DMD,coastal strip,documented overlay
TZ14,Tabora,TZ1407,Kaliua,Hazard & Exposure,Natural hazards,hazard:drought,Drought,4.4,TMA / MoA,CHIRPS v3 1991-2024 + ERA5 t2m,"aridity+variability+SPEI+growing-season, min-max"
TZ14,Tabora,TZ1407,Kaliua,Hazard & Exposure,Natural hazards,hazard:earthquake,Earthquake,0,INFORM SADC,INFORM seismic,baseline
TZ14,Tabora,TZ1407,Kaliua,Hazard & Exposure,Natural hazards,hazard:environmentalDegradation,Environmental Degradation,4.35,INFORM SADC 2024,INFORM Sub-national SADC 2024,baseline
TZ14,Tabora,TZ1407,Kaliua,Hazard & Exposure,Natural hazards,hazard:flood,Flood,5.7,PMO-DMD / TMA / MoW,CHIRPS v3 daily + recorded floods,"max(hazard, sqrt(hazard×exposure))"
TZ14,Tabora,TZ1407,Kaliua,Hazard & Exposure,Natural hazards,hazard:landslide,Landslide,0,TMA / PMO-DMD,documented rainfall-triggered events,documented overlay
TZ14,Tabora,TZ1407,Kaliua,Hazard & Exposure,Natural hazards,hazard:stormsCyclone,Storms Cyclone,0,TMA / PMO-DMD,Cyclone Hidaya 2024 + Lindi 1952 + Zanzibar 1872,documented cyclone/storm exposure overlay
TZ14,Tabora,TZ1407,Kaliua,Hazard & Exposure,Natural hazards,hazard:volcano,Volcano,0,INFORM SADC 2024,INFORM Sub-national SADC 2024,baseline
TZ14,Tabora,TZ1407,Kaliua,Hazard & Exposure,Natural hazards,hazard:wildfire,Wildfire,7.15,INFORM SADC 2024,INFORM Sub-national SADC 2024,baseline
TZ14,Tabora,TZ1407,Kaliua,Hazard & Exposure,Human hazards,hazard:conflictIntensity,Conflict Intensity,0,INFORM SADC 2024,INFORM Sub-national SADC 2024,baseline
TZ14,Tabora,TZ1407,Kaliua,Hazard & Exposure,Human hazards,hazard:conflictRisk,Conflict Risk,0.7,INFORM SADC 2024,INFORM Sub-national SADC 2024,baseline
TZ14,Tabora,TZ1407,Kaliua,Hazard & Exposure,Human hazards,hazard:internalViolence,Internal Violence,4.9,INFORM SADC 2024,INFORM Sub-national SADC 2024,baseline
TZ14,Tabora,TZ1407,Kaliua,Vulnerability,Socio-economic,vulnerability:developmentPoverty,Development Poverty,8.275,NBS,Household Budget Survey 2017/18,poverty headcount
TZ14,Tabora,TZ1407,Kaliua,Vulnerability,Socio-economic,vulnerability:economicDependency,Economic Dependency,4.466666667,INFORM SADC 2024,INFORM Sub-national SADC 2024,baseline
TZ14,Tabora,TZ1407,Kaliua,Vulnerability,Socio-economic,vulnerability:habitat,Habitat,4.65,INFORM SADC 2024,INFORM Sub-national SADC 2024,baseline
TZ14,Tabora,TZ1407,Kaliua,Vulnerability,Socio-economic,vulnerability:livelihoods,Livelihoods,3.8,MUCHALI / IPC (MoA),IPC acute food-insecurity rounds,food-insecurity phase
TZ14,Tabora,TZ1407,Kaliua,Vulnerability,Vulnerable groups,vulnerability:displacedPeople,Displaced People,0,INFORM SADC 2024,INFORM Sub-national SADC 2024,baseline
TZ14,Tabora,TZ1407,Kaliua,Vulnerability,Vulnerable groups,vulnerability:healthConditions,Health Conditions,4.766666667,INFORM SADC 2024,INFORM Sub-national SADC 2024,baseline
TZ14,Tabora,TZ1407,Kaliua,Vulnerability,Vulnerable groups,vulnerability:childrenHealthNutrition,Children Health Nutrition,4.025,MoH,TDHS 2022,under-5 stunting
TZ14,Tabora,TZ1407,Kaliua,Lack of Coping Capacity,Infrastructure,coping:accessHealth,Access Health,9.68,MoH,2022 PHC health facilities,resource availability
TZ14,Tabora,TZ1407,Kaliua,Lack of Coping Capacity,Infrastructure,coping:economicCapacity,Economic Capacity,9.133333333,INFORM SADC 2024,INFORM Sub-national SADC 2024,baseline
TZ14,Tabora,TZ1407,Kaliua,Lack of Coping Capacity,Infrastructure,coping:wash,Wash,4.8,MoW,2022 PHC water points & boreholes,"resource availability, rank 2-8"
TZ14,Tabora,TZ1407,Kaliua,Lack of Coping Capacity,Infrastructure,coping:communication,Communication,7.35,INFORM SADC 2024,INFORM Sub-national SADC 2024,baseline
TZ14,Tabora,TZ1407,Kaliua,Lack of Coping Capacity,Infrastructure,coping:education,Education,6.95,NBS / MoH,2022 PHC schools,resource availability
TZ14,Tabora,TZ1407,Kaliua,Lack of Coping Capacity,Institutional,coping:drrImplementation,Drr Implementation,6.5,PMO-DMD / DRR Coordinator,EPRP / EOCC / Anticipatory-Action records,DRM investment overlay
TZ14,Tabora,TZ1407,Kaliua,Lack of Coping Capacity,Institutional,coping:governance,Governance,3.1,PMO-DMD,INFORM SADC governance,baseline
TZ15,Rukwa,TZ1501,Kalambo,Hazard & Exposure,Exposure,hazard:exposure,Population Exposure,3.25,NBS,2022 PHC population,"population density, log min-max"
TZ15,Rukwa,TZ1501,Kalambo,Hazard & Exposure,Natural hazards,hazard:coastalHazards,Coastal Hazards,0,TMA / PMO-DMD,coastal strip,documented overlay
TZ15,Rukwa,TZ1501,Kalambo,Hazard & Exposure,Natural hazards,hazard:drought,Drought,2.9,TMA / MoA,CHIRPS v3 1991-2024 + ERA5 t2m,"aridity+variability+SPEI+growing-season, min-max"
TZ15,Rukwa,TZ1501,Kalambo,Hazard & Exposure,Natural hazards,hazard:earthquake,Earthquake,10,INFORM SADC,INFORM seismic,baseline
TZ15,Rukwa,TZ1501,Kalambo,Hazard & Exposure,Natural hazards,hazard:environmentalDegradation,Environmental Degradation,5.85,INFORM SADC 2024,INFORM Sub-national SADC 2024,baseline
TZ15,Rukwa,TZ1501,Kalambo,Hazard & Exposure,Natural hazards,hazard:flood,Flood,3.8,PMO-DMD / TMA / MoW,CHIRPS v3 daily + recorded floods,"max(hazard, sqrt(hazard×exposure))"
TZ15,Rukwa,TZ1501,Kalambo,Hazard & Exposure,Natural hazards,hazard:landslide,Landslide,6.3,TMA / PMO-DMD,documented rainfall-triggered events,documented overlay
TZ15,Rukwa,TZ1501,Kalambo,Hazard & Exposure,Natural hazards,hazard:stormsCyclone,Storms Cyclone,0,TMA / PMO-DMD,Cyclone Hidaya 2024 + Lindi 1952 + Zanzibar 1872,documented cyclone/storm exposure overlay
TZ15,Rukwa,TZ1501,Kalambo,Hazard & Exposure,Natural hazards,hazard:volcano,Volcano,0,INFORM SADC 2024,INFORM Sub-national SADC 2024,baseline
TZ15,Rukwa,TZ1501,Kalambo,Hazard & Exposure,Natural hazards,hazard:wildfire,Wildfire,5.5,INFORM SADC 2024,INFORM Sub-national SADC 2024,baseline
TZ15,Rukwa,TZ1501,Kalambo,Hazard & Exposure,Human hazards,hazard:conflictIntensity,Conflict Intensity,0,INFORM SADC 2024,INFORM Sub-national SADC 2024,baseline
TZ15,Rukwa,TZ1501,Kalambo,Hazard & Exposure,Human hazards,hazard:conflictRisk,Conflict Risk,0.7,INFORM SADC 2024,INFORM Sub-national SADC 2024,baseline
TZ15,Rukwa,TZ1501,Kalambo,Hazard & Exposure,Human hazards,hazard:internalViolence,Internal Violence,1.7,INFORM SADC 2024,INFORM Sub-national SADC 2024,baseline
TZ15,Rukwa,TZ1501,Kalambo,Vulnerability,Socio-economic,vulnerability:developmentPoverty,Development Poverty,9.3,NBS,Household Budget Survey 2017/18,poverty headcount
TZ15,Rukwa,TZ1501,Kalambo,Vulnerability,Socio-economic,vulnerability:economicDependency,Economic Dependency,4.366666667,INFORM SADC 2024,INFORM Sub-national SADC 2024,baseline
TZ15,Rukwa,TZ1501,Kalambo,Vulnerability,Socio-economic,vulnerability:habitat,Habitat,5.15,INFORM SADC 2024,INFORM Sub-national SADC 2024,baseline
TZ15,Rukwa,TZ1501,Kalambo,Vulnerability,Socio-economic,vulnerability:livelihoods,Livelihoods,0,MUCHALI / IPC (MoA),IPC acute food-insecurity rounds,food-insecurity phase
TZ15,Rukwa,TZ1501,Kalambo,Vulnerability,Vulnerable groups,vulnerability:displacedPeople,Displaced People,6.9,INFORM SADC 2024,INFORM Sub-national SADC 2024,baseline
TZ15,Rukwa,TZ1501,Kalambo,Vulnerability,Vulnerable groups,vulnerability:healthConditions,Health Conditions,5.833333333,INFORM SADC 2024,INFORM Sub-national SADC 2024,baseline
TZ15,Rukwa,TZ1501,Kalambo,Vulnerability,Vulnerable groups,vulnerability:childrenHealthNutrition,Children Health Nutrition,8.5,MoH,TDHS 2022,under-5 stunting
TZ15,Rukwa,TZ1501,Kalambo,Lack of Coping Capacity,Infrastructure,coping:accessHealth,Access Health,8.44,MoH,2022 PHC health facilities,resource availability
TZ15,Rukwa,TZ1501,Kalambo,Lack of Coping Capacity,Infrastructure,coping:economicCapacity,Economic Capacity,9.733333333,INFORM SADC 2024,INFORM Sub-national SADC 2024,baseline
TZ15,Rukwa,TZ1501,Kalambo,Lack of Coping Capacity,Infrastructure,coping:wash,Wash,4.5,MoW,2022 PHC water points & boreholes,"resource availability, rank 2-8"
TZ15,Rukwa,TZ1501,Kalambo,Lack of Coping Capacity,Infrastructure,coping:communication,Communication,10,INFORM SADC 2024,INFORM Sub-national SADC 2024,baseline
TZ15,Rukwa,TZ1501,Kalambo,Lack of Coping Capacity,Infrastructure,coping:education,Education,6.15,NBS / MoH,2022 PHC schools,resource availability
TZ15,Rukwa,TZ1501,Kalambo,Lack of Coping Capacity,Institutional,coping:drrImplementation,Drr Implementation,6.5,PMO-DMD / DRR Coordinator,EPRP / EOCC / Anticipatory-Action records,DRM investment overlay
TZ15,Rukwa,TZ1501,Kalambo,Lack of Coping Capacity,Institutional,coping:governance,Governance,6.2,PMO-DMD,INFORM SADC governance,baseline
TZ15,Rukwa,TZ1502,Sumbawanga,Hazard & Exposure,Exposure,hazard:exposure,Population Exposure,4.28,NBS,2022 PHC population,"population density, log min-max"
TZ15,Rukwa,TZ1502,Sumbawanga,Hazard & Exposure,Natural hazards,hazard:coastalHazards,Coastal Hazards,0,TMA / PMO-DMD,coastal strip,documented overlay
TZ15,Rukwa,TZ1502,Sumbawanga,Hazard & Exposure,Natural hazards,hazard:drought,Drought,3,TMA / MoA,CHIRPS v3 1991-2024 + ERA5 t2m,"aridity+variability+SPEI+growing-season, min-max"
TZ15,Rukwa,TZ1502,Sumbawanga,Hazard & Exposure,Natural hazards,hazard:earthquake,Earthquake,10,INFORM SADC,INFORM seismic,baseline
TZ15,Rukwa,TZ1502,Sumbawanga,Hazard & Exposure,Natural hazards,hazard:environmentalDegradation,Environmental Degradation,5.3,INFORM SADC 2024,INFORM Sub-national SADC 2024,baseline
TZ15,Rukwa,TZ1502,Sumbawanga,Hazard & Exposure,Natural hazards,hazard:flood,Flood,7.2,PMO-DMD / TMA / MoW,CHIRPS v3 daily + recorded floods,"max(hazard, sqrt(hazard×exposure))"
TZ15,Rukwa,TZ1502,Sumbawanga,Hazard & Exposure,Natural hazards,hazard:landslide,Landslide,4.3,TMA / PMO-DMD,documented rainfall-triggered events,documented overlay
TZ15,Rukwa,TZ1502,Sumbawanga,Hazard & Exposure,Natural hazards,hazard:stormsCyclone,Storms Cyclone,0,TMA / PMO-DMD,Cyclone Hidaya 2024 + Lindi 1952 + Zanzibar 1872,documented cyclone/storm exposure overlay
TZ15,Rukwa,TZ1502,Sumbawanga,Hazard & Exposure,Natural hazards,hazard:volcano,Volcano,0,INFORM SADC 2024,INFORM Sub-national SADC 2024,baseline
TZ15,Rukwa,TZ1502,Sumbawanga,Hazard & Exposure,Natural hazards,hazard:wildfire,Wildfire,5.5,INFORM SADC 2024,INFORM Sub-national SADC 2024,baseline
TZ15,Rukwa,TZ1502,Sumbawanga,Hazard & Exposure,Human hazards,hazard:conflictIntensity,Conflict Intensity,0,INFORM SADC 2024,INFORM Sub-national SADC 2024,baseline
TZ15,Rukwa,TZ1502,Sumbawanga,Hazard & Exposure,Human hazards,hazard:conflictRisk,Conflict Risk,0.7,INFORM SADC 2024,INFORM Sub-national SADC 2024,baseline
TZ15,Rukwa,TZ1502,Sumbawanga,Hazard & Exposure,Human hazards,hazard:internalViolence,Internal Violence,1.7,INFORM SADC 2024,INFORM Sub-national SADC 2024,baseline
TZ15,Rukwa,TZ1502,Sumbawanga,Vulnerability,Socio-economic,vulnerability:developmentPoverty,Development Poverty,9.3,NBS,Household Budget Survey 2017/18,poverty headcount
TZ15,Rukwa,TZ1502,Sumbawanga,Vulnerability,Socio-economic,vulnerability:economicDependency,Economic Dependency,4.366666667,INFORM SADC 2024,INFORM Sub-national SADC 2024,baseline
TZ15,Rukwa,TZ1502,Sumbawanga,Vulnerability,Socio-economic,vulnerability:habitat,Habitat,5.15,INFORM SADC 2024,INFORM Sub-national SADC 2024,baseline
TZ15,Rukwa,TZ1502,Sumbawanga,Vulnerability,Socio-economic,vulnerability:livelihoods,Livelihoods,0,MUCHALI / IPC (MoA),IPC acute food-insecurity rounds,food-insecurity phase
TZ15,Rukwa,TZ1502,Sumbawanga,Vulnerability,Vulnerable groups,vulnerability:displacedPeople,Displaced People,6.9,INFORM SADC 2024,INFORM Sub-national SADC 2024,baseline
TZ15,Rukwa,TZ1502,Sumbawanga,Vulnerability,Vulnerable groups,vulnerability:healthConditions,Health Conditions,5.833333333,INFORM SADC 2024,INFORM Sub-national SADC 2024,baseline
TZ15,Rukwa,TZ1502,Sumbawanga,Vulnerability,Vulnerable groups,vulnerability:childrenHealthNutrition,Children Health Nutrition,8.5,MoH,TDHS 2022,under-5 stunting
TZ15,Rukwa,TZ1502,Sumbawanga,Lack of Coping Capacity,Infrastructure,coping:accessHealth,Access Health,8.44,MoH,2022 PHC health facilities,resource availability
TZ15,Rukwa,TZ1502,Sumbawanga,Lack of Coping Capacity,Infrastructure,coping:economicCapacity,Economic Capacity,9.733333333,INFORM SADC 2024,INFORM Sub-national SADC 2024,baseline
TZ15,Rukwa,TZ1502,Sumbawanga,Lack of Coping Capacity,Infrastructure,coping:wash,Wash,2.2,MoW,2022 PHC water points & boreholes,"resource availability, rank 2-8"
TZ15,Rukwa,TZ1502,Sumbawanga,Lack of Coping Capacity,Infrastructure,coping:communication,Communication,10,INFORM SADC 2024,INFORM Sub-national SADC 2024,baseline
TZ15,Rukwa,TZ1502,Sumbawanga,Lack of Coping Capacity,Infrastructure,coping:education,Education,6.15,NBS / MoH,2022 PHC schools,resource availability
TZ15,Rukwa,TZ1502,Sumbawanga,Lack of Coping Capacity,Institutional,coping:drrImplementation,Drr Implementation,4.5,PMO-DMD / DRR Coordinator,EPRP / EOCC / Anticipatory-Action records,DRM investment overlay
TZ15,Rukwa,TZ1502,Sumbawanga,Lack of Coping Capacity,Institutional,coping:governance,Governance,5,PMO-DMD,INFORM SADC governance,baseline
TZ15,Rukwa,TZ1503,Nkasi,Hazard & Exposure,Exposure,hazard:exposure,Population Exposure,2.96,NBS,2022 PHC population,"population density, log min-max"
TZ15,Rukwa,TZ1503,Nkasi,Hazard & Exposure,Natural hazards,hazard:coastalHazards,Coastal Hazards,0,TMA / PMO-DMD,coastal strip,documented overlay
TZ15,Rukwa,TZ1503,Nkasi,Hazard & Exposure,Natural hazards,hazard:drought,Drought,1.9,TMA / MoA,CHIRPS v3 1991-2024 + ERA5 t2m,"aridity+variability+SPEI+growing-season, min-max"
TZ15,Rukwa,TZ1503,Nkasi,Hazard & Exposure,Natural hazards,hazard:earthquake,Earthquake,10,INFORM SADC,INFORM seismic,baseline
TZ15,Rukwa,TZ1503,Nkasi,Hazard & Exposure,Natural hazards,hazard:environmentalDegradation,Environmental Degradation,5.15,INFORM SADC 2024,INFORM Sub-national SADC 2024,baseline
TZ15,Rukwa,TZ1503,Nkasi,Hazard & Exposure,Natural hazards,hazard:flood,Flood,6.1,PMO-DMD / TMA / MoW,CHIRPS v3 daily + recorded floods,"max(hazard, sqrt(hazard×exposure))"
TZ15,Rukwa,TZ1503,Nkasi,Hazard & Exposure,Natural hazards,hazard:landslide,Landslide,6.2,TMA / PMO-DMD,documented rainfall-triggered events,documented overlay
TZ15,Rukwa,TZ1503,Nkasi,Hazard & Exposure,Natural hazards,hazard:stormsCyclone,Storms Cyclone,0,TMA / PMO-DMD,Cyclone Hidaya 2024 + Lindi 1952 + Zanzibar 1872,documented cyclone/storm exposure overlay
TZ15,Rukwa,TZ1503,Nkasi,Hazard & Exposure,Natural hazards,hazard:volcano,Volcano,0,INFORM SADC 2024,INFORM Sub-national SADC 2024,baseline
TZ15,Rukwa,TZ1503,Nkasi,Hazard & Exposure,Natural hazards,hazard:wildfire,Wildfire,5.5,INFORM SADC 2024,INFORM Sub-national SADC 2024,baseline
TZ15,Rukwa,TZ1503,Nkasi,Hazard & Exposure,Human hazards,hazard:conflictIntensity,Conflict Intensity,0,INFORM SADC 2024,INFORM Sub-national SADC 2024,baseline
TZ15,Rukwa,TZ1503,Nkasi,Hazard & Exposure,Human hazards,hazard:conflictRisk,Conflict Risk,0.7,INFORM SADC 2024,INFORM Sub-national SADC 2024,baseline
TZ15,Rukwa,TZ1503,Nkasi,Hazard & Exposure,Human hazards,hazard:internalViolence,Internal Violence,1.7,INFORM SADC 2024,INFORM Sub-national SADC 2024,baseline
TZ15,Rukwa,TZ1503,Nkasi,Vulnerability,Socio-economic,vulnerability:developmentPoverty,Development Poverty,9.3,NBS,Household Budget Survey 2017/18,poverty headcount
TZ15,Rukwa,TZ1503,Nkasi,Vulnerability,Socio-economic,vulnerability:economicDependency,Economic Dependency,4.366666667,INFORM SADC 2024,INFORM Sub-national SADC 2024,baseline
TZ15,Rukwa,TZ1503,Nkasi,Vulnerability,Socio-economic,vulnerability:habitat,Habitat,5.15,INFORM SADC 2024,INFORM Sub-national SADC 2024,baseline
TZ15,Rukwa,TZ1503,Nkasi,Vulnerability,Socio-economic,vulnerability:livelihoods,Livelihoods,0,MUCHALI / IPC (MoA),IPC acute food-insecurity rounds,food-insecurity phase
TZ15,Rukwa,TZ1503,Nkasi,Vulnerability,Vulnerable groups,vulnerability:displacedPeople,Displaced People,6.9,INFORM SADC 2024,INFORM Sub-national SADC 2024,baseline
TZ15,Rukwa,TZ1503,Nkasi,Vulnerability,Vulnerable groups,vulnerability:healthConditions,Health Conditions,5.833333333,INFORM SADC 2024,INFORM Sub-national SADC 2024,baseline
TZ15,Rukwa,TZ1503,Nkasi,Vulnerability,Vulnerable groups,vulnerability:childrenHealthNutrition,Children Health Nutrition,8.5,MoH,TDHS 2022,under-5 stunting
TZ15,Rukwa,TZ1503,Nkasi,Lack of Coping Capacity,Infrastructure,coping:accessHealth,Access Health,8.44,MoH,2022 PHC health facilities,resource availability
TZ15,Rukwa,TZ1503,Nkasi,Lack of Coping Capacity,Infrastructure,coping:economicCapacity,Economic Capacity,9.733333333,INFORM SADC 2024,INFORM Sub-national SADC 2024,baseline
TZ15,Rukwa,TZ1503,Nkasi,Lack of Coping Capacity,Infrastructure,coping:wash,Wash,3.7,MoW,2022 PHC water points & boreholes,"resource availability, rank 2-8"
TZ15,Rukwa,TZ1503,Nkasi,Lack of Coping Capacity,Infrastructure,coping:communication,Communication,10,INFORM SADC 2024,INFORM Sub-national SADC 2024,baseline
TZ15,Rukwa,TZ1503,Nkasi,Lack of Coping Capacity,Infrastructure,coping:education,Education,6.15,NBS / MoH,2022 PHC schools,resource availability
TZ15,Rukwa,TZ1503,Nkasi,Lack of Coping Capacity,Institutional,coping:drrImplementation,Drr Implementation,4.5,PMO-DMD / DRR Coordinator,EPRP / EOCC / Anticipatory-Action records,DRM investment overlay
TZ15,Rukwa,TZ1503,Nkasi,Lack of Coping Capacity,Institutional,coping:governance,Governance,5,PMO-DMD,INFORM SADC governance,baseline
TZ15,Rukwa,TZ1504,Sumbawanga Urban,Hazard & Exposure,Natural hazards,hazard:coastalHazards,Coastal Hazards,0,TMA / PMO-DMD,coastal strip,documented overlay
TZ15,Rukwa,TZ1504,Sumbawanga Urban,Hazard & Exposure,Natural hazards,hazard:drought,Drought,0.7,TMA / MoA,CHIRPS v3 1991-2024 + ERA5 t2m,"aridity+variability+SPEI+growing-season, min-max"
TZ15,Rukwa,TZ1504,Sumbawanga Urban,Hazard & Exposure,Natural hazards,hazard:earthquake,Earthquake,10,INFORM SADC,INFORM seismic,baseline
TZ15,Rukwa,TZ1504,Sumbawanga Urban,Hazard & Exposure,Natural hazards,hazard:environmentalDegradation,Environmental Degradation,5,INFORM SADC 2024,INFORM Sub-national SADC 2024,baseline
TZ15,Rukwa,TZ1504,Sumbawanga Urban,Hazard & Exposure,Natural hazards,hazard:flood,Flood,0,PMO-DMD / TMA / MoW,CHIRPS v3 daily + recorded floods,"max(hazard, sqrt(hazard×exposure))"
TZ15,Rukwa,TZ1504,Sumbawanga Urban,Hazard & Exposure,Natural hazards,hazard:landslide,Landslide,3.9,TMA / PMO-DMD,documented rainfall-triggered events,documented overlay
TZ15,Rukwa,TZ1504,Sumbawanga Urban,Hazard & Exposure,Natural hazards,hazard:stormsCyclone,Storms Cyclone,0,TMA / PMO-DMD,Cyclone Hidaya 2024 + Lindi 1952 + Zanzibar 1872,documented cyclone/storm exposure overlay
TZ15,Rukwa,TZ1504,Sumbawanga Urban,Hazard & Exposure,Natural hazards,hazard:volcano,Volcano,0,INFORM SADC 2024,INFORM Sub-national SADC 2024,baseline
TZ15,Rukwa,TZ1504,Sumbawanga Urban,Hazard & Exposure,Natural hazards,hazard:wildfire,Wildfire,5.5,INFORM SADC 2024,INFORM Sub-national SADC 2024,baseline
TZ15,Rukwa,TZ1504,Sumbawanga Urban,Hazard & Exposure,Human hazards,hazard:conflictIntensity,Conflict Intensity,0,INFORM SADC 2024,INFORM Sub-national SADC 2024,baseline
TZ15,Rukwa,TZ1504,Sumbawanga Urban,Hazard & Exposure,Human hazards,hazard:conflictRisk,Conflict Risk,0.7,INFORM SADC 2024,INFORM Sub-national SADC 2024,baseline
TZ15,Rukwa,TZ1504,Sumbawanga Urban,Hazard & Exposure,Human hazards,hazard:internalViolence,Internal Violence,1.7,INFORM SADC 2024,INFORM Sub-national SADC 2024,baseline
TZ15,Rukwa,TZ1504,Sumbawanga Urban,Vulnerability,Socio-economic,vulnerability:developmentPoverty,Development Poverty,9.3,NBS,Household Budget Survey 2017/18,poverty headcount
TZ15,Rukwa,TZ1504,Sumbawanga Urban,Vulnerability,Socio-economic,vulnerability:economicDependency,Economic Dependency,4.366666667,INFORM SADC 2024,INFORM Sub-national SADC 2024,baseline
TZ15,Rukwa,TZ1504,Sumbawanga Urban,Vulnerability,Socio-economic,vulnerability:habitat,Habitat,5.15,INFORM SADC 2024,INFORM Sub-national SADC 2024,baseline
TZ15,Rukwa,TZ1504,Sumbawanga Urban,Vulnerability,Socio-economic,vulnerability:livelihoods,Livelihoods,0,MUCHALI / IPC (MoA),IPC acute food-insecurity rounds,food-insecurity phase
TZ15,Rukwa,TZ1504,Sumbawanga Urban,Vulnerability,Vulnerable groups,vulnerability:displacedPeople,Displaced People,6.9,INFORM SADC 2024,INFORM Sub-national SADC 2024,baseline
TZ15,Rukwa,TZ1504,Sumbawanga Urban,Vulnerability,Vulnerable groups,vulnerability:healthConditions,Health Conditions,5.833333333,INFORM SADC 2024,INFORM Sub-national SADC 2024,baseline
TZ15,Rukwa,TZ1504,Sumbawanga Urban,Vulnerability,Vulnerable groups,vulnerability:childrenHealthNutrition,Children Health Nutrition,8.5,MoH,TDHS 2022,under-5 stunting
TZ15,Rukwa,TZ1504,Sumbawanga Urban,Lack of Coping Capacity,Infrastructure,coping:accessHealth,Access Health,8.44,MoH,2022 PHC health facilities,resource availability
TZ15,Rukwa,TZ1504,Sumbawanga Urban,Lack of Coping Capacity,Infrastructure,coping:economicCapacity,Economic Capacity,9.733333333,INFORM SADC 2024,INFORM Sub-national SADC 2024,baseline
TZ15,Rukwa,TZ1504,Sumbawanga Urban,Lack of Coping Capacity,Infrastructure,coping:wash,Wash,7,MoW,2022 PHC water points & boreholes,"resource availability, rank 2-8"
TZ15,Rukwa,TZ1504,Sumbawanga Urban,Lack of Coping Capacity,Infrastructure,coping:communication,Communication,10,INFORM SADC 2024,INFORM Sub-national SADC 2024,baseline
TZ15,Rukwa,TZ1504,Sumbawanga Urban,Lack of Coping Capacity,Infrastructure,coping:education,Education,6.15,NBS / MoH,2022 PHC schools,resource availability
TZ15,Rukwa,TZ1504,Sumbawanga Urban,Lack of Coping Capacity,Institutional,coping:drrImplementation,Drr Implementation,6.5,PMO-DMD / DRR Coordinator,EPRP / EOCC / Anticipatory-Action records,DRM investment overlay
TZ15,Rukwa,TZ1504,Sumbawanga Urban,Lack of Coping Capacity,Institutional,coping:governance,Governance,6.2,PMO-DMD,INFORM SADC governance,baseline
TZ16,Kigoma,TZ1601,Kibondo,Hazard & Exposure,Exposure,hazard:exposure,Population Exposure,2.35,NBS,2022 PHC population,"population density, log min-max"
TZ16,Kigoma,TZ1601,Kibondo,Hazard & Exposure,Natural hazards,hazard:coastalHazards,Coastal Hazards,0,TMA / PMO-DMD,coastal strip,documented overlay
TZ16,Kigoma,TZ1601,Kibondo,Hazard & Exposure,Natural hazards,hazard:drought,Drought,2.7,TMA / MoA,CHIRPS v3 1991-2024 + ERA5 t2m,"aridity+variability+SPEI+growing-season, min-max"
TZ16,Kigoma,TZ1601,Kibondo,Hazard & Exposure,Natural hazards,hazard:earthquake,Earthquake,6,INFORM SADC,INFORM seismic,baseline
TZ16,Kigoma,TZ1601,Kibondo,Hazard & Exposure,Natural hazards,hazard:environmentalDegradation,Environmental Degradation,3.1,INFORM SADC 2024,INFORM Sub-national SADC 2024,baseline
TZ16,Kigoma,TZ1601,Kibondo,Hazard & Exposure,Natural hazards,hazard:flood,Flood,7.5,PMO-DMD / TMA / MoW,CHIRPS v3 daily + recorded floods,"max(hazard, sqrt(hazard×exposure))"
TZ16,Kigoma,TZ1601,Kibondo,Hazard & Exposure,Natural hazards,hazard:landslide,Landslide,0,TMA / PMO-DMD,documented rainfall-triggered events,documented overlay
TZ16,Kigoma,TZ1601,Kibondo,Hazard & Exposure,Natural hazards,hazard:stormsCyclone,Storms Cyclone,0,TMA / PMO-DMD,Cyclone Hidaya 2024 + Lindi 1952 + Zanzibar 1872,documented cyclone/storm exposure overlay
TZ16,Kigoma,TZ1601,Kibondo,Hazard & Exposure,Natural hazards,hazard:volcano,Volcano,0,INFORM SADC 2024,INFORM Sub-national SADC 2024,baseline
TZ16,Kigoma,TZ1601,Kibondo,Hazard & Exposure,Natural hazards,hazard:wildfire,Wildfire,6.25,INFORM SADC 2024,INFORM Sub-national SADC 2024,baseline
TZ16,Kigoma,TZ1601,Kibondo,Hazard & Exposure,Human hazards,hazard:conflictIntensity,Conflict Intensity,0,INFORM SADC 2024,INFORM Sub-national SADC 2024,baseline
TZ16,Kigoma,TZ1601,Kibondo,Hazard & Exposure,Human hazards,hazard:conflictRisk,Conflict Risk,0.7,INFORM SADC 2024,INFORM Sub-national SADC 2024,baseline
TZ16,Kigoma,TZ1601,Kibondo,Hazard & Exposure,Human hazards,hazard:internalViolence,Internal Violence,9.65,INFORM SADC 2024,INFORM Sub-national SADC 2024,baseline
TZ16,Kigoma,TZ1601,Kibondo,Vulnerability,Socio-economic,vulnerability:developmentPoverty,Development Poverty,9.125,NBS,Household Budget Survey 2017/18,poverty headcount
TZ16,Kigoma,TZ1601,Kibondo,Vulnerability,Socio-economic,vulnerability:economicDependency,Economic Dependency,4.2,INFORM SADC 2024,INFORM Sub-national SADC 2024,baseline
TZ16,Kigoma,TZ1601,Kibondo,Vulnerability,Socio-economic,vulnerability:habitat,Habitat,4.75,INFORM SADC 2024,INFORM Sub-national SADC 2024,baseline
TZ16,Kigoma,TZ1601,Kibondo,Vulnerability,Socio-economic,vulnerability:livelihoods,Livelihoods,0,MUCHALI / IPC (MoA),IPC acute food-insecurity rounds,food-insecurity phase
TZ16,Kigoma,TZ1601,Kibondo,Vulnerability,Vulnerable groups,vulnerability:displacedPeople,Displaced People,0,INFORM SADC 2024,INFORM Sub-national SADC 2024,baseline
TZ16,Kigoma,TZ1601,Kibondo,Vulnerability,Vulnerable groups,vulnerability:healthConditions,Health Conditions,4.766666667,INFORM SADC 2024,INFORM Sub-national SADC 2024,baseline
TZ16,Kigoma,TZ1601,Kibondo,Vulnerability,Vulnerable groups,vulnerability:childrenHealthNutrition,Children Health Nutrition,7.5,MoH,TDHS 2022,under-5 stunting
TZ16,Kigoma,TZ1601,Kibondo,Lack of Coping Capacity,Infrastructure,coping:accessHealth,Access Health,5.76,MoH,2022 PHC health facilities,resource availability
TZ16,Kigoma,TZ1601,Kibondo,Lack of Coping Capacity,Infrastructure,coping:economicCapacity,Economic Capacity,9.4,INFORM SADC 2024,INFORM Sub-national SADC 2024,baseline
TZ16,Kigoma,TZ1601,Kibondo,Lack of Coping Capacity,Infrastructure,coping:wash,Wash,5.2,MoW,2022 PHC water points & boreholes,"resource availability, rank 2-8"
TZ16,Kigoma,TZ1601,Kibondo,Lack of Coping Capacity,Infrastructure,coping:communication,Communication,8.95,INFORM SADC 2024,INFORM Sub-national SADC 2024,baseline
TZ16,Kigoma,TZ1601,Kibondo,Lack of Coping Capacity,Infrastructure,coping:education,Education,6.3,NBS / MoH,2022 PHC schools,resource availability
TZ16,Kigoma,TZ1601,Kibondo,Lack of Coping Capacity,Institutional,coping:drrImplementation,Drr Implementation,6.5,PMO-DMD / DRR Coordinator,EPRP / EOCC / Anticipatory-Action records,DRM investment overlay
TZ16,Kigoma,TZ1601,Kibondo,Lack of Coping Capacity,Institutional,coping:governance,Governance,4.3,PMO-DMD,INFORM SADC governance,baseline
TZ16,Kigoma,TZ1602,Kasulu,Hazard & Exposure,Exposure,hazard:exposure,Population Exposure,3.91,NBS,2022 PHC population,"population density, log min-max"
TZ16,Kigoma,TZ1602,Kasulu,Hazard & Exposure,Natural hazards,hazard:coastalHazards,Coastal Hazards,0,TMA / PMO-DMD,coastal strip,documented overlay
TZ16,Kigoma,TZ1602,Kasulu,Hazard & Exposure,Natural hazards,hazard:drought,Drought,1.6,TMA / MoA,CHIRPS v3 1991-2024 + ERA5 t2m,"aridity+variability+SPEI+growing-season, min-max"
TZ16,Kigoma,TZ1602,Kasulu,Hazard & Exposure,Natural hazards,hazard:earthquake,Earthquake,8.9,INFORM SADC,INFORM seismic,baseline
TZ16,Kigoma,TZ1602,Kasulu,Hazard & Exposure,Natural hazards,hazard:environmentalDegradation,Environmental Degradation,5,INFORM SADC 2024,INFORM Sub-national SADC 2024,baseline
TZ16,Kigoma,TZ1602,Kasulu,Hazard & Exposure,Natural hazards,hazard:flood,Flood,7.5,PMO-DMD / TMA / MoW,CHIRPS v3 daily + recorded floods,"max(hazard, sqrt(hazard×exposure))"
TZ16,Kigoma,TZ1602,Kasulu,Hazard & Exposure,Natural hazards,hazard:landslide,Landslide,0,TMA / PMO-DMD,documented rainfall-triggered events,documented overlay
TZ16,Kigoma,TZ1602,Kasulu,Hazard & Exposure,Natural hazards,hazard:stormsCyclone,Storms Cyclone,0,TMA / PMO-DMD,Cyclone Hidaya 2024 + Lindi 1952 + Zanzibar 1872,documented cyclone/storm exposure overlay
TZ16,Kigoma,TZ1602,Kasulu,Hazard & Exposure,Natural hazards,hazard:volcano,Volcano,0,INFORM SADC 2024,INFORM Sub-national SADC 2024,baseline
TZ16,Kigoma,TZ1602,Kasulu,Hazard & Exposure,Natural hazards,hazard:wildfire,Wildfire,6.25,INFORM SADC 2024,INFORM Sub-national SADC 2024,baseline
TZ16,Kigoma,TZ1602,Kasulu,Hazard & Exposure,Human hazards,hazard:conflictIntensity,Conflict Intensity,0,INFORM SADC 2024,INFORM Sub-national SADC 2024,baseline
TZ16,Kigoma,TZ1602,Kasulu,Hazard & Exposure,Human hazards,hazard:conflictRisk,Conflict Risk,0.7,INFORM SADC 2024,INFORM Sub-national SADC 2024,baseline
TZ16,Kigoma,TZ1602,Kasulu,Hazard & Exposure,Human hazards,hazard:internalViolence,Internal Violence,9.65,INFORM SADC 2024,INFORM Sub-national SADC 2024,baseline
TZ16,Kigoma,TZ1602,Kasulu,Vulnerability,Socio-economic,vulnerability:developmentPoverty,Development Poverty,9.125,NBS,Household Budget Survey 2017/18,poverty headcount
TZ16,Kigoma,TZ1602,Kasulu,Vulnerability,Socio-economic,vulnerability:economicDependency,Economic Dependency,4.2,INFORM SADC 2024,INFORM Sub-national SADC 2024,baseline
TZ16,Kigoma,TZ1602,Kasulu,Vulnerability,Socio-economic,vulnerability:habitat,Habitat,4.75,INFORM SADC 2024,INFORM Sub-national SADC 2024,baseline
TZ16,Kigoma,TZ1602,Kasulu,Vulnerability,Socio-economic,vulnerability:livelihoods,Livelihoods,0,MUCHALI / IPC (MoA),IPC acute food-insecurity rounds,food-insecurity phase
TZ16,Kigoma,TZ1602,Kasulu,Vulnerability,Vulnerable groups,vulnerability:displacedPeople,Displaced People,0,INFORM SADC 2024,INFORM Sub-national SADC 2024,baseline
TZ16,Kigoma,TZ1602,Kasulu,Vulnerability,Vulnerable groups,vulnerability:healthConditions,Health Conditions,4.766666667,INFORM SADC 2024,INFORM Sub-national SADC 2024,baseline
TZ16,Kigoma,TZ1602,Kasulu,Vulnerability,Vulnerable groups,vulnerability:childrenHealthNutrition,Children Health Nutrition,7.5,MoH,TDHS 2022,under-5 stunting
TZ16,Kigoma,TZ1602,Kasulu,Lack of Coping Capacity,Infrastructure,coping:accessHealth,Access Health,5.76,MoH,2022 PHC health facilities,resource availability
TZ16,Kigoma,TZ1602,Kasulu,Lack of Coping Capacity,Infrastructure,coping:economicCapacity,Economic Capacity,9.4,INFORM SADC 2024,INFORM Sub-national SADC 2024,baseline
TZ16,Kigoma,TZ1602,Kasulu,Lack of Coping Capacity,Infrastructure,coping:wash,Wash,5.2,MoW,2022 PHC water points & boreholes,"resource availability, rank 2-8"
TZ16,Kigoma,TZ1602,Kasulu,Lack of Coping Capacity,Infrastructure,coping:communication,Communication,8.95,INFORM SADC 2024,INFORM Sub-national SADC 2024,baseline
TZ16,Kigoma,TZ1602,Kasulu,Lack of Coping Capacity,Infrastructure,coping:education,Education,6.3,NBS / MoH,2022 PHC schools,resource availability
TZ16,Kigoma,TZ1602,Kasulu,Lack of Coping Capacity,Institutional,coping:drrImplementation,Drr Implementation,6.5,PMO-DMD / DRR Coordinator,EPRP / EOCC / Anticipatory-Action records,DRM investment overlay
TZ16,Kigoma,TZ1602,Kasulu,Lack of Coping Capacity,Institutional,coping:governance,Governance,4.3,PMO-DMD,INFORM SADC governance,baseline
TZ16,Kigoma,TZ1603,Kigoma,Hazard & Exposure,Exposure,hazard:exposure,Population Exposure,5.53,NBS,2022 PHC population,"population density, log min-max"
TZ16,Kigoma,TZ1603,Kigoma,Hazard & Exposure,Natural hazards,hazard:coastalHazards,Coastal Hazards,0,TMA / PMO-DMD,coastal strip,documented overlay
TZ16,Kigoma,TZ1603,Kigoma,Hazard & Exposure,Natural hazards,hazard:drought,Drought,1.2,TMA / MoA,CHIRPS v3 1991-2024 + ERA5 t2m,"aridity+variability+SPEI+growing-season, min-max"
TZ16,Kigoma,TZ1603,Kigoma,Hazard & Exposure,Natural hazards,hazard:earthquake,Earthquake,10,INFORM SADC,INFORM seismic,baseline
TZ16,Kigoma,TZ1603,Kigoma,Hazard & Exposure,Natural hazards,hazard:environmentalDegradation,Environmental Degradation,3.8,INFORM SADC 2024,INFORM Sub-national SADC 2024,baseline
TZ16,Kigoma,TZ1603,Kigoma,Hazard & Exposure,Natural hazards,hazard:flood,Flood,7.5,PMO-DMD / TMA / MoW,CHIRPS v3 daily + recorded floods,"max(hazard, sqrt(hazard×exposure))"
TZ16,Kigoma,TZ1603,Kigoma,Hazard & Exposure,Natural hazards,hazard:landslide,Landslide,7.7,TMA / PMO-DMD,documented rainfall-triggered events,documented overlay
TZ16,Kigoma,TZ1603,Kigoma,Hazard & Exposure,Natural hazards,hazard:stormsCyclone,Storms Cyclone,0,TMA / PMO-DMD,Cyclone Hidaya 2024 + Lindi 1952 + Zanzibar 1872,documented cyclone/storm exposure overlay
TZ16,Kigoma,TZ1603,Kigoma,Hazard & Exposure,Natural hazards,hazard:volcano,Volcano,0,INFORM SADC 2024,INFORM Sub-national SADC 2024,baseline
TZ16,Kigoma,TZ1603,Kigoma,Hazard & Exposure,Natural hazards,hazard:wildfire,Wildfire,6.25,INFORM SADC 2024,INFORM Sub-national SADC 2024,baseline
TZ16,Kigoma,TZ1603,Kigoma,Hazard & Exposure,Human hazards,hazard:conflictIntensity,Conflict Intensity,0,INFORM SADC 2024,INFORM Sub-national SADC 2024,baseline
TZ16,Kigoma,TZ1603,Kigoma,Hazard & Exposure,Human hazards,hazard:conflictRisk,Conflict Risk,0.7,INFORM SADC 2024,INFORM Sub-national SADC 2024,baseline
TZ16,Kigoma,TZ1603,Kigoma,Hazard & Exposure,Human hazards,hazard:internalViolence,Internal Violence,9.65,INFORM SADC 2024,INFORM Sub-national SADC 2024,baseline
TZ16,Kigoma,TZ1603,Kigoma,Vulnerability,Socio-economic,vulnerability:developmentPoverty,Development Poverty,9.125,NBS,Household Budget Survey 2017/18,poverty headcount
TZ16,Kigoma,TZ1603,Kigoma,Vulnerability,Socio-economic,vulnerability:economicDependency,Economic Dependency,4.2,INFORM SADC 2024,INFORM Sub-national SADC 2024,baseline
TZ16,Kigoma,TZ1603,Kigoma,Vulnerability,Socio-economic,vulnerability:habitat,Habitat,4.75,INFORM SADC 2024,INFORM Sub-national SADC 2024,baseline
TZ16,Kigoma,TZ1603,Kigoma,Vulnerability,Socio-economic,vulnerability:livelihoods,Livelihoods,0,MUCHALI / IPC (MoA),IPC acute food-insecurity rounds,food-insecurity phase
TZ16,Kigoma,TZ1603,Kigoma,Vulnerability,Vulnerable groups,vulnerability:displacedPeople,Displaced People,0,INFORM SADC 2024,INFORM Sub-national SADC 2024,baseline
TZ16,Kigoma,TZ1603,Kigoma,Vulnerability,Vulnerable groups,vulnerability:healthConditions,Health Conditions,4.766666667,INFORM SADC 2024,INFORM Sub-national SADC 2024,baseline
TZ16,Kigoma,TZ1603,Kigoma,Vulnerability,Vulnerable groups,vulnerability:childrenHealthNutrition,Children Health Nutrition,7.5,MoH,TDHS 2022,under-5 stunting
TZ16,Kigoma,TZ1603,Kigoma,Lack of Coping Capacity,Infrastructure,coping:accessHealth,Access Health,5.76,MoH,2022 PHC health facilities,resource availability
TZ16,Kigoma,TZ1603,Kigoma,Lack of Coping Capacity,Infrastructure,coping:economicCapacity,Economic Capacity,9.4,INFORM SADC 2024,INFORM Sub-national SADC 2024,baseline
TZ16,Kigoma,TZ1603,Kigoma,Lack of Coping Capacity,Infrastructure,coping:wash,Wash,4.9,MoW,2022 PHC water points & boreholes,"resource availability, rank 2-8"
TZ16,Kigoma,TZ1603,Kigoma,Lack of Coping Capacity,Infrastructure,coping:communication,Communication,8.95,INFORM SADC 2024,INFORM Sub-national SADC 2024,baseline
TZ16,Kigoma,TZ1603,Kigoma,Lack of Coping Capacity,Infrastructure,coping:education,Education,6.3,NBS / MoH,2022 PHC schools,resource availability
TZ16,Kigoma,TZ1603,Kigoma,Lack of Coping Capacity,Institutional,coping:drrImplementation,Drr Implementation,6.5,PMO-DMD / DRR Coordinator,EPRP / EOCC / Anticipatory-Action records,DRM investment overlay
TZ16,Kigoma,TZ1603,Kigoma,Lack of Coping Capacity,Institutional,coping:governance,Governance,4.3,PMO-DMD,INFORM SADC governance,baseline
TZ16,Kigoma,TZ1604,Kigoma  Urban,Hazard & Exposure,Natural hazards,hazard:coastalHazards,Coastal Hazards,0,TMA / PMO-DMD,coastal strip,documented overlay
TZ16,Kigoma,TZ1604,Kigoma  Urban,Hazard & Exposure,Natural hazards,hazard:drought,Drought,0,TMA / MoA,CHIRPS v3 1991-2024 + ERA5 t2m,"aridity+variability+SPEI+growing-season, min-max"
TZ16,Kigoma,TZ1604,Kigoma  Urban,Hazard & Exposure,Natural hazards,hazard:earthquake,Earthquake,10,INFORM SADC,INFORM seismic,baseline
TZ16,Kigoma,TZ1604,Kigoma  Urban,Hazard & Exposure,Natural hazards,hazard:environmentalDegradation,Environmental Degradation,3.4,INFORM SADC 2024,INFORM Sub-national SADC 2024,baseline
TZ16,Kigoma,TZ1604,Kigoma  Urban,Hazard & Exposure,Natural hazards,hazard:flood,Flood,7.5,PMO-DMD / TMA / MoW,CHIRPS v3 daily + recorded floods,"max(hazard, sqrt(hazard×exposure))"
TZ16,Kigoma,TZ1604,Kigoma  Urban,Hazard & Exposure,Natural hazards,hazard:landslide,Landslide,4.7,TMA / PMO-DMD,documented rainfall-triggered events,documented overlay
TZ16,Kigoma,TZ1604,Kigoma  Urban,Hazard & Exposure,Natural hazards,hazard:stormsCyclone,Storms Cyclone,0,TMA / PMO-DMD,Cyclone Hidaya 2024 + Lindi 1952 + Zanzibar 1872,documented cyclone/storm exposure overlay
TZ16,Kigoma,TZ1604,Kigoma  Urban,Hazard & Exposure,Natural hazards,hazard:volcano,Volcano,0,INFORM SADC 2024,INFORM Sub-national SADC 2024,baseline
TZ16,Kigoma,TZ1604,Kigoma  Urban,Hazard & Exposure,Natural hazards,hazard:wildfire,Wildfire,6.25,INFORM SADC 2024,INFORM Sub-national SADC 2024,baseline
TZ16,Kigoma,TZ1604,Kigoma  Urban,Hazard & Exposure,Human hazards,hazard:conflictIntensity,Conflict Intensity,0,INFORM SADC 2024,INFORM Sub-national SADC 2024,baseline
TZ16,Kigoma,TZ1604,Kigoma  Urban,Hazard & Exposure,Human hazards,hazard:conflictRisk,Conflict Risk,0.7,INFORM SADC 2024,INFORM Sub-national SADC 2024,baseline
TZ16,Kigoma,TZ1604,Kigoma  Urban,Hazard & Exposure,Human hazards,hazard:internalViolence,Internal Violence,9.65,INFORM SADC 2024,INFORM Sub-national SADC 2024,baseline
TZ16,Kigoma,TZ1604,Kigoma  Urban,Vulnerability,Socio-economic,vulnerability:developmentPoverty,Development Poverty,9.125,NBS,Household Budget Survey 2017/18,poverty headcount
TZ16,Kigoma,TZ1604,Kigoma  Urban,Vulnerability,Socio-economic,vulnerability:economicDependency,Economic Dependency,4.2,INFORM SADC 2024,INFORM Sub-national SADC 2024,baseline
TZ16,Kigoma,TZ1604,Kigoma  Urban,Vulnerability,Socio-economic,vulnerability:habitat,Habitat,4.75,INFORM SADC 2024,INFORM Sub-national SADC 2024,baseline
TZ16,Kigoma,TZ1604,Kigoma  Urban,Vulnerability,Socio-economic,vulnerability:livelihoods,Livelihoods,0,MUCHALI / IPC (MoA),IPC acute food-insecurity rounds,food-insecurity phase
TZ16,Kigoma,TZ1604,Kigoma  Urban,Vulnerability,Vulnerable groups,vulnerability:displacedPeople,Displaced People,0,INFORM SADC 2024,INFORM Sub-national SADC 2024,baseline
TZ16,Kigoma,TZ1604,Kigoma  Urban,Vulnerability,Vulnerable groups,vulnerability:healthConditions,Health Conditions,4.766666667,INFORM SADC 2024,INFORM Sub-national SADC 2024,baseline
TZ16,Kigoma,TZ1604,Kigoma  Urban,Vulnerability,Vulnerable groups,vulnerability:childrenHealthNutrition,Children Health Nutrition,7.5,MoH,TDHS 2022,under-5 stunting
TZ16,Kigoma,TZ1604,Kigoma  Urban,Lack of Coping Capacity,Infrastructure,coping:accessHealth,Access Health,5.76,MoH,2022 PHC health facilities,resource availability
TZ16,Kigoma,TZ1604,Kigoma  Urban,Lack of Coping Capacity,Infrastructure,coping:economicCapacity,Economic Capacity,9.4,INFORM SADC 2024,INFORM Sub-national SADC 2024,baseline
TZ16,Kigoma,TZ1604,Kigoma  Urban,Lack of Coping Capacity,Infrastructure,coping:wash,Wash,7,MoW,2022 PHC water points & boreholes,"resource availability, rank 2-8"
TZ16,Kigoma,TZ1604,Kigoma  Urban,Lack of Coping Capacity,Infrastructure,coping:communication,Communication,8.95,INFORM SADC 2024,INFORM Sub-national SADC 2024,baseline
TZ16,Kigoma,TZ1604,Kigoma  Urban,Lack of Coping Capacity,Infrastructure,coping:education,Education,6.3,NBS / MoH,2022 PHC schools,resource availability
TZ16,Kigoma,TZ1604,Kigoma  Urban,Lack of Coping Capacity,Institutional,coping:drrImplementation,Drr Implementation,6.5,PMO-DMD / DRR Coordinator,EPRP / EOCC / Anticipatory-Action records,DRM investment overlay
TZ16,Kigoma,TZ1604,Kigoma  Urban,Lack of Coping Capacity,Institutional,coping:governance,Governance,4.3,PMO-DMD,INFORM SADC governance,baseline
TZ16,Kigoma,TZ1605,Uvinza,Hazard & Exposure,Exposure,hazard:exposure,Population Exposure,2.96,NBS,2022 PHC population,"population density, log min-max"
TZ16,Kigoma,TZ1605,Uvinza,Hazard & Exposure,Natural hazards,hazard:coastalHazards,Coastal Hazards,0,TMA / PMO-DMD,coastal strip,documented overlay
TZ16,Kigoma,TZ1605,Uvinza,Hazard & Exposure,Natural hazards,hazard:drought,Drought,0.8,TMA / MoA,CHIRPS v3 1991-2024 + ERA5 t2m,"aridity+variability+SPEI+growing-season, min-max"
TZ16,Kigoma,TZ1605,Uvinza,Hazard & Exposure,Natural hazards,hazard:earthquake,Earthquake,9.7,INFORM SADC,INFORM seismic,baseline
TZ16,Kigoma,TZ1605,Uvinza,Hazard & Exposure,Natural hazards,hazard:environmentalDegradation,Environmental Degradation,4.8,INFORM SADC 2024,INFORM Sub-national SADC 2024,baseline
TZ16,Kigoma,TZ1605,Uvinza,Hazard & Exposure,Natural hazards,hazard:flood,Flood,8.1,PMO-DMD / TMA / MoW,CHIRPS v3 daily + recorded floods,"max(hazard, sqrt(hazard×exposure))"
TZ16,Kigoma,TZ1605,Uvinza,Hazard & Exposure,Natural hazards,hazard:landslide,Landslide,6.8,TMA / PMO-DMD,documented rainfall-triggered events,documented overlay
TZ16,Kigoma,TZ1605,Uvinza,Hazard & Exposure,Natural hazards,hazard:stormsCyclone,Storms Cyclone,0,TMA / PMO-DMD,Cyclone Hidaya 2024 + Lindi 1952 + Zanzibar 1872,documented cyclone/storm exposure overlay
TZ16,Kigoma,TZ1605,Uvinza,Hazard & Exposure,Natural hazards,hazard:volcano,Volcano,0,INFORM SADC 2024,INFORM Sub-national SADC 2024,baseline
TZ16,Kigoma,TZ1605,Uvinza,Hazard & Exposure,Natural hazards,hazard:wildfire,Wildfire,6.25,INFORM SADC 2024,INFORM Sub-national SADC 2024,baseline
TZ16,Kigoma,TZ1605,Uvinza,Hazard & Exposure,Human hazards,hazard:conflictIntensity,Conflict Intensity,0,INFORM SADC 2024,INFORM Sub-national SADC 2024,baseline
TZ16,Kigoma,TZ1605,Uvinza,Hazard & Exposure,Human hazards,hazard:conflictRisk,Conflict Risk,0.7,INFORM SADC 2024,INFORM Sub-national SADC 2024,baseline
TZ16,Kigoma,TZ1605,Uvinza,Hazard & Exposure,Human hazards,hazard:internalViolence,Internal Violence,9.65,INFORM SADC 2024,INFORM Sub-national SADC 2024,baseline
TZ16,Kigoma,TZ1605,Uvinza,Vulnerability,Socio-economic,vulnerability:developmentPoverty,Development Poverty,9.125,NBS,Household Budget Survey 2017/18,poverty headcount
TZ16,Kigoma,TZ1605,Uvinza,Vulnerability,Socio-economic,vulnerability:economicDependency,Economic Dependency,4.2,INFORM SADC 2024,INFORM Sub-national SADC 2024,baseline
TZ16,Kigoma,TZ1605,Uvinza,Vulnerability,Socio-economic,vulnerability:habitat,Habitat,4.75,INFORM SADC 2024,INFORM Sub-national SADC 2024,baseline
TZ16,Kigoma,TZ1605,Uvinza,Vulnerability,Socio-economic,vulnerability:livelihoods,Livelihoods,0,MUCHALI / IPC (MoA),IPC acute food-insecurity rounds,food-insecurity phase
TZ16,Kigoma,TZ1605,Uvinza,Vulnerability,Vulnerable groups,vulnerability:displacedPeople,Displaced People,0,INFORM SADC 2024,INFORM Sub-national SADC 2024,baseline
TZ16,Kigoma,TZ1605,Uvinza,Vulnerability,Vulnerable groups,vulnerability:healthConditions,Health Conditions,4.766666667,INFORM SADC 2024,INFORM Sub-national SADC 2024,baseline
TZ16,Kigoma,TZ1605,Uvinza,Vulnerability,Vulnerable groups,vulnerability:childrenHealthNutrition,Children Health Nutrition,7.5,MoH,TDHS 2022,under-5 stunting
TZ16,Kigoma,TZ1605,Uvinza,Lack of Coping Capacity,Infrastructure,coping:accessHealth,Access Health,5.76,MoH,2022 PHC health facilities,resource availability
TZ16,Kigoma,TZ1605,Uvinza,Lack of Coping Capacity,Infrastructure,coping:economicCapacity,Economic Capacity,9.4,INFORM SADC 2024,INFORM Sub-national SADC 2024,baseline
TZ16,Kigoma,TZ1605,Uvinza,Lack of Coping Capacity,Infrastructure,coping:wash,Wash,5.8,MoW,2022 PHC water points & boreholes,"resource availability, rank 2-8"
TZ16,Kigoma,TZ1605,Uvinza,Lack of Coping Capacity,Infrastructure,coping:communication,Communication,8.95,INFORM SADC 2024,INFORM Sub-national SADC 2024,baseline
TZ16,Kigoma,TZ1605,Uvinza,Lack of Coping Capacity,Infrastructure,coping:education,Education,6.3,NBS / MoH,2022 PHC schools,resource availability
TZ16,Kigoma,TZ1605,Uvinza,Lack of Coping Capacity,Institutional,coping:drrImplementation,Drr Implementation,6.5,PMO-DMD / DRR Coordinator,EPRP / EOCC / Anticipatory-Action records,DRM investment overlay
TZ16,Kigoma,TZ1605,Uvinza,Lack of Coping Capacity,Institutional,coping:governance,Governance,4.3,PMO-DMD,INFORM SADC governance,baseline
TZ16,Kigoma,TZ1606,Buhigwe,Hazard & Exposure,Exposure,hazard:exposure,Population Exposure,4.51,NBS,2022 PHC population,"population density, log min-max"
TZ16,Kigoma,TZ1606,Buhigwe,Hazard & Exposure,Natural hazards,hazard:coastalHazards,Coastal Hazards,0,TMA / PMO-DMD,coastal strip,documented overlay
TZ16,Kigoma,TZ1606,Buhigwe,Hazard & Exposure,Natural hazards,hazard:drought,Drought,0.6,TMA / MoA,CHIRPS v3 1991-2024 + ERA5 t2m,"aridity+variability+SPEI+growing-season, min-max"
TZ16,Kigoma,TZ1606,Buhigwe,Hazard & Exposure,Natural hazards,hazard:earthquake,Earthquake,10,INFORM SADC,INFORM seismic,baseline
TZ16,Kigoma,TZ1606,Buhigwe,Hazard & Exposure,Natural hazards,hazard:environmentalDegradation,Environmental Degradation,2.75,INFORM SADC 2024,INFORM Sub-national SADC 2024,baseline
TZ16,Kigoma,TZ1606,Buhigwe,Hazard & Exposure,Natural hazards,hazard:flood,Flood,7.5,PMO-DMD / TMA / MoW,CHIRPS v3 daily + recorded floods,"max(hazard, sqrt(hazard×exposure))"
TZ16,Kigoma,TZ1606,Buhigwe,Hazard & Exposure,Natural hazards,hazard:landslide,Landslide,6,TMA / PMO-DMD,documented rainfall-triggered events,documented overlay
TZ16,Kigoma,TZ1606,Buhigwe,Hazard & Exposure,Natural hazards,hazard:stormsCyclone,Storms Cyclone,0,TMA / PMO-DMD,Cyclone Hidaya 2024 + Lindi 1952 + Zanzibar 1872,documented cyclone/storm exposure overlay
TZ16,Kigoma,TZ1606,Buhigwe,Hazard & Exposure,Natural hazards,hazard:volcano,Volcano,0,INFORM SADC 2024,INFORM Sub-national SADC 2024,baseline
TZ16,Kigoma,TZ1606,Buhigwe,Hazard & Exposure,Natural hazards,hazard:wildfire,Wildfire,6.25,INFORM SADC 2024,INFORM Sub-national SADC 2024,baseline
TZ16,Kigoma,TZ1606,Buhigwe,Hazard & Exposure,Human hazards,hazard:conflictIntensity,Conflict Intensity,0,INFORM SADC 2024,INFORM Sub-national SADC 2024,baseline
TZ16,Kigoma,TZ1606,Buhigwe,Hazard & Exposure,Human hazards,hazard:conflictRisk,Conflict Risk,0.7,INFORM SADC 2024,INFORM Sub-national SADC 2024,baseline
TZ16,Kigoma,TZ1606,Buhigwe,Hazard & Exposure,Human hazards,hazard:internalViolence,Internal Violence,9.65,INFORM SADC 2024,INFORM Sub-national SADC 2024,baseline
TZ16,Kigoma,TZ1606,Buhigwe,Vulnerability,Socio-economic,vulnerability:developmentPoverty,Development Poverty,9.125,NBS,Household Budget Survey 2017/18,poverty headcount
TZ16,Kigoma,TZ1606,Buhigwe,Vulnerability,Socio-economic,vulnerability:economicDependency,Economic Dependency,4.2,INFORM SADC 2024,INFORM Sub-national SADC 2024,baseline
TZ16,Kigoma,TZ1606,Buhigwe,Vulnerability,Socio-economic,vulnerability:habitat,Habitat,4.75,INFORM SADC 2024,INFORM Sub-national SADC 2024,baseline
TZ16,Kigoma,TZ1606,Buhigwe,Vulnerability,Socio-economic,vulnerability:livelihoods,Livelihoods,0,MUCHALI / IPC (MoA),IPC acute food-insecurity rounds,food-insecurity phase
TZ16,Kigoma,TZ1606,Buhigwe,Vulnerability,Vulnerable groups,vulnerability:displacedPeople,Displaced People,0,INFORM SADC 2024,INFORM Sub-national SADC 2024,baseline
TZ16,Kigoma,TZ1606,Buhigwe,Vulnerability,Vulnerable groups,vulnerability:healthConditions,Health Conditions,4.766666667,INFORM SADC 2024,INFORM Sub-national SADC 2024,baseline
TZ16,Kigoma,TZ1606,Buhigwe,Vulnerability,Vulnerable groups,vulnerability:childrenHealthNutrition,Children Health Nutrition,7.5,MoH,TDHS 2022,under-5 stunting
TZ16,Kigoma,TZ1606,Buhigwe,Lack of Coping Capacity,Infrastructure,coping:accessHealth,Access Health,5.76,MoH,2022 PHC health facilities,resource availability
TZ16,Kigoma,TZ1606,Buhigwe,Lack of Coping Capacity,Infrastructure,coping:economicCapacity,Economic Capacity,9.4,INFORM SADC 2024,INFORM Sub-national SADC 2024,baseline
TZ16,Kigoma,TZ1606,Buhigwe,Lack of Coping Capacity,Infrastructure,coping:wash,Wash,7.4,MoW,2022 PHC water points & boreholes,"resource availability, rank 2-8"
TZ16,Kigoma,TZ1606,Buhigwe,Lack of Coping Capacity,Infrastructure,coping:communication,Communication,8.95,INFORM SADC 2024,INFORM Sub-national SADC 2024,baseline
TZ16,Kigoma,TZ1606,Buhigwe,Lack of Coping Capacity,Infrastructure,coping:education,Education,6.3,NBS / MoH,2022 PHC schools,resource availability
TZ16,Kigoma,TZ1606,Buhigwe,Lack of Coping Capacity,Institutional,coping:drrImplementation,Drr Implementation,6.5,PMO-DMD / DRR Coordinator,EPRP / EOCC / Anticipatory-Action records,DRM investment overlay
TZ16,Kigoma,TZ1606,Buhigwe,Lack of Coping Capacity,Institutional,coping:governance,Governance,4.3,PMO-DMD,INFORM SADC governance,baseline
TZ16,Kigoma,TZ1607,Kakonko,Hazard & Exposure,Exposure,hazard:exposure,Population Exposure,3.69,NBS,2022 PHC population,"population density, log min-max"
TZ16,Kigoma,TZ1607,Kakonko,Hazard & Exposure,Natural hazards,hazard:coastalHazards,Coastal Hazards,0,TMA / PMO-DMD,coastal strip,documented overlay
TZ16,Kigoma,TZ1607,Kakonko,Hazard & Exposure,Natural hazards,hazard:drought,Drought,1.9,TMA / MoA,CHIRPS v3 1991-2024 + ERA5 t2m,"aridity+variability+SPEI+growing-season, min-max"
TZ16,Kigoma,TZ1607,Kakonko,Hazard & Exposure,Natural hazards,hazard:earthquake,Earthquake,6,INFORM SADC,INFORM seismic,baseline
TZ16,Kigoma,TZ1607,Kakonko,Hazard & Exposure,Natural hazards,hazard:environmentalDegradation,Environmental Degradation,4.2,INFORM SADC 2024,INFORM Sub-national SADC 2024,baseline
TZ16,Kigoma,TZ1607,Kakonko,Hazard & Exposure,Natural hazards,hazard:flood,Flood,7.5,PMO-DMD / TMA / MoW,CHIRPS v3 daily + recorded floods,"max(hazard, sqrt(hazard×exposure))"
TZ16,Kigoma,TZ1607,Kakonko,Hazard & Exposure,Natural hazards,hazard:landslide,Landslide,0,TMA / PMO-DMD,documented rainfall-triggered events,documented overlay
TZ16,Kigoma,TZ1607,Kakonko,Hazard & Exposure,Natural hazards,hazard:stormsCyclone,Storms Cyclone,0,TMA / PMO-DMD,Cyclone Hidaya 2024 + Lindi 1952 + Zanzibar 1872,documented cyclone/storm exposure overlay
TZ16,Kigoma,TZ1607,Kakonko,Hazard & Exposure,Natural hazards,hazard:volcano,Volcano,0,INFORM SADC 2024,INFORM Sub-national SADC 2024,baseline
TZ16,Kigoma,TZ1607,Kakonko,Hazard & Exposure,Natural hazards,hazard:wildfire,Wildfire,6.25,INFORM SADC 2024,INFORM Sub-national SADC 2024,baseline
TZ16,Kigoma,TZ1607,Kakonko,Hazard & Exposure,Human hazards,hazard:conflictIntensity,Conflict Intensity,0,INFORM SADC 2024,INFORM Sub-national SADC 2024,baseline
TZ16,Kigoma,TZ1607,Kakonko,Hazard & Exposure,Human hazards,hazard:conflictRisk,Conflict Risk,0.7,INFORM SADC 2024,INFORM Sub-national SADC 2024,baseline
TZ16,Kigoma,TZ1607,Kakonko,Hazard & Exposure,Human hazards,hazard:internalViolence,Internal Violence,9.65,INFORM SADC 2024,INFORM Sub-national SADC 2024,baseline
TZ16,Kigoma,TZ1607,Kakonko,Vulnerability,Socio-economic,vulnerability:developmentPoverty,Development Poverty,9.125,NBS,Household Budget Survey 2017/18,poverty headcount
TZ16,Kigoma,TZ1607,Kakonko,Vulnerability,Socio-economic,vulnerability:economicDependency,Economic Dependency,4.2,INFORM SADC 2024,INFORM Sub-national SADC 2024,baseline
TZ16,Kigoma,TZ1607,Kakonko,Vulnerability,Socio-economic,vulnerability:habitat,Habitat,4.75,INFORM SADC 2024,INFORM Sub-national SADC 2024,baseline
TZ16,Kigoma,TZ1607,Kakonko,Vulnerability,Socio-economic,vulnerability:livelihoods,Livelihoods,0,MUCHALI / IPC (MoA),IPC acute food-insecurity rounds,food-insecurity phase
TZ16,Kigoma,TZ1607,Kakonko,Vulnerability,Vulnerable groups,vulnerability:displacedPeople,Displaced People,0,INFORM SADC 2024,INFORM Sub-national SADC 2024,baseline
TZ16,Kigoma,TZ1607,Kakonko,Vulnerability,Vulnerable groups,vulnerability:healthConditions,Health Conditions,4.766666667,INFORM SADC 2024,INFORM Sub-national SADC 2024,baseline
TZ16,Kigoma,TZ1607,Kakonko,Vulnerability,Vulnerable groups,vulnerability:childrenHealthNutrition,Children Health Nutrition,7.5,MoH,TDHS 2022,under-5 stunting
TZ16,Kigoma,TZ1607,Kakonko,Lack of Coping Capacity,Infrastructure,coping:accessHealth,Access Health,5.76,MoH,2022 PHC health facilities,resource availability
TZ16,Kigoma,TZ1607,Kakonko,Lack of Coping Capacity,Infrastructure,coping:economicCapacity,Economic Capacity,9.4,INFORM SADC 2024,INFORM Sub-national SADC 2024,baseline
TZ16,Kigoma,TZ1607,Kakonko,Lack of Coping Capacity,Infrastructure,coping:wash,Wash,7.3,MoW,2022 PHC water points & boreholes,"resource availability, rank 2-8"
TZ16,Kigoma,TZ1607,Kakonko,Lack of Coping Capacity,Infrastructure,coping:communication,Communication,8.95,INFORM SADC 2024,INFORM Sub-national SADC 2024,baseline
TZ16,Kigoma,TZ1607,Kakonko,Lack of Coping Capacity,Infrastructure,coping:education,Education,6.3,NBS / MoH,2022 PHC schools,resource availability
TZ16,Kigoma,TZ1607,Kakonko,Lack of Coping Capacity,Institutional,coping:drrImplementation,Drr Implementation,6.5,PMO-DMD / DRR Coordinator,EPRP / EOCC / Anticipatory-Action records,DRM investment overlay
TZ16,Kigoma,TZ1607,Kakonko,Lack of Coping Capacity,Institutional,coping:governance,Governance,4.3,PMO-DMD,INFORM SADC governance,baseline
TZ16,Kigoma,TZ1608,Kasulu Township Authority,Hazard & Exposure,Natural hazards,hazard:coastalHazards,Coastal Hazards,0,TMA / PMO-DMD,coastal strip,documented overlay
TZ16,Kigoma,TZ1608,Kasulu Township Authority,Hazard & Exposure,Natural hazards,hazard:drought,Drought,0,TMA / MoA,CHIRPS v3 1991-2024 + ERA5 t2m,"aridity+variability+SPEI+growing-season, min-max"
TZ16,Kigoma,TZ1608,Kasulu Township Authority,Hazard & Exposure,Natural hazards,hazard:earthquake,Earthquake,10,INFORM SADC,INFORM seismic,baseline
TZ16,Kigoma,TZ1608,Kasulu Township Authority,Hazard & Exposure,Natural hazards,hazard:environmentalDegradation,Environmental Degradation,3.35,INFORM SADC 2024,INFORM Sub-national SADC 2024,baseline
TZ16,Kigoma,TZ1608,Kasulu Township Authority,Hazard & Exposure,Natural hazards,hazard:flood,Flood,7.5,PMO-DMD / TMA / MoW,CHIRPS v3 daily + recorded floods,"max(hazard, sqrt(hazard×exposure))"
TZ16,Kigoma,TZ1608,Kasulu Township Authority,Hazard & Exposure,Natural hazards,hazard:landslide,Landslide,1.5,TMA / PMO-DMD,documented rainfall-triggered events,documented overlay
TZ16,Kigoma,TZ1608,Kasulu Township Authority,Hazard & Exposure,Natural hazards,hazard:stormsCyclone,Storms Cyclone,0,TMA / PMO-DMD,Cyclone Hidaya 2024 + Lindi 1952 + Zanzibar 1872,documented cyclone/storm exposure overlay
TZ16,Kigoma,TZ1608,Kasulu Township Authority,Hazard & Exposure,Natural hazards,hazard:volcano,Volcano,0,INFORM SADC 2024,INFORM Sub-national SADC 2024,baseline
TZ16,Kigoma,TZ1608,Kasulu Township Authority,Hazard & Exposure,Natural hazards,hazard:wildfire,Wildfire,6.25,INFORM SADC 2024,INFORM Sub-national SADC 2024,baseline
TZ16,Kigoma,TZ1608,Kasulu Township Authority,Hazard & Exposure,Human hazards,hazard:conflictIntensity,Conflict Intensity,0,INFORM SADC 2024,INFORM Sub-national SADC 2024,baseline
TZ16,Kigoma,TZ1608,Kasulu Township Authority,Hazard & Exposure,Human hazards,hazard:conflictRisk,Conflict Risk,0.7,INFORM SADC 2024,INFORM Sub-national SADC 2024,baseline
TZ16,Kigoma,TZ1608,Kasulu Township Authority,Hazard & Exposure,Human hazards,hazard:internalViolence,Internal Violence,9.65,INFORM SADC 2024,INFORM Sub-national SADC 2024,baseline
TZ16,Kigoma,TZ1608,Kasulu Township Authority,Vulnerability,Socio-economic,vulnerability:developmentPoverty,Development Poverty,9.125,NBS,Household Budget Survey 2017/18,poverty headcount
TZ16,Kigoma,TZ1608,Kasulu Township Authority,Vulnerability,Socio-economic,vulnerability:economicDependency,Economic Dependency,4.2,INFORM SADC 2024,INFORM Sub-national SADC 2024,baseline
TZ16,Kigoma,TZ1608,Kasulu Township Authority,Vulnerability,Socio-economic,vulnerability:habitat,Habitat,4.75,INFORM SADC 2024,INFORM Sub-national SADC 2024,baseline
TZ16,Kigoma,TZ1608,Kasulu Township Authority,Vulnerability,Socio-economic,vulnerability:livelihoods,Livelihoods,0,MUCHALI / IPC (MoA),IPC acute food-insecurity rounds,food-insecurity phase
TZ16,Kigoma,TZ1608,Kasulu Township Authority,Vulnerability,Vulnerable groups,vulnerability:displacedPeople,Displaced People,0,INFORM SADC 2024,INFORM Sub-national SADC 2024,baseline
TZ16,Kigoma,TZ1608,Kasulu Township Authority,Vulnerability,Vulnerable groups,vulnerability:healthConditions,Health Conditions,4.766666667,INFORM SADC 2024,INFORM Sub-national SADC 2024,baseline
TZ16,Kigoma,TZ1608,Kasulu Township Authority,Vulnerability,Vulnerable groups,vulnerability:childrenHealthNutrition,Children Health Nutrition,7.5,MoH,TDHS 2022,under-5 stunting
TZ16,Kigoma,TZ1608,Kasulu Township Authority,Lack of Coping Capacity,Infrastructure,coping:accessHealth,Access Health,5.76,MoH,2022 PHC health facilities,resource availability
TZ16,Kigoma,TZ1608,Kasulu Township Authority,Lack of Coping Capacity,Infrastructure,coping:economicCapacity,Economic Capacity,9.4,INFORM SADC 2024,INFORM Sub-national SADC 2024,baseline
TZ16,Kigoma,TZ1608,Kasulu Township Authority,Lack of Coping Capacity,Infrastructure,coping:wash,Wash,7,MoW,2022 PHC water points & boreholes,"resource availability, rank 2-8"
TZ16,Kigoma,TZ1608,Kasulu Township Authority,Lack of Coping Capacity,Infrastructure,coping:communication,Communication,8.95,INFORM SADC 2024,INFORM Sub-national SADC 2024,baseline
TZ16,Kigoma,TZ1608,Kasulu Township Authority,Lack of Coping Capacity,Infrastructure,coping:education,Education,6.3,NBS / MoH,2022 PHC schools,resource availability
TZ16,Kigoma,TZ1608,Kasulu Township Authority,Lack of Coping Capacity,Institutional,coping:drrImplementation,Drr Implementation,6.5,PMO-DMD / DRR Coordinator,EPRP / EOCC / Anticipatory-Action records,DRM investment overlay
TZ16,Kigoma,TZ1608,Kasulu Township Authority,Lack of Coping Capacity,Institutional,coping:governance,Governance,4.3,PMO-DMD,INFORM SADC governance,baseline
TZ17,Shinyanga,TZ1701,Shinyanga Urban,Hazard & Exposure,Natural hazards,hazard:coastalHazards,Coastal Hazards,0,TMA / PMO-DMD,coastal strip,documented overlay
TZ17,Shinyanga,TZ1701,Shinyanga Urban,Hazard & Exposure,Natural hazards,hazard:drought,Drought,7,TMA / MoA,CHIRPS v3 1991-2024 + ERA5 t2m,"aridity+variability+SPEI+growing-season, min-max"
TZ17,Shinyanga,TZ1701,Shinyanga Urban,Hazard & Exposure,Natural hazards,hazard:earthquake,Earthquake,10,INFORM SADC,INFORM seismic,baseline
TZ17,Shinyanga,TZ1701,Shinyanga Urban,Hazard & Exposure,Natural hazards,hazard:environmentalDegradation,Environmental Degradation,0.55,INFORM SADC 2024,INFORM Sub-national SADC 2024,baseline
TZ17,Shinyanga,TZ1701,Shinyanga Urban,Hazard & Exposure,Natural hazards,hazard:flood,Flood,7.4,PMO-DMD / TMA / MoW,CHIRPS v3 daily + recorded floods,"max(hazard, sqrt(hazard×exposure))"
TZ17,Shinyanga,TZ1701,Shinyanga Urban,Hazard & Exposure,Natural hazards,hazard:landslide,Landslide,0,TMA / PMO-DMD,documented rainfall-triggered events,documented overlay
TZ17,Shinyanga,TZ1701,Shinyanga Urban,Hazard & Exposure,Natural hazards,hazard:stormsCyclone,Storms Cyclone,0,TMA / PMO-DMD,Cyclone Hidaya 2024 + Lindi 1952 + Zanzibar 1872,documented cyclone/storm exposure overlay
TZ17,Shinyanga,TZ1701,Shinyanga Urban,Hazard & Exposure,Natural hazards,hazard:volcano,Volcano,0,INFORM SADC 2024,INFORM Sub-national SADC 2024,baseline
TZ17,Shinyanga,TZ1701,Shinyanga Urban,Hazard & Exposure,Natural hazards,hazard:wildfire,Wildfire,4.55,INFORM SADC 2024,INFORM Sub-national SADC 2024,baseline
TZ17,Shinyanga,TZ1701,Shinyanga Urban,Hazard & Exposure,Human hazards,hazard:conflictIntensity,Conflict Intensity,0,INFORM SADC 2024,INFORM Sub-national SADC 2024,baseline
TZ17,Shinyanga,TZ1701,Shinyanga Urban,Hazard & Exposure,Human hazards,hazard:conflictRisk,Conflict Risk,0.7,INFORM SADC 2024,INFORM Sub-national SADC 2024,baseline
TZ17,Shinyanga,TZ1701,Shinyanga Urban,Hazard & Exposure,Human hazards,hazard:internalViolence,Internal Violence,4.9,INFORM SADC 2024,INFORM Sub-national SADC 2024,baseline
TZ17,Shinyanga,TZ1701,Shinyanga Urban,Vulnerability,Socio-economic,vulnerability:developmentPoverty,Development Poverty,8.95,NBS,Household Budget Survey 2017/18,poverty headcount
TZ17,Shinyanga,TZ1701,Shinyanga Urban,Vulnerability,Socio-economic,vulnerability:economicDependency,Economic Dependency,4.233333333,INFORM SADC 2024,INFORM Sub-national SADC 2024,baseline
TZ17,Shinyanga,TZ1701,Shinyanga Urban,Vulnerability,Socio-economic,vulnerability:habitat,Habitat,4.55,INFORM SADC 2024,INFORM Sub-national SADC 2024,baseline
TZ17,Shinyanga,TZ1701,Shinyanga Urban,Vulnerability,Socio-economic,vulnerability:livelihoods,Livelihoods,5,MUCHALI / IPC (MoA),IPC acute food-insecurity rounds,food-insecurity phase
TZ17,Shinyanga,TZ1701,Shinyanga Urban,Vulnerability,Vulnerable groups,vulnerability:displacedPeople,Displaced People,0,INFORM SADC 2024,INFORM Sub-national SADC 2024,baseline
TZ17,Shinyanga,TZ1701,Shinyanga Urban,Vulnerability,Vulnerable groups,vulnerability:healthConditions,Health Conditions,5.7,INFORM SADC 2024,INFORM Sub-national SADC 2024,baseline
TZ17,Shinyanga,TZ1701,Shinyanga Urban,Vulnerability,Vulnerable groups,vulnerability:childrenHealthNutrition,Children Health Nutrition,5.675,MoH,TDHS 2022,under-5 stunting
TZ17,Shinyanga,TZ1701,Shinyanga Urban,Lack of Coping Capacity,Infrastructure,coping:accessHealth,Access Health,8.58,MoH,2022 PHC health facilities,resource availability
TZ17,Shinyanga,TZ1701,Shinyanga Urban,Lack of Coping Capacity,Infrastructure,coping:economicCapacity,Economic Capacity,8.933333333,INFORM SADC 2024,INFORM Sub-national SADC 2024,baseline
TZ17,Shinyanga,TZ1701,Shinyanga Urban,Lack of Coping Capacity,Infrastructure,coping:wash,Wash,7,MoW,2022 PHC water points & boreholes,"resource availability, rank 2-8"
TZ17,Shinyanga,TZ1701,Shinyanga Urban,Lack of Coping Capacity,Infrastructure,coping:communication,Communication,7.1,INFORM SADC 2024,INFORM Sub-national SADC 2024,baseline
TZ17,Shinyanga,TZ1701,Shinyanga Urban,Lack of Coping Capacity,Infrastructure,coping:education,Education,6.3,NBS / MoH,2022 PHC schools,resource availability
TZ17,Shinyanga,TZ1701,Shinyanga Urban,Lack of Coping Capacity,Institutional,coping:drrImplementation,Drr Implementation,6.5,PMO-DMD / DRR Coordinator,EPRP / EOCC / Anticipatory-Action records,DRM investment overlay
TZ17,Shinyanga,TZ1701,Shinyanga Urban,Lack of Coping Capacity,Institutional,coping:governance,Governance,4.9,PMO-DMD,INFORM SADC governance,baseline
TZ17,Shinyanga,TZ1702,Kishapu,Hazard & Exposure,Exposure,hazard:exposure,Population Exposure,3.66,NBS,2022 PHC population,"population density, log min-max"
TZ17,Shinyanga,TZ1702,Kishapu,Hazard & Exposure,Natural hazards,hazard:coastalHazards,Coastal Hazards,0,TMA / PMO-DMD,coastal strip,documented overlay
TZ17,Shinyanga,TZ1702,Kishapu,Hazard & Exposure,Natural hazards,hazard:drought,Drought,7,TMA / MoA,CHIRPS v3 1991-2024 + ERA5 t2m,"aridity+variability+SPEI+growing-season, min-max"
TZ17,Shinyanga,TZ1702,Kishapu,Hazard & Exposure,Natural hazards,hazard:earthquake,Earthquake,9.9,INFORM SADC,INFORM seismic,baseline
TZ17,Shinyanga,TZ1702,Kishapu,Hazard & Exposure,Natural hazards,hazard:environmentalDegradation,Environmental Degradation,0.9,INFORM SADC 2024,INFORM Sub-national SADC 2024,baseline
TZ17,Shinyanga,TZ1702,Kishapu,Hazard & Exposure,Natural hazards,hazard:flood,Flood,7.4,PMO-DMD / TMA / MoW,CHIRPS v3 daily + recorded floods,"max(hazard, sqrt(hazard×exposure))"
TZ17,Shinyanga,TZ1702,Kishapu,Hazard & Exposure,Natural hazards,hazard:landslide,Landslide,0,TMA / PMO-DMD,documented rainfall-triggered events,documented overlay
TZ17,Shinyanga,TZ1702,Kishapu,Hazard & Exposure,Natural hazards,hazard:stormsCyclone,Storms Cyclone,0,TMA / PMO-DMD,Cyclone Hidaya 2024 + Lindi 1952 + Zanzibar 1872,documented cyclone/storm exposure overlay
TZ17,Shinyanga,TZ1702,Kishapu,Hazard & Exposure,Natural hazards,hazard:volcano,Volcano,0,INFORM SADC 2024,INFORM Sub-national SADC 2024,baseline
TZ17,Shinyanga,TZ1702,Kishapu,Hazard & Exposure,Natural hazards,hazard:wildfire,Wildfire,4.55,INFORM SADC 2024,INFORM Sub-national SADC 2024,baseline
TZ17,Shinyanga,TZ1702,Kishapu,Hazard & Exposure,Human hazards,hazard:conflictIntensity,Conflict Intensity,0,INFORM SADC 2024,INFORM Sub-national SADC 2024,baseline
TZ17,Shinyanga,TZ1702,Kishapu,Hazard & Exposure,Human hazards,hazard:conflictRisk,Conflict Risk,0.7,INFORM SADC 2024,INFORM Sub-national SADC 2024,baseline
TZ17,Shinyanga,TZ1702,Kishapu,Hazard & Exposure,Human hazards,hazard:internalViolence,Internal Violence,4.9,INFORM SADC 2024,INFORM Sub-national SADC 2024,baseline
TZ17,Shinyanga,TZ1702,Kishapu,Vulnerability,Socio-economic,vulnerability:developmentPoverty,Development Poverty,8.95,NBS,Household Budget Survey 2017/18,poverty headcount
TZ17,Shinyanga,TZ1702,Kishapu,Vulnerability,Socio-economic,vulnerability:economicDependency,Economic Dependency,4.233333333,INFORM SADC 2024,INFORM Sub-national SADC 2024,baseline
TZ17,Shinyanga,TZ1702,Kishapu,Vulnerability,Socio-economic,vulnerability:habitat,Habitat,4.55,INFORM SADC 2024,INFORM Sub-national SADC 2024,baseline
TZ17,Shinyanga,TZ1702,Kishapu,Vulnerability,Socio-economic,vulnerability:livelihoods,Livelihoods,5,MUCHALI / IPC (MoA),IPC acute food-insecurity rounds,food-insecurity phase
TZ17,Shinyanga,TZ1702,Kishapu,Vulnerability,Vulnerable groups,vulnerability:displacedPeople,Displaced People,0,INFORM SADC 2024,INFORM Sub-national SADC 2024,baseline
TZ17,Shinyanga,TZ1702,Kishapu,Vulnerability,Vulnerable groups,vulnerability:healthConditions,Health Conditions,5.7,INFORM SADC 2024,INFORM Sub-national SADC 2024,baseline
TZ17,Shinyanga,TZ1702,Kishapu,Vulnerability,Vulnerable groups,vulnerability:childrenHealthNutrition,Children Health Nutrition,5.675,MoH,TDHS 2022,under-5 stunting
TZ17,Shinyanga,TZ1702,Kishapu,Lack of Coping Capacity,Infrastructure,coping:accessHealth,Access Health,8.58,MoH,2022 PHC health facilities,resource availability
TZ17,Shinyanga,TZ1702,Kishapu,Lack of Coping Capacity,Infrastructure,coping:economicCapacity,Economic Capacity,8.933333333,INFORM SADC 2024,INFORM Sub-national SADC 2024,baseline
TZ17,Shinyanga,TZ1702,Kishapu,Lack of Coping Capacity,Infrastructure,coping:wash,Wash,4.9,MoW,2022 PHC water points & boreholes,"resource availability, rank 2-8"
TZ17,Shinyanga,TZ1702,Kishapu,Lack of Coping Capacity,Infrastructure,coping:communication,Communication,7.1,INFORM SADC 2024,INFORM Sub-national SADC 2024,baseline
TZ17,Shinyanga,TZ1702,Kishapu,Lack of Coping Capacity,Infrastructure,coping:education,Education,6.3,NBS / MoH,2022 PHC schools,resource availability
TZ17,Shinyanga,TZ1702,Kishapu,Lack of Coping Capacity,Institutional,coping:drrImplementation,Drr Implementation,4.5,PMO-DMD / DRR Coordinator,EPRP / EOCC / Anticipatory-Action records,DRM investment overlay
TZ17,Shinyanga,TZ1702,Kishapu,Lack of Coping Capacity,Institutional,coping:governance,Governance,4.9,PMO-DMD,INFORM SADC governance,baseline
TZ17,Shinyanga,TZ1703,Shinyanga,Hazard & Exposure,Exposure,hazard:exposure,Population Exposure,4.58,NBS,2022 PHC population,"population density, log min-max"
TZ17,Shinyanga,TZ1703,Shinyanga,Hazard & Exposure,Natural hazards,hazard:coastalHazards,Coastal Hazards,0,TMA / PMO-DMD,coastal strip,documented overlay
TZ17,Shinyanga,TZ1703,Shinyanga,Hazard & Exposure,Natural hazards,hazard:drought,Drought,7,TMA / MoA,CHIRPS v3 1991-2024 + ERA5 t2m,"aridity+variability+SPEI+growing-season, min-max"
TZ17,Shinyanga,TZ1703,Shinyanga,Hazard & Exposure,Natural hazards,hazard:earthquake,Earthquake,5.9,INFORM SADC,INFORM seismic,baseline
TZ17,Shinyanga,TZ1703,Shinyanga,Hazard & Exposure,Natural hazards,hazard:environmentalDegradation,Environmental Degradation,1.35,INFORM SADC 2024,INFORM Sub-national SADC 2024,baseline
TZ17,Shinyanga,TZ1703,Shinyanga,Hazard & Exposure,Natural hazards,hazard:flood,Flood,5.1,PMO-DMD / TMA / MoW,CHIRPS v3 daily + recorded floods,"max(hazard, sqrt(hazard×exposure))"
TZ17,Shinyanga,TZ1703,Shinyanga,Hazard & Exposure,Natural hazards,hazard:landslide,Landslide,0,TMA / PMO-DMD,documented rainfall-triggered events,documented overlay
TZ17,Shinyanga,TZ1703,Shinyanga,Hazard & Exposure,Natural hazards,hazard:stormsCyclone,Storms Cyclone,0,TMA / PMO-DMD,Cyclone Hidaya 2024 + Lindi 1952 + Zanzibar 1872,documented cyclone/storm exposure overlay
TZ17,Shinyanga,TZ1703,Shinyanga,Hazard & Exposure,Natural hazards,hazard:volcano,Volcano,0,INFORM SADC 2024,INFORM Sub-national SADC 2024,baseline
TZ17,Shinyanga,TZ1703,Shinyanga,Hazard & Exposure,Natural hazards,hazard:wildfire,Wildfire,4.55,INFORM SADC 2024,INFORM Sub-national SADC 2024,baseline
TZ17,Shinyanga,TZ1703,Shinyanga,Hazard & Exposure,Human hazards,hazard:conflictIntensity,Conflict Intensity,0,INFORM SADC 2024,INFORM Sub-national SADC 2024,baseline
TZ17,Shinyanga,TZ1703,Shinyanga,Hazard & Exposure,Human hazards,hazard:conflictRisk,Conflict Risk,0.7,INFORM SADC 2024,INFORM Sub-national SADC 2024,baseline
TZ17,Shinyanga,TZ1703,Shinyanga,Hazard & Exposure,Human hazards,hazard:internalViolence,Internal Violence,4.9,INFORM SADC 2024,INFORM Sub-national SADC 2024,baseline
TZ17,Shinyanga,TZ1703,Shinyanga,Vulnerability,Socio-economic,vulnerability:developmentPoverty,Development Poverty,8.95,NBS,Household Budget Survey 2017/18,poverty headcount
TZ17,Shinyanga,TZ1703,Shinyanga,Vulnerability,Socio-economic,vulnerability:economicDependency,Economic Dependency,4.233333333,INFORM SADC 2024,INFORM Sub-national SADC 2024,baseline
TZ17,Shinyanga,TZ1703,Shinyanga,Vulnerability,Socio-economic,vulnerability:habitat,Habitat,4.55,INFORM SADC 2024,INFORM Sub-national SADC 2024,baseline
TZ17,Shinyanga,TZ1703,Shinyanga,Vulnerability,Socio-economic,vulnerability:livelihoods,Livelihoods,5,MUCHALI / IPC (MoA),IPC acute food-insecurity rounds,food-insecurity phase
TZ17,Shinyanga,TZ1703,Shinyanga,Vulnerability,Vulnerable groups,vulnerability:displacedPeople,Displaced People,0,INFORM SADC 2024,INFORM Sub-national SADC 2024,baseline
TZ17,Shinyanga,TZ1703,Shinyanga,Vulnerability,Vulnerable groups,vulnerability:healthConditions,Health Conditions,5.7,INFORM SADC 2024,INFORM Sub-national SADC 2024,baseline
TZ17,Shinyanga,TZ1703,Shinyanga,Vulnerability,Vulnerable groups,vulnerability:childrenHealthNutrition,Children Health Nutrition,5.675,MoH,TDHS 2022,under-5 stunting
TZ17,Shinyanga,TZ1703,Shinyanga,Lack of Coping Capacity,Infrastructure,coping:accessHealth,Access Health,8.58,MoH,2022 PHC health facilities,resource availability
TZ17,Shinyanga,TZ1703,Shinyanga,Lack of Coping Capacity,Infrastructure,coping:economicCapacity,Economic Capacity,8.933333333,INFORM SADC 2024,INFORM Sub-national SADC 2024,baseline
TZ17,Shinyanga,TZ1703,Shinyanga,Lack of Coping Capacity,Infrastructure,coping:wash,Wash,2.5,MoW,2022 PHC water points & boreholes,"resource availability, rank 2-8"
TZ17,Shinyanga,TZ1703,Shinyanga,Lack of Coping Capacity,Infrastructure,coping:communication,Communication,7.1,INFORM SADC 2024,INFORM Sub-national SADC 2024,baseline
TZ17,Shinyanga,TZ1703,Shinyanga,Lack of Coping Capacity,Infrastructure,coping:education,Education,6.3,NBS / MoH,2022 PHC schools,resource availability
TZ17,Shinyanga,TZ1703,Shinyanga,Lack of Coping Capacity,Institutional,coping:drrImplementation,Drr Implementation,6.5,PMO-DMD / DRR Coordinator,EPRP / EOCC / Anticipatory-Action records,DRM investment overlay
TZ17,Shinyanga,TZ1703,Shinyanga,Lack of Coping Capacity,Institutional,coping:governance,Governance,4.9,PMO-DMD,INFORM SADC governance,baseline
TZ17,Shinyanga,TZ1704,Kahama,Hazard & Exposure,Exposure,hazard:exposure,Population Exposure,3.24,NBS,2022 PHC population,"population density, log min-max"
TZ17,Shinyanga,TZ1704,Kahama,Hazard & Exposure,Natural hazards,hazard:coastalHazards,Coastal Hazards,0,TMA / PMO-DMD,coastal strip,documented overlay
TZ17,Shinyanga,TZ1704,Kahama,Hazard & Exposure,Natural hazards,hazard:drought,Drought,7,TMA / MoA,CHIRPS v3 1991-2024 + ERA5 t2m,"aridity+variability+SPEI+growing-season, min-max"
TZ17,Shinyanga,TZ1704,Kahama,Hazard & Exposure,Natural hazards,hazard:earthquake,Earthquake,0.5,INFORM SADC,INFORM seismic,baseline
TZ17,Shinyanga,TZ1704,Kahama,Hazard & Exposure,Natural hazards,hazard:environmentalDegradation,Environmental Degradation,3.6,INFORM SADC 2024,INFORM Sub-national SADC 2024,baseline
TZ17,Shinyanga,TZ1704,Kahama,Hazard & Exposure,Natural hazards,hazard:flood,Flood,4,PMO-DMD / TMA / MoW,CHIRPS v3 daily + recorded floods,"max(hazard, sqrt(hazard×exposure))"
TZ17,Shinyanga,TZ1704,Kahama,Hazard & Exposure,Natural hazards,hazard:landslide,Landslide,0,TMA / PMO-DMD,documented rainfall-triggered events,documented overlay
TZ17,Shinyanga,TZ1704,Kahama,Hazard & Exposure,Natural hazards,hazard:stormsCyclone,Storms Cyclone,0,TMA / PMO-DMD,Cyclone Hidaya 2024 + Lindi 1952 + Zanzibar 1872,documented cyclone/storm exposure overlay
TZ17,Shinyanga,TZ1704,Kahama,Hazard & Exposure,Natural hazards,hazard:volcano,Volcano,0,INFORM SADC 2024,INFORM Sub-national SADC 2024,baseline
TZ17,Shinyanga,TZ1704,Kahama,Hazard & Exposure,Natural hazards,hazard:wildfire,Wildfire,4.55,INFORM SADC 2024,INFORM Sub-national SADC 2024,baseline
TZ17,Shinyanga,TZ1704,Kahama,Hazard & Exposure,Human hazards,hazard:conflictIntensity,Conflict Intensity,0,INFORM SADC 2024,INFORM Sub-national SADC 2024,baseline
TZ17,Shinyanga,TZ1704,Kahama,Hazard & Exposure,Human hazards,hazard:conflictRisk,Conflict Risk,0.7,INFORM SADC 2024,INFORM Sub-national SADC 2024,baseline
TZ17,Shinyanga,TZ1704,Kahama,Hazard & Exposure,Human hazards,hazard:internalViolence,Internal Violence,4.9,INFORM SADC 2024,INFORM Sub-national SADC 2024,baseline
TZ17,Shinyanga,TZ1704,Kahama,Vulnerability,Socio-economic,vulnerability:developmentPoverty,Development Poverty,8.95,NBS,Household Budget Survey 2017/18,poverty headcount
TZ17,Shinyanga,TZ1704,Kahama,Vulnerability,Socio-economic,vulnerability:economicDependency,Economic Dependency,4.233333333,INFORM SADC 2024,INFORM Sub-national SADC 2024,baseline
TZ17,Shinyanga,TZ1704,Kahama,Vulnerability,Socio-economic,vulnerability:habitat,Habitat,4.55,INFORM SADC 2024,INFORM Sub-national SADC 2024,baseline
TZ17,Shinyanga,TZ1704,Kahama,Vulnerability,Socio-economic,vulnerability:livelihoods,Livelihoods,5,MUCHALI / IPC (MoA),IPC acute food-insecurity rounds,food-insecurity phase
TZ17,Shinyanga,TZ1704,Kahama,Vulnerability,Vulnerable groups,vulnerability:displacedPeople,Displaced People,0,INFORM SADC 2024,INFORM Sub-national SADC 2024,baseline
TZ17,Shinyanga,TZ1704,Kahama,Vulnerability,Vulnerable groups,vulnerability:healthConditions,Health Conditions,5.7,INFORM SADC 2024,INFORM Sub-national SADC 2024,baseline
TZ17,Shinyanga,TZ1704,Kahama,Vulnerability,Vulnerable groups,vulnerability:childrenHealthNutrition,Children Health Nutrition,5.675,MoH,TDHS 2022,under-5 stunting
TZ17,Shinyanga,TZ1704,Kahama,Lack of Coping Capacity,Infrastructure,coping:accessHealth,Access Health,8.58,MoH,2022 PHC health facilities,resource availability
TZ17,Shinyanga,TZ1704,Kahama,Lack of Coping Capacity,Infrastructure,coping:economicCapacity,Economic Capacity,8.933333333,INFORM SADC 2024,INFORM Sub-national SADC 2024,baseline
TZ17,Shinyanga,TZ1704,Kahama,Lack of Coping Capacity,Infrastructure,coping:wash,Wash,2,MoW,2022 PHC water points & boreholes,"resource availability, rank 2-8"
TZ17,Shinyanga,TZ1704,Kahama,Lack of Coping Capacity,Infrastructure,coping:communication,Communication,7.1,INFORM SADC 2024,INFORM Sub-national SADC 2024,baseline
TZ17,Shinyanga,TZ1704,Kahama,Lack of Coping Capacity,Infrastructure,coping:education,Education,6.3,NBS / MoH,2022 PHC schools,resource availability
TZ17,Shinyanga,TZ1704,Kahama,Lack of Coping Capacity,Institutional,coping:drrImplementation,Drr Implementation,6.5,PMO-DMD / DRR Coordinator,EPRP / EOCC / Anticipatory-Action records,DRM investment overlay
TZ17,Shinyanga,TZ1704,Kahama,Lack of Coping Capacity,Institutional,coping:governance,Governance,4.9,PMO-DMD,INFORM SADC governance,baseline
TZ17,Shinyanga,TZ1705,Kahama Township Authority,Hazard & Exposure,Natural hazards,hazard:coastalHazards,Coastal Hazards,0,TMA / PMO-DMD,coastal strip,documented overlay
TZ17,Shinyanga,TZ1705,Kahama Township Authority,Hazard & Exposure,Natural hazards,hazard:drought,Drought,7,TMA / MoA,CHIRPS v3 1991-2024 + ERA5 t2m,"aridity+variability+SPEI+growing-season, min-max"
TZ17,Shinyanga,TZ1705,Kahama Township Authority,Hazard & Exposure,Natural hazards,hazard:earthquake,Earthquake,0,INFORM SADC,INFORM seismic,baseline
TZ17,Shinyanga,TZ1705,Kahama Township Authority,Hazard & Exposure,Natural hazards,hazard:environmentalDegradation,Environmental Degradation,2.55,INFORM SADC 2024,INFORM Sub-national SADC 2024,baseline
TZ17,Shinyanga,TZ1705,Kahama Township Authority,Hazard & Exposure,Natural hazards,hazard:flood,Flood,1.2,PMO-DMD / TMA / MoW,CHIRPS v3 daily + recorded floods,"max(hazard, sqrt(hazard×exposure))"
TZ17,Shinyanga,TZ1705,Kahama Township Authority,Hazard & Exposure,Natural hazards,hazard:landslide,Landslide,0,TMA / PMO-DMD,documented rainfall-triggered events,documented overlay
TZ17,Shinyanga,TZ1705,Kahama Township Authority,Hazard & Exposure,Natural hazards,hazard:stormsCyclone,Storms Cyclone,0,TMA / PMO-DMD,Cyclone Hidaya 2024 + Lindi 1952 + Zanzibar 1872,documented cyclone/storm exposure overlay
TZ17,Shinyanga,TZ1705,Kahama Township Authority,Hazard & Exposure,Natural hazards,hazard:volcano,Volcano,0,INFORM SADC 2024,INFORM Sub-national SADC 2024,baseline
TZ17,Shinyanga,TZ1705,Kahama Township Authority,Hazard & Exposure,Natural hazards,hazard:wildfire,Wildfire,4.55,INFORM SADC 2024,INFORM Sub-national SADC 2024,baseline
TZ17,Shinyanga,TZ1705,Kahama Township Authority,Hazard & Exposure,Human hazards,hazard:conflictIntensity,Conflict Intensity,0,INFORM SADC 2024,INFORM Sub-national SADC 2024,baseline
TZ17,Shinyanga,TZ1705,Kahama Township Authority,Hazard & Exposure,Human hazards,hazard:conflictRisk,Conflict Risk,0.7,INFORM SADC 2024,INFORM Sub-national SADC 2024,baseline
TZ17,Shinyanga,TZ1705,Kahama Township Authority,Hazard & Exposure,Human hazards,hazard:internalViolence,Internal Violence,4.9,INFORM SADC 2024,INFORM Sub-national SADC 2024,baseline
TZ17,Shinyanga,TZ1705,Kahama Township Authority,Vulnerability,Socio-economic,vulnerability:developmentPoverty,Development Poverty,8.95,NBS,Household Budget Survey 2017/18,poverty headcount
TZ17,Shinyanga,TZ1705,Kahama Township Authority,Vulnerability,Socio-economic,vulnerability:economicDependency,Economic Dependency,4.233333333,INFORM SADC 2024,INFORM Sub-national SADC 2024,baseline
TZ17,Shinyanga,TZ1705,Kahama Township Authority,Vulnerability,Socio-economic,vulnerability:habitat,Habitat,4.55,INFORM SADC 2024,INFORM Sub-national SADC 2024,baseline
TZ17,Shinyanga,TZ1705,Kahama Township Authority,Vulnerability,Socio-economic,vulnerability:livelihoods,Livelihoods,5,MUCHALI / IPC (MoA),IPC acute food-insecurity rounds,food-insecurity phase
TZ17,Shinyanga,TZ1705,Kahama Township Authority,Vulnerability,Vulnerable groups,vulnerability:displacedPeople,Displaced People,0,INFORM SADC 2024,INFORM Sub-national SADC 2024,baseline
TZ17,Shinyanga,TZ1705,Kahama Township Authority,Vulnerability,Vulnerable groups,vulnerability:healthConditions,Health Conditions,5.7,INFORM SADC 2024,INFORM Sub-national SADC 2024,baseline
TZ17,Shinyanga,TZ1705,Kahama Township Authority,Vulnerability,Vulnerable groups,vulnerability:childrenHealthNutrition,Children Health Nutrition,5.675,MoH,TDHS 2022,under-5 stunting
TZ17,Shinyanga,TZ1705,Kahama Township Authority,Lack of Coping Capacity,Infrastructure,coping:accessHealth,Access Health,8.58,MoH,2022 PHC health facilities,resource availability
TZ17,Shinyanga,TZ1705,Kahama Township Authority,Lack of Coping Capacity,Infrastructure,coping:economicCapacity,Economic Capacity,8.933333333,INFORM SADC 2024,INFORM Sub-national SADC 2024,baseline
TZ17,Shinyanga,TZ1705,Kahama Township Authority,Lack of Coping Capacity,Infrastructure,coping:wash,Wash,7,MoW,2022 PHC water points & boreholes,"resource availability, rank 2-8"
TZ17,Shinyanga,TZ1705,Kahama Township Authority,Lack of Coping Capacity,Infrastructure,coping:communication,Communication,7.1,INFORM SADC 2024,INFORM Sub-national SADC 2024,baseline
TZ17,Shinyanga,TZ1705,Kahama Township Authority,Lack of Coping Capacity,Infrastructure,coping:education,Education,6.3,NBS / MoH,2022 PHC schools,resource availability
TZ17,Shinyanga,TZ1705,Kahama Township Authority,Lack of Coping Capacity,Institutional,coping:drrImplementation,Drr Implementation,6.5,PMO-DMD / DRR Coordinator,EPRP / EOCC / Anticipatory-Action records,DRM investment overlay
TZ17,Shinyanga,TZ1705,Kahama Township Authority,Lack of Coping Capacity,Institutional,coping:governance,Governance,4.9,PMO-DMD,INFORM SADC governance,baseline
TZ18,Kagera,TZ1801,Karagwe,Hazard & Exposure,Exposure,hazard:exposure,Population Exposure,3.59,NBS,2022 PHC population,"population density, log min-max"
TZ18,Kagera,TZ1801,Karagwe,Hazard & Exposure,Natural hazards,hazard:coastalHazards,Coastal Hazards,0,TMA / PMO-DMD,coastal strip,documented overlay
TZ18,Kagera,TZ1801,Karagwe,Hazard & Exposure,Natural hazards,hazard:drought,Drought,3.1,TMA / MoA,CHIRPS v3 1991-2024 + ERA5 t2m,"aridity+variability+SPEI+growing-season, min-max"
TZ18,Kagera,TZ1801,Karagwe,Hazard & Exposure,Natural hazards,hazard:earthquake,Earthquake,0,INFORM SADC,INFORM seismic,baseline
TZ18,Kagera,TZ1801,Karagwe,Hazard & Exposure,Natural hazards,hazard:environmentalDegradation,Environmental Degradation,6.35,INFORM SADC 2024,INFORM Sub-national SADC 2024,baseline
TZ18,Kagera,TZ1801,Karagwe,Hazard & Exposure,Natural hazards,hazard:flood,Flood,4.7,PMO-DMD / TMA / MoW,CHIRPS v3 daily + recorded floods,"max(hazard, sqrt(hazard×exposure))"
TZ18,Kagera,TZ1801,Karagwe,Hazard & Exposure,Natural hazards,hazard:landslide,Landslide,0,TMA / PMO-DMD,documented rainfall-triggered events,documented overlay
TZ18,Kagera,TZ1801,Karagwe,Hazard & Exposure,Natural hazards,hazard:stormsCyclone,Storms Cyclone,0,TMA / PMO-DMD,Cyclone Hidaya 2024 + Lindi 1952 + Zanzibar 1872,documented cyclone/storm exposure overlay
TZ18,Kagera,TZ1801,Karagwe,Hazard & Exposure,Natural hazards,hazard:volcano,Volcano,0,INFORM SADC 2024,INFORM Sub-national SADC 2024,baseline
TZ18,Kagera,TZ1801,Karagwe,Hazard & Exposure,Natural hazards,hazard:wildfire,Wildfire,3.75,INFORM SADC 2024,INFORM Sub-national SADC 2024,baseline
TZ18,Kagera,TZ1801,Karagwe,Hazard & Exposure,Human hazards,hazard:conflictIntensity,Conflict Intensity,0,INFORM SADC 2024,INFORM Sub-national SADC 2024,baseline
TZ18,Kagera,TZ1801,Karagwe,Hazard & Exposure,Human hazards,hazard:conflictRisk,Conflict Risk,0.7,INFORM SADC 2024,INFORM Sub-national SADC 2024,baseline
TZ18,Kagera,TZ1801,Karagwe,Hazard & Exposure,Human hazards,hazard:internalViolence,Internal Violence,5.2,INFORM SADC 2024,INFORM Sub-national SADC 2024,baseline
TZ18,Kagera,TZ1801,Karagwe,Vulnerability,Socio-economic,vulnerability:developmentPoverty,Development Poverty,8,NBS,Household Budget Survey 2017/18,poverty headcount
TZ18,Kagera,TZ1801,Karagwe,Vulnerability,Socio-economic,vulnerability:economicDependency,Economic Dependency,3.766666667,INFORM SADC 2024,INFORM Sub-national SADC 2024,baseline
TZ18,Kagera,TZ1801,Karagwe,Vulnerability,Socio-economic,vulnerability:habitat,Habitat,4.5,INFORM SADC 2024,INFORM Sub-national SADC 2024,baseline
TZ18,Kagera,TZ1801,Karagwe,Vulnerability,Socio-economic,vulnerability:livelihoods,Livelihoods,0,MUCHALI / IPC (MoA),IPC acute food-insecurity rounds,food-insecurity phase
TZ18,Kagera,TZ1801,Karagwe,Vulnerability,Vulnerable groups,vulnerability:displacedPeople,Displaced People,0,INFORM SADC 2024,INFORM Sub-national SADC 2024,baseline
TZ18,Kagera,TZ1801,Karagwe,Vulnerability,Vulnerable groups,vulnerability:healthConditions,Health Conditions,5.1,INFORM SADC 2024,INFORM Sub-national SADC 2024,baseline
TZ18,Kagera,TZ1801,Karagwe,Vulnerability,Vulnerable groups,vulnerability:childrenHealthNutrition,Children Health Nutrition,5.925,MoH,TDHS 2022,under-5 stunting
TZ18,Kagera,TZ1801,Karagwe,Lack of Coping Capacity,Infrastructure,coping:accessHealth,Access Health,4.06,MoH,2022 PHC health facilities,resource availability
TZ18,Kagera,TZ1801,Karagwe,Lack of Coping Capacity,Infrastructure,coping:economicCapacity,Economic Capacity,9.4,INFORM SADC 2024,INFORM Sub-national SADC 2024,baseline
TZ18,Kagera,TZ1801,Karagwe,Lack of Coping Capacity,Infrastructure,coping:wash,Wash,4,MoW,2022 PHC water points & boreholes,"resource availability, rank 2-8"
TZ18,Kagera,TZ1801,Karagwe,Lack of Coping Capacity,Infrastructure,coping:communication,Communication,8.1,INFORM SADC 2024,INFORM Sub-national SADC 2024,baseline
TZ18,Kagera,TZ1801,Karagwe,Lack of Coping Capacity,Infrastructure,coping:education,Education,6.05,NBS / MoH,2022 PHC schools,resource availability
TZ18,Kagera,TZ1801,Karagwe,Lack of Coping Capacity,Institutional,coping:drrImplementation,Drr Implementation,6.5,PMO-DMD / DRR Coordinator,EPRP / EOCC / Anticipatory-Action records,DRM investment overlay
TZ18,Kagera,TZ1801,Karagwe,Lack of Coping Capacity,Institutional,coping:governance,Governance,3.4,PMO-DMD,INFORM SADC governance,baseline
TZ18,Kagera,TZ1802,Bukoba,Hazard & Exposure,Exposure,hazard:exposure,Population Exposure,5.18,NBS,2022 PHC population,"population density, log min-max"
TZ18,Kagera,TZ1802,Bukoba,Hazard & Exposure,Natural hazards,hazard:coastalHazards,Coastal Hazards,0,TMA / PMO-DMD,coastal strip,documented overlay
TZ18,Kagera,TZ1802,Bukoba,Hazard & Exposure,Natural hazards,hazard:drought,Drought,1.3,TMA / MoA,CHIRPS v3 1991-2024 + ERA5 t2m,"aridity+variability+SPEI+growing-season, min-max"
TZ18,Kagera,TZ1802,Bukoba,Hazard & Exposure,Natural hazards,hazard:earthquake,Earthquake,7,INFORM SADC,INFORM seismic,baseline
TZ18,Kagera,TZ1802,Bukoba,Hazard & Exposure,Natural hazards,hazard:environmentalDegradation,Environmental Degradation,6.85,INFORM SADC 2024,INFORM Sub-national SADC 2024,baseline
TZ18,Kagera,TZ1802,Bukoba,Hazard & Exposure,Natural hazards,hazard:flood,Flood,8.1,PMO-DMD / TMA / MoW,CHIRPS v3 daily + recorded floods,"max(hazard, sqrt(hazard×exposure))"
TZ18,Kagera,TZ1802,Bukoba,Hazard & Exposure,Natural hazards,hazard:landslide,Landslide,4.9,TMA / PMO-DMD,documented rainfall-triggered events,documented overlay
TZ18,Kagera,TZ1802,Bukoba,Hazard & Exposure,Natural hazards,hazard:stormsCyclone,Storms Cyclone,0,TMA / PMO-DMD,Cyclone Hidaya 2024 + Lindi 1952 + Zanzibar 1872,documented cyclone/storm exposure overlay
TZ18,Kagera,TZ1802,Bukoba,Hazard & Exposure,Natural hazards,hazard:volcano,Volcano,0,INFORM SADC 2024,INFORM Sub-national SADC 2024,baseline
TZ18,Kagera,TZ1802,Bukoba,Hazard & Exposure,Natural hazards,hazard:wildfire,Wildfire,3.75,INFORM SADC 2024,INFORM Sub-national SADC 2024,baseline
TZ18,Kagera,TZ1802,Bukoba,Hazard & Exposure,Human hazards,hazard:conflictIntensity,Conflict Intensity,0,INFORM SADC 2024,INFORM Sub-national SADC 2024,baseline
TZ18,Kagera,TZ1802,Bukoba,Hazard & Exposure,Human hazards,hazard:conflictRisk,Conflict Risk,0.7,INFORM SADC 2024,INFORM Sub-national SADC 2024,baseline
TZ18,Kagera,TZ1802,Bukoba,Hazard & Exposure,Human hazards,hazard:internalViolence,Internal Violence,5.2,INFORM SADC 2024,INFORM Sub-national SADC 2024,baseline
TZ18,Kagera,TZ1802,Bukoba,Vulnerability,Socio-economic,vulnerability:developmentPoverty,Development Poverty,8,NBS,Household Budget Survey 2017/18,poverty headcount
TZ18,Kagera,TZ1802,Bukoba,Vulnerability,Socio-economic,vulnerability:economicDependency,Economic Dependency,3.766666667,INFORM SADC 2024,INFORM Sub-national SADC 2024,baseline
TZ18,Kagera,TZ1802,Bukoba,Vulnerability,Socio-economic,vulnerability:habitat,Habitat,4.5,INFORM SADC 2024,INFORM Sub-national SADC 2024,baseline
TZ18,Kagera,TZ1802,Bukoba,Vulnerability,Socio-economic,vulnerability:livelihoods,Livelihoods,0,MUCHALI / IPC (MoA),IPC acute food-insecurity rounds,food-insecurity phase
TZ18,Kagera,TZ1802,Bukoba,Vulnerability,Vulnerable groups,vulnerability:displacedPeople,Displaced People,0,INFORM SADC 2024,INFORM Sub-national SADC 2024,baseline
TZ18,Kagera,TZ1802,Bukoba,Vulnerability,Vulnerable groups,vulnerability:healthConditions,Health Conditions,5.1,INFORM SADC 2024,INFORM Sub-national SADC 2024,baseline
TZ18,Kagera,TZ1802,Bukoba,Vulnerability,Vulnerable groups,vulnerability:childrenHealthNutrition,Children Health Nutrition,5.925,MoH,TDHS 2022,under-5 stunting
TZ18,Kagera,TZ1802,Bukoba,Lack of Coping Capacity,Infrastructure,coping:accessHealth,Access Health,4.06,MoH,2022 PHC health facilities,resource availability
TZ18,Kagera,TZ1802,Bukoba,Lack of Coping Capacity,Infrastructure,coping:economicCapacity,Economic Capacity,9.4,INFORM SADC 2024,INFORM Sub-national SADC 2024,baseline
TZ18,Kagera,TZ1802,Bukoba,Lack of Coping Capacity,Infrastructure,coping:wash,Wash,3.4,MoW,2022 PHC water points & boreholes,"resource availability, rank 2-8"
TZ18,Kagera,TZ1802,Bukoba,Lack of Coping Capacity,Infrastructure,coping:communication,Communication,8.1,INFORM SADC 2024,INFORM Sub-national SADC 2024,baseline
TZ18,Kagera,TZ1802,Bukoba,Lack of Coping Capacity,Infrastructure,coping:education,Education,6.05,NBS / MoH,2022 PHC schools,resource availability
TZ18,Kagera,TZ1802,Bukoba,Lack of Coping Capacity,Institutional,coping:drrImplementation,Drr Implementation,6.5,PMO-DMD / DRR Coordinator,EPRP / EOCC / Anticipatory-Action records,DRM investment overlay
TZ18,Kagera,TZ1802,Bukoba,Lack of Coping Capacity,Institutional,coping:governance,Governance,3.4,PMO-DMD,INFORM SADC governance,baseline
TZ18,Kagera,TZ1803,Muleba,Hazard & Exposure,Exposure,hazard:exposure,Population Exposure,4.71,NBS,2022 PHC population,"population density, log min-max"
TZ18,Kagera,TZ1803,Muleba,Hazard & Exposure,Natural hazards,hazard:coastalHazards,Coastal Hazards,0,TMA / PMO-DMD,coastal strip,documented overlay
TZ18,Kagera,TZ1803,Muleba,Hazard & Exposure,Natural hazards,hazard:drought,Drought,3.1,TMA / MoA,CHIRPS v3 1991-2024 + ERA5 t2m,"aridity+variability+SPEI+growing-season, min-max"
TZ18,Kagera,TZ1803,Muleba,Hazard & Exposure,Natural hazards,hazard:earthquake,Earthquake,7,INFORM SADC,INFORM seismic,baseline
TZ18,Kagera,TZ1803,Muleba,Hazard & Exposure,Natural hazards,hazard:environmentalDegradation,Environmental Degradation,6.95,INFORM SADC 2024,INFORM Sub-national SADC 2024,baseline
TZ18,Kagera,TZ1803,Muleba,Hazard & Exposure,Natural hazards,hazard:flood,Flood,8,PMO-DMD / TMA / MoW,CHIRPS v3 daily + recorded floods,"max(hazard, sqrt(hazard×exposure))"
TZ18,Kagera,TZ1803,Muleba,Hazard & Exposure,Natural hazards,hazard:landslide,Landslide,7,TMA / PMO-DMD,documented rainfall-triggered events,documented overlay
TZ18,Kagera,TZ1803,Muleba,Hazard & Exposure,Natural hazards,hazard:stormsCyclone,Storms Cyclone,0,TMA / PMO-DMD,Cyclone Hidaya 2024 + Lindi 1952 + Zanzibar 1872,documented cyclone/storm exposure overlay
TZ18,Kagera,TZ1803,Muleba,Hazard & Exposure,Natural hazards,hazard:volcano,Volcano,0,INFORM SADC 2024,INFORM Sub-national SADC 2024,baseline
TZ18,Kagera,TZ1803,Muleba,Hazard & Exposure,Natural hazards,hazard:wildfire,Wildfire,3.75,INFORM SADC 2024,INFORM Sub-national SADC 2024,baseline
TZ18,Kagera,TZ1803,Muleba,Hazard & Exposure,Human hazards,hazard:conflictIntensity,Conflict Intensity,0,INFORM SADC 2024,INFORM Sub-national SADC 2024,baseline
TZ18,Kagera,TZ1803,Muleba,Hazard & Exposure,Human hazards,hazard:conflictRisk,Conflict Risk,0.7,INFORM SADC 2024,INFORM Sub-national SADC 2024,baseline
TZ18,Kagera,TZ1803,Muleba,Hazard & Exposure,Human hazards,hazard:internalViolence,Internal Violence,5.2,INFORM SADC 2024,INFORM Sub-national SADC 2024,baseline
TZ18,Kagera,TZ1803,Muleba,Vulnerability,Socio-economic,vulnerability:developmentPoverty,Development Poverty,8,NBS,Household Budget Survey 2017/18,poverty headcount
TZ18,Kagera,TZ1803,Muleba,Vulnerability,Socio-economic,vulnerability:economicDependency,Economic Dependency,3.766666667,INFORM SADC 2024,INFORM Sub-national SADC 2024,baseline
TZ18,Kagera,TZ1803,Muleba,Vulnerability,Socio-economic,vulnerability:habitat,Habitat,4.5,INFORM SADC 2024,INFORM Sub-national SADC 2024,baseline
TZ18,Kagera,TZ1803,Muleba,Vulnerability,Socio-economic,vulnerability:livelihoods,Livelihoods,0,MUCHALI / IPC (MoA),IPC acute food-insecurity rounds,food-insecurity phase
TZ18,Kagera,TZ1803,Muleba,Vulnerability,Vulnerable groups,vulnerability:displacedPeople,Displaced People,0,INFORM SADC 2024,INFORM Sub-national SADC 2024,baseline
TZ18,Kagera,TZ1803,Muleba,Vulnerability,Vulnerable groups,vulnerability:healthConditions,Health Conditions,5.1,INFORM SADC 2024,INFORM Sub-national SADC 2024,baseline
TZ18,Kagera,TZ1803,Muleba,Vulnerability,Vulnerable groups,vulnerability:childrenHealthNutrition,Children Health Nutrition,5.925,MoH,TDHS 2022,under-5 stunting
TZ18,Kagera,TZ1803,Muleba,Lack of Coping Capacity,Infrastructure,coping:accessHealth,Access Health,4.06,MoH,2022 PHC health facilities,resource availability
TZ18,Kagera,TZ1803,Muleba,Lack of Coping Capacity,Infrastructure,coping:economicCapacity,Economic Capacity,9.4,INFORM SADC 2024,INFORM Sub-national SADC 2024,baseline
TZ18,Kagera,TZ1803,Muleba,Lack of Coping Capacity,Infrastructure,coping:wash,Wash,3.1,MoW,2022 PHC water points & boreholes,"resource availability, rank 2-8"
TZ18,Kagera,TZ1803,Muleba,Lack of Coping Capacity,Infrastructure,coping:communication,Communication,8.1,INFORM SADC 2024,INFORM Sub-national SADC 2024,baseline
TZ18,Kagera,TZ1803,Muleba,Lack of Coping Capacity,Infrastructure,coping:education,Education,6.05,NBS / MoH,2022 PHC schools,resource availability
TZ18,Kagera,TZ1803,Muleba,Lack of Coping Capacity,Institutional,coping:drrImplementation,Drr Implementation,6.5,PMO-DMD / DRR Coordinator,EPRP / EOCC / Anticipatory-Action records,DRM investment overlay
TZ18,Kagera,TZ1803,Muleba,Lack of Coping Capacity,Institutional,coping:governance,Governance,3.4,PMO-DMD,INFORM SADC governance,baseline
TZ18,Kagera,TZ1804,Biharamulo,Hazard & Exposure,Exposure,hazard:exposure,Population Exposure,3.37,NBS,2022 PHC population,"population density, log min-max"
TZ18,Kagera,TZ1804,Biharamulo,Hazard & Exposure,Natural hazards,hazard:coastalHazards,Coastal Hazards,0,TMA / PMO-DMD,coastal strip,documented overlay
TZ18,Kagera,TZ1804,Biharamulo,Hazard & Exposure,Natural hazards,hazard:drought,Drought,2.8,TMA / MoA,CHIRPS v3 1991-2024 + ERA5 t2m,"aridity+variability+SPEI+growing-season, min-max"
TZ18,Kagera,TZ1804,Biharamulo,Hazard & Exposure,Natural hazards,hazard:earthquake,Earthquake,0,INFORM SADC,INFORM seismic,baseline
TZ18,Kagera,TZ1804,Biharamulo,Hazard & Exposure,Natural hazards,hazard:environmentalDegradation,Environmental Degradation,6.95,INFORM SADC 2024,INFORM Sub-national SADC 2024,baseline
TZ18,Kagera,TZ1804,Biharamulo,Hazard & Exposure,Natural hazards,hazard:flood,Flood,3.2,PMO-DMD / TMA / MoW,CHIRPS v3 daily + recorded floods,"max(hazard, sqrt(hazard×exposure))"
TZ18,Kagera,TZ1804,Biharamulo,Hazard & Exposure,Natural hazards,hazard:landslide,Landslide,0,TMA / PMO-DMD,documented rainfall-triggered events,documented overlay
TZ18,Kagera,TZ1804,Biharamulo,Hazard & Exposure,Natural hazards,hazard:stormsCyclone,Storms Cyclone,0,TMA / PMO-DMD,Cyclone Hidaya 2024 + Lindi 1952 + Zanzibar 1872,documented cyclone/storm exposure overlay
TZ18,Kagera,TZ1804,Biharamulo,Hazard & Exposure,Natural hazards,hazard:volcano,Volcano,0,INFORM SADC 2024,INFORM Sub-national SADC 2024,baseline
TZ18,Kagera,TZ1804,Biharamulo,Hazard & Exposure,Natural hazards,hazard:wildfire,Wildfire,3.75,INFORM SADC 2024,INFORM Sub-national SADC 2024,baseline
TZ18,Kagera,TZ1804,Biharamulo,Hazard & Exposure,Human hazards,hazard:conflictIntensity,Conflict Intensity,0,INFORM SADC 2024,INFORM Sub-national SADC 2024,baseline
TZ18,Kagera,TZ1804,Biharamulo,Hazard & Exposure,Human hazards,hazard:conflictRisk,Conflict Risk,0.7,INFORM SADC 2024,INFORM Sub-national SADC 2024,baseline
TZ18,Kagera,TZ1804,Biharamulo,Hazard & Exposure,Human hazards,hazard:internalViolence,Internal Violence,5.2,INFORM SADC 2024,INFORM Sub-national SADC 2024,baseline
TZ18,Kagera,TZ1804,Biharamulo,Vulnerability,Socio-economic,vulnerability:developmentPoverty,Development Poverty,8,NBS,Household Budget Survey 2017/18,poverty headcount
TZ18,Kagera,TZ1804,Biharamulo,Vulnerability,Socio-economic,vulnerability:economicDependency,Economic Dependency,3.766666667,INFORM SADC 2024,INFORM Sub-national SADC 2024,baseline
TZ18,Kagera,TZ1804,Biharamulo,Vulnerability,Socio-economic,vulnerability:habitat,Habitat,4.5,INFORM SADC 2024,INFORM Sub-national SADC 2024,baseline
TZ18,Kagera,TZ1804,Biharamulo,Vulnerability,Socio-economic,vulnerability:livelihoods,Livelihoods,0,MUCHALI / IPC (MoA),IPC acute food-insecurity rounds,food-insecurity phase
TZ18,Kagera,TZ1804,Biharamulo,Vulnerability,Vulnerable groups,vulnerability:displacedPeople,Displaced People,0,INFORM SADC 2024,INFORM Sub-national SADC 2024,baseline
TZ18,Kagera,TZ1804,Biharamulo,Vulnerability,Vulnerable groups,vulnerability:healthConditions,Health Conditions,5.1,INFORM SADC 2024,INFORM Sub-national SADC 2024,baseline
TZ18,Kagera,TZ1804,Biharamulo,Vulnerability,Vulnerable groups,vulnerability:childrenHealthNutrition,Children Health Nutrition,5.925,MoH,TDHS 2022,under-5 stunting
TZ18,Kagera,TZ1804,Biharamulo,Lack of Coping Capacity,Infrastructure,coping:accessHealth,Access Health,4.06,MoH,2022 PHC health facilities,resource availability
TZ18,Kagera,TZ1804,Biharamulo,Lack of Coping Capacity,Infrastructure,coping:economicCapacity,Economic Capacity,9.4,INFORM SADC 2024,INFORM Sub-national SADC 2024,baseline
TZ18,Kagera,TZ1804,Biharamulo,Lack of Coping Capacity,Infrastructure,coping:wash,Wash,5.9,MoW,2022 PHC water points & boreholes,"resource availability, rank 2-8"
TZ18,Kagera,TZ1804,Biharamulo,Lack of Coping Capacity,Infrastructure,coping:communication,Communication,8.1,INFORM SADC 2024,INFORM Sub-national SADC 2024,baseline
TZ18,Kagera,TZ1804,Biharamulo,Lack of Coping Capacity,Infrastructure,coping:education,Education,6.05,NBS / MoH,2022 PHC schools,resource availability
TZ18,Kagera,TZ1804,Biharamulo,Lack of Coping Capacity,Institutional,coping:drrImplementation,Drr Implementation,6.5,PMO-DMD / DRR Coordinator,EPRP / EOCC / Anticipatory-Action records,DRM investment overlay
TZ18,Kagera,TZ1804,Biharamulo,Lack of Coping Capacity,Institutional,coping:governance,Governance,3.4,PMO-DMD,INFORM SADC governance,baseline
TZ18,Kagera,TZ1805,Ngara,Hazard & Exposure,Exposure,hazard:exposure,Population Exposure,4.14,NBS,2022 PHC population,"population density, log min-max"
TZ18,Kagera,TZ1805,Ngara,Hazard & Exposure,Natural hazards,hazard:coastalHazards,Coastal Hazards,0,TMA / PMO-DMD,coastal strip,documented overlay
TZ18,Kagera,TZ1805,Ngara,Hazard & Exposure,Natural hazards,hazard:drought,Drought,3.4,TMA / MoA,CHIRPS v3 1991-2024 + ERA5 t2m,"aridity+variability+SPEI+growing-season, min-max"
TZ18,Kagera,TZ1805,Ngara,Hazard & Exposure,Natural hazards,hazard:earthquake,Earthquake,0,INFORM SADC,INFORM seismic,baseline
TZ18,Kagera,TZ1805,Ngara,Hazard & Exposure,Natural hazards,hazard:environmentalDegradation,Environmental Degradation,6.1,INFORM SADC 2024,INFORM Sub-national SADC 2024,baseline
TZ18,Kagera,TZ1805,Ngara,Hazard & Exposure,Natural hazards,hazard:flood,Flood,5.3,PMO-DMD / TMA / MoW,CHIRPS v3 daily + recorded floods,"max(hazard, sqrt(hazard×exposure))"
TZ18,Kagera,TZ1805,Ngara,Hazard & Exposure,Natural hazards,hazard:landslide,Landslide,2.1,TMA / PMO-DMD,documented rainfall-triggered events,documented overlay
TZ18,Kagera,TZ1805,Ngara,Hazard & Exposure,Natural hazards,hazard:stormsCyclone,Storms Cyclone,0,TMA / PMO-DMD,Cyclone Hidaya 2024 + Lindi 1952 + Zanzibar 1872,documented cyclone/storm exposure overlay
TZ18,Kagera,TZ1805,Ngara,Hazard & Exposure,Natural hazards,hazard:volcano,Volcano,0,INFORM SADC 2024,INFORM Sub-national SADC 2024,baseline
TZ18,Kagera,TZ1805,Ngara,Hazard & Exposure,Natural hazards,hazard:wildfire,Wildfire,3.75,INFORM SADC 2024,INFORM Sub-national SADC 2024,baseline
TZ18,Kagera,TZ1805,Ngara,Hazard & Exposure,Human hazards,hazard:conflictIntensity,Conflict Intensity,0,INFORM SADC 2024,INFORM Sub-national SADC 2024,baseline
TZ18,Kagera,TZ1805,Ngara,Hazard & Exposure,Human hazards,hazard:conflictRisk,Conflict Risk,0.7,INFORM SADC 2024,INFORM Sub-national SADC 2024,baseline
TZ18,Kagera,TZ1805,Ngara,Hazard & Exposure,Human hazards,hazard:internalViolence,Internal Violence,5.2,INFORM SADC 2024,INFORM Sub-national SADC 2024,baseline
TZ18,Kagera,TZ1805,Ngara,Vulnerability,Socio-economic,vulnerability:developmentPoverty,Development Poverty,8,NBS,Household Budget Survey 2017/18,poverty headcount
TZ18,Kagera,TZ1805,Ngara,Vulnerability,Socio-economic,vulnerability:economicDependency,Economic Dependency,3.766666667,INFORM SADC 2024,INFORM Sub-national SADC 2024,baseline
TZ18,Kagera,TZ1805,Ngara,Vulnerability,Socio-economic,vulnerability:habitat,Habitat,4.5,INFORM SADC 2024,INFORM Sub-national SADC 2024,baseline
TZ18,Kagera,TZ1805,Ngara,Vulnerability,Socio-economic,vulnerability:livelihoods,Livelihoods,0,MUCHALI / IPC (MoA),IPC acute food-insecurity rounds,food-insecurity phase
TZ18,Kagera,TZ1805,Ngara,Vulnerability,Vulnerable groups,vulnerability:displacedPeople,Displaced People,0,INFORM SADC 2024,INFORM Sub-national SADC 2024,baseline
TZ18,Kagera,TZ1805,Ngara,Vulnerability,Vulnerable groups,vulnerability:healthConditions,Health Conditions,5.1,INFORM SADC 2024,INFORM Sub-national SADC 2024,baseline
TZ18,Kagera,TZ1805,Ngara,Vulnerability,Vulnerable groups,vulnerability:childrenHealthNutrition,Children Health Nutrition,5.925,MoH,TDHS 2022,under-5 stunting
TZ18,Kagera,TZ1805,Ngara,Lack of Coping Capacity,Infrastructure,coping:accessHealth,Access Health,4.06,MoH,2022 PHC health facilities,resource availability
TZ18,Kagera,TZ1805,Ngara,Lack of Coping Capacity,Infrastructure,coping:economicCapacity,Economic Capacity,9.4,INFORM SADC 2024,INFORM Sub-national SADC 2024,baseline
TZ18,Kagera,TZ1805,Ngara,Lack of Coping Capacity,Infrastructure,coping:wash,Wash,5.6,MoW,2022 PHC water points & boreholes,"resource availability, rank 2-8"
TZ18,Kagera,TZ1805,Ngara,Lack of Coping Capacity,Infrastructure,coping:communication,Communication,8.1,INFORM SADC 2024,INFORM Sub-national SADC 2024,baseline
TZ18,Kagera,TZ1805,Ngara,Lack of Coping Capacity,Infrastructure,coping:education,Education,6.05,NBS / MoH,2022 PHC schools,resource availability
TZ18,Kagera,TZ1805,Ngara,Lack of Coping Capacity,Institutional,coping:drrImplementation,Drr Implementation,6.5,PMO-DMD / DRR Coordinator,EPRP / EOCC / Anticipatory-Action records,DRM investment overlay
TZ18,Kagera,TZ1805,Ngara,Lack of Coping Capacity,Institutional,coping:governance,Governance,3.4,PMO-DMD,INFORM SADC governance,baseline
TZ18,Kagera,TZ1806,Bukoba Urban,Hazard & Exposure,Natural hazards,hazard:coastalHazards,Coastal Hazards,0,TMA / PMO-DMD,coastal strip,documented overlay
TZ18,Kagera,TZ1806,Bukoba Urban,Hazard & Exposure,Natural hazards,hazard:drought,Drought,0,TMA / MoA,CHIRPS v3 1991-2024 + ERA5 t2m,"aridity+variability+SPEI+growing-season, min-max"
TZ18,Kagera,TZ1806,Bukoba Urban,Hazard & Exposure,Natural hazards,hazard:earthquake,Earthquake,7,INFORM SADC,INFORM seismic,baseline
TZ18,Kagera,TZ1806,Bukoba Urban,Hazard & Exposure,Natural hazards,hazard:environmentalDegradation,Environmental Degradation,6.2,INFORM SADC 2024,INFORM Sub-national SADC 2024,baseline
TZ18,Kagera,TZ1806,Bukoba Urban,Hazard & Exposure,Natural hazards,hazard:flood,Flood,8.1,PMO-DMD / TMA / MoW,CHIRPS v3 daily + recorded floods,"max(hazard, sqrt(hazard×exposure))"
TZ18,Kagera,TZ1806,Bukoba Urban,Hazard & Exposure,Natural hazards,hazard:landslide,Landslide,2.5,TMA / PMO-DMD,documented rainfall-triggered events,documented overlay
TZ18,Kagera,TZ1806,Bukoba Urban,Hazard & Exposure,Natural hazards,hazard:stormsCyclone,Storms Cyclone,0,TMA / PMO-DMD,Cyclone Hidaya 2024 + Lindi 1952 + Zanzibar 1872,documented cyclone/storm exposure overlay
TZ18,Kagera,TZ1806,Bukoba Urban,Hazard & Exposure,Natural hazards,hazard:volcano,Volcano,0,INFORM SADC 2024,INFORM Sub-national SADC 2024,baseline
TZ18,Kagera,TZ1806,Bukoba Urban,Hazard & Exposure,Natural hazards,hazard:wildfire,Wildfire,3.75,INFORM SADC 2024,INFORM Sub-national SADC 2024,baseline
TZ18,Kagera,TZ1806,Bukoba Urban,Hazard & Exposure,Human hazards,hazard:conflictIntensity,Conflict Intensity,0,INFORM SADC 2024,INFORM Sub-national SADC 2024,baseline
TZ18,Kagera,TZ1806,Bukoba Urban,Hazard & Exposure,Human hazards,hazard:conflictRisk,Conflict Risk,0.7,INFORM SADC 2024,INFORM Sub-national SADC 2024,baseline
TZ18,Kagera,TZ1806,Bukoba Urban,Hazard & Exposure,Human hazards,hazard:internalViolence,Internal Violence,5.2,INFORM SADC 2024,INFORM Sub-national SADC 2024,baseline
TZ18,Kagera,TZ1806,Bukoba Urban,Vulnerability,Socio-economic,vulnerability:developmentPoverty,Development Poverty,8,NBS,Household Budget Survey 2017/18,poverty headcount
TZ18,Kagera,TZ1806,Bukoba Urban,Vulnerability,Socio-economic,vulnerability:economicDependency,Economic Dependency,3.766666667,INFORM SADC 2024,INFORM Sub-national SADC 2024,baseline
TZ18,Kagera,TZ1806,Bukoba Urban,Vulnerability,Socio-economic,vulnerability:habitat,Habitat,4.5,INFORM SADC 2024,INFORM Sub-national SADC 2024,baseline
TZ18,Kagera,TZ1806,Bukoba Urban,Vulnerability,Socio-economic,vulnerability:livelihoods,Livelihoods,0,MUCHALI / IPC (MoA),IPC acute food-insecurity rounds,food-insecurity phase
TZ18,Kagera,TZ1806,Bukoba Urban,Vulnerability,Vulnerable groups,vulnerability:displacedPeople,Displaced People,0,INFORM SADC 2024,INFORM Sub-national SADC 2024,baseline
TZ18,Kagera,TZ1806,Bukoba Urban,Vulnerability,Vulnerable groups,vulnerability:healthConditions,Health Conditions,5.1,INFORM SADC 2024,INFORM Sub-national SADC 2024,baseline
TZ18,Kagera,TZ1806,Bukoba Urban,Vulnerability,Vulnerable groups,vulnerability:childrenHealthNutrition,Children Health Nutrition,5.925,MoH,TDHS 2022,under-5 stunting
TZ18,Kagera,TZ1806,Bukoba Urban,Lack of Coping Capacity,Infrastructure,coping:accessHealth,Access Health,4.06,MoH,2022 PHC health facilities,resource availability
TZ18,Kagera,TZ1806,Bukoba Urban,Lack of Coping Capacity,Infrastructure,coping:economicCapacity,Economic Capacity,9.4,INFORM SADC 2024,INFORM Sub-national SADC 2024,baseline
TZ18,Kagera,TZ1806,Bukoba Urban,Lack of Coping Capacity,Infrastructure,coping:wash,Wash,7,MoW,2022 PHC water points & boreholes,"resource availability, rank 2-8"
TZ18,Kagera,TZ1806,Bukoba Urban,Lack of Coping Capacity,Infrastructure,coping:communication,Communication,8.1,INFORM SADC 2024,INFORM Sub-national SADC 2024,baseline
TZ18,Kagera,TZ1806,Bukoba Urban,Lack of Coping Capacity,Infrastructure,coping:education,Education,6.05,NBS / MoH,2022 PHC schools,resource availability
TZ18,Kagera,TZ1806,Bukoba Urban,Lack of Coping Capacity,Institutional,coping:drrImplementation,Drr Implementation,6.5,PMO-DMD / DRR Coordinator,EPRP / EOCC / Anticipatory-Action records,DRM investment overlay
TZ18,Kagera,TZ1806,Bukoba Urban,Lack of Coping Capacity,Institutional,coping:governance,Governance,3.4,PMO-DMD,INFORM SADC governance,baseline
TZ18,Kagera,TZ1807,Missenyi,Hazard & Exposure,Exposure,hazard:exposure,Population Exposure,3.78,NBS,2022 PHC population,"population density, log min-max"
TZ18,Kagera,TZ1807,Missenyi,Hazard & Exposure,Natural hazards,hazard:coastalHazards,Coastal Hazards,0,TMA / PMO-DMD,coastal strip,documented overlay
TZ18,Kagera,TZ1807,Missenyi,Hazard & Exposure,Natural hazards,hazard:drought,Drought,1.7,TMA / MoA,CHIRPS v3 1991-2024 + ERA5 t2m,"aridity+variability+SPEI+growing-season, min-max"
TZ18,Kagera,TZ1807,Missenyi,Hazard & Exposure,Natural hazards,hazard:earthquake,Earthquake,7,INFORM SADC,INFORM seismic,baseline
TZ18,Kagera,TZ1807,Missenyi,Hazard & Exposure,Natural hazards,hazard:environmentalDegradation,Environmental Degradation,6.55,INFORM SADC 2024,INFORM Sub-national SADC 2024,baseline
TZ18,Kagera,TZ1807,Missenyi,Hazard & Exposure,Natural hazards,hazard:flood,Flood,7.1,PMO-DMD / TMA / MoW,CHIRPS v3 daily + recorded floods,"max(hazard, sqrt(hazard×exposure))"
TZ18,Kagera,TZ1807,Missenyi,Hazard & Exposure,Natural hazards,hazard:landslide,Landslide,1.9,TMA / PMO-DMD,documented rainfall-triggered events,documented overlay
TZ18,Kagera,TZ1807,Missenyi,Hazard & Exposure,Natural hazards,hazard:stormsCyclone,Storms Cyclone,0,TMA / PMO-DMD,Cyclone Hidaya 2024 + Lindi 1952 + Zanzibar 1872,documented cyclone/storm exposure overlay
TZ18,Kagera,TZ1807,Missenyi,Hazard & Exposure,Natural hazards,hazard:volcano,Volcano,0,INFORM SADC 2024,INFORM Sub-national SADC 2024,baseline
TZ18,Kagera,TZ1807,Missenyi,Hazard & Exposure,Natural hazards,hazard:wildfire,Wildfire,3.75,INFORM SADC 2024,INFORM Sub-national SADC 2024,baseline
TZ18,Kagera,TZ1807,Missenyi,Hazard & Exposure,Human hazards,hazard:conflictIntensity,Conflict Intensity,0,INFORM SADC 2024,INFORM Sub-national SADC 2024,baseline
TZ18,Kagera,TZ1807,Missenyi,Hazard & Exposure,Human hazards,hazard:conflictRisk,Conflict Risk,0.7,INFORM SADC 2024,INFORM Sub-national SADC 2024,baseline
TZ18,Kagera,TZ1807,Missenyi,Hazard & Exposure,Human hazards,hazard:internalViolence,Internal Violence,5.2,INFORM SADC 2024,INFORM Sub-national SADC 2024,baseline
TZ18,Kagera,TZ1807,Missenyi,Vulnerability,Socio-economic,vulnerability:developmentPoverty,Development Poverty,8,NBS,Household Budget Survey 2017/18,poverty headcount
TZ18,Kagera,TZ1807,Missenyi,Vulnerability,Socio-economic,vulnerability:economicDependency,Economic Dependency,3.766666667,INFORM SADC 2024,INFORM Sub-national SADC 2024,baseline
TZ18,Kagera,TZ1807,Missenyi,Vulnerability,Socio-economic,vulnerability:habitat,Habitat,4.5,INFORM SADC 2024,INFORM Sub-national SADC 2024,baseline
TZ18,Kagera,TZ1807,Missenyi,Vulnerability,Socio-economic,vulnerability:livelihoods,Livelihoods,0,MUCHALI / IPC (MoA),IPC acute food-insecurity rounds,food-insecurity phase
TZ18,Kagera,TZ1807,Missenyi,Vulnerability,Vulnerable groups,vulnerability:displacedPeople,Displaced People,0,INFORM SADC 2024,INFORM Sub-national SADC 2024,baseline
TZ18,Kagera,TZ1807,Missenyi,Vulnerability,Vulnerable groups,vulnerability:healthConditions,Health Conditions,5.1,INFORM SADC 2024,INFORM Sub-national SADC 2024,baseline
TZ18,Kagera,TZ1807,Missenyi,Vulnerability,Vulnerable groups,vulnerability:childrenHealthNutrition,Children Health Nutrition,5.925,MoH,TDHS 2022,under-5 stunting
TZ18,Kagera,TZ1807,Missenyi,Lack of Coping Capacity,Infrastructure,coping:accessHealth,Access Health,4.06,MoH,2022 PHC health facilities,resource availability
TZ18,Kagera,TZ1807,Missenyi,Lack of Coping Capacity,Infrastructure,coping:economicCapacity,Economic Capacity,9.4,INFORM SADC 2024,INFORM Sub-national SADC 2024,baseline
TZ18,Kagera,TZ1807,Missenyi,Lack of Coping Capacity,Infrastructure,coping:wash,Wash,5.9,MoW,2022 PHC water points & boreholes,"resource availability, rank 2-8"
TZ18,Kagera,TZ1807,Missenyi,Lack of Coping Capacity,Infrastructure,coping:communication,Communication,8.1,INFORM SADC 2024,INFORM Sub-national SADC 2024,baseline
TZ18,Kagera,TZ1807,Missenyi,Lack of Coping Capacity,Infrastructure,coping:education,Education,6.05,NBS / MoH,2022 PHC schools,resource availability
TZ18,Kagera,TZ1807,Missenyi,Lack of Coping Capacity,Institutional,coping:drrImplementation,Drr Implementation,6.5,PMO-DMD / DRR Coordinator,EPRP / EOCC / Anticipatory-Action records,DRM investment overlay
TZ18,Kagera,TZ1807,Missenyi,Lack of Coping Capacity,Institutional,coping:governance,Governance,3.4,PMO-DMD,INFORM SADC governance,baseline
TZ18,Kagera,TZ1808,Kyerwa,Hazard & Exposure,Exposure,hazard:exposure,Population Exposure,4.54,NBS,2022 PHC population,"population density, log min-max"
TZ18,Kagera,TZ1808,Kyerwa,Hazard & Exposure,Natural hazards,hazard:coastalHazards,Coastal Hazards,0,TMA / PMO-DMD,coastal strip,documented overlay
TZ18,Kagera,TZ1808,Kyerwa,Hazard & Exposure,Natural hazards,hazard:drought,Drought,2.2,TMA / MoA,CHIRPS v3 1991-2024 + ERA5 t2m,"aridity+variability+SPEI+growing-season, min-max"
TZ18,Kagera,TZ1808,Kyerwa,Hazard & Exposure,Natural hazards,hazard:earthquake,Earthquake,0,INFORM SADC,INFORM seismic,baseline
TZ18,Kagera,TZ1808,Kyerwa,Hazard & Exposure,Natural hazards,hazard:environmentalDegradation,Environmental Degradation,6.35,INFORM SADC 2024,INFORM Sub-national SADC 2024,baseline
TZ18,Kagera,TZ1808,Kyerwa,Hazard & Exposure,Natural hazards,hazard:flood,Flood,6.1,PMO-DMD / TMA / MoW,CHIRPS v3 daily + recorded floods,"max(hazard, sqrt(hazard×exposure))"
TZ18,Kagera,TZ1808,Kyerwa,Hazard & Exposure,Natural hazards,hazard:landslide,Landslide,1.6,TMA / PMO-DMD,documented rainfall-triggered events,documented overlay
TZ18,Kagera,TZ1808,Kyerwa,Hazard & Exposure,Natural hazards,hazard:stormsCyclone,Storms Cyclone,0,TMA / PMO-DMD,Cyclone Hidaya 2024 + Lindi 1952 + Zanzibar 1872,documented cyclone/storm exposure overlay
TZ18,Kagera,TZ1808,Kyerwa,Hazard & Exposure,Natural hazards,hazard:volcano,Volcano,0,INFORM SADC 2024,INFORM Sub-national SADC 2024,baseline
TZ18,Kagera,TZ1808,Kyerwa,Hazard & Exposure,Natural hazards,hazard:wildfire,Wildfire,3.75,INFORM SADC 2024,INFORM Sub-national SADC 2024,baseline
TZ18,Kagera,TZ1808,Kyerwa,Hazard & Exposure,Human hazards,hazard:conflictIntensity,Conflict Intensity,0,INFORM SADC 2024,INFORM Sub-national SADC 2024,baseline
TZ18,Kagera,TZ1808,Kyerwa,Hazard & Exposure,Human hazards,hazard:conflictRisk,Conflict Risk,0.7,INFORM SADC 2024,INFORM Sub-national SADC 2024,baseline
TZ18,Kagera,TZ1808,Kyerwa,Hazard & Exposure,Human hazards,hazard:internalViolence,Internal Violence,5.2,INFORM SADC 2024,INFORM Sub-national SADC 2024,baseline
TZ18,Kagera,TZ1808,Kyerwa,Vulnerability,Socio-economic,vulnerability:developmentPoverty,Development Poverty,8,NBS,Household Budget Survey 2017/18,poverty headcount
TZ18,Kagera,TZ1808,Kyerwa,Vulnerability,Socio-economic,vulnerability:economicDependency,Economic Dependency,3.766666667,INFORM SADC 2024,INFORM Sub-national SADC 2024,baseline
TZ18,Kagera,TZ1808,Kyerwa,Vulnerability,Socio-economic,vulnerability:habitat,Habitat,4.5,INFORM SADC 2024,INFORM Sub-national SADC 2024,baseline
TZ18,Kagera,TZ1808,Kyerwa,Vulnerability,Socio-economic,vulnerability:livelihoods,Livelihoods,0,MUCHALI / IPC (MoA),IPC acute food-insecurity rounds,food-insecurity phase
TZ18,Kagera,TZ1808,Kyerwa,Vulnerability,Vulnerable groups,vulnerability:displacedPeople,Displaced People,0,INFORM SADC 2024,INFORM Sub-national SADC 2024,baseline
TZ18,Kagera,TZ1808,Kyerwa,Vulnerability,Vulnerable groups,vulnerability:healthConditions,Health Conditions,5.1,INFORM SADC 2024,INFORM Sub-national SADC 2024,baseline
TZ18,Kagera,TZ1808,Kyerwa,Vulnerability,Vulnerable groups,vulnerability:childrenHealthNutrition,Children Health Nutrition,5.925,MoH,TDHS 2022,under-5 stunting
TZ18,Kagera,TZ1808,Kyerwa,Lack of Coping Capacity,Infrastructure,coping:accessHealth,Access Health,4.06,MoH,2022 PHC health facilities,resource availability
TZ18,Kagera,TZ1808,Kyerwa,Lack of Coping Capacity,Infrastructure,coping:economicCapacity,Economic Capacity,9.4,INFORM SADC 2024,INFORM Sub-national SADC 2024,baseline
TZ18,Kagera,TZ1808,Kyerwa,Lack of Coping Capacity,Infrastructure,coping:wash,Wash,3.4,MoW,2022 PHC water points & boreholes,"resource availability, rank 2-8"
TZ18,Kagera,TZ1808,Kyerwa,Lack of Coping Capacity,Infrastructure,coping:communication,Communication,8.1,INFORM SADC 2024,INFORM Sub-national SADC 2024,baseline
TZ18,Kagera,TZ1808,Kyerwa,Lack of Coping Capacity,Infrastructure,coping:education,Education,6.05,NBS / MoH,2022 PHC schools,resource availability
TZ18,Kagera,TZ1808,Kyerwa,Lack of Coping Capacity,Institutional,coping:drrImplementation,Drr Implementation,6.5,PMO-DMD / DRR Coordinator,EPRP / EOCC / Anticipatory-Action records,DRM investment overlay
TZ18,Kagera,TZ1808,Kyerwa,Lack of Coping Capacity,Institutional,coping:governance,Governance,3.4,PMO-DMD,INFORM SADC governance,baseline
TZ19,Mwanza,TZ1901,Ukerewe,Hazard & Exposure,Exposure,hazard:exposure,Population Exposure,6.23,NBS,2022 PHC population,"population density, log min-max"
TZ19,Mwanza,TZ1901,Ukerewe,Hazard & Exposure,Natural hazards,hazard:coastalHazards,Coastal Hazards,0,TMA / PMO-DMD,coastal strip,documented overlay
TZ19,Mwanza,TZ1901,Ukerewe,Hazard & Exposure,Natural hazards,hazard:drought,Drought,4.2,TMA / MoA,CHIRPS v3 1991-2024 + ERA5 t2m,"aridity+variability+SPEI+growing-season, min-max"
TZ19,Mwanza,TZ1901,Ukerewe,Hazard & Exposure,Natural hazards,hazard:earthquake,Earthquake,0,INFORM SADC,INFORM seismic,baseline
TZ19,Mwanza,TZ1901,Ukerewe,Hazard & Exposure,Natural hazards,hazard:environmentalDegradation,Environmental Degradation,5.05,INFORM SADC 2024,INFORM Sub-national SADC 2024,baseline
TZ19,Mwanza,TZ1901,Ukerewe,Hazard & Exposure,Natural hazards,hazard:flood,Flood,8.5,PMO-DMD / TMA / MoW,CHIRPS v3 daily + recorded floods,"max(hazard, sqrt(hazard×exposure))"
TZ19,Mwanza,TZ1901,Ukerewe,Hazard & Exposure,Natural hazards,hazard:landslide,Landslide,10,TMA / PMO-DMD,documented rainfall-triggered events,documented overlay
TZ19,Mwanza,TZ1901,Ukerewe,Hazard & Exposure,Natural hazards,hazard:stormsCyclone,Storms Cyclone,0,TMA / PMO-DMD,Cyclone Hidaya 2024 + Lindi 1952 + Zanzibar 1872,documented cyclone/storm exposure overlay
TZ19,Mwanza,TZ1901,Ukerewe,Hazard & Exposure,Natural hazards,hazard:volcano,Volcano,0,INFORM SADC 2024,INFORM Sub-national SADC 2024,baseline
TZ19,Mwanza,TZ1901,Ukerewe,Hazard & Exposure,Natural hazards,hazard:wildfire,Wildfire,2.95,INFORM SADC 2024,INFORM Sub-national SADC 2024,baseline
TZ19,Mwanza,TZ1901,Ukerewe,Hazard & Exposure,Human hazards,hazard:conflictIntensity,Conflict Intensity,0,INFORM SADC 2024,INFORM Sub-national SADC 2024,baseline
TZ19,Mwanza,TZ1901,Ukerewe,Hazard & Exposure,Human hazards,hazard:conflictRisk,Conflict Risk,0.7,INFORM SADC 2024,INFORM Sub-national SADC 2024,baseline
TZ19,Mwanza,TZ1901,Ukerewe,Hazard & Exposure,Human hazards,hazard:internalViolence,Internal Violence,7.35,INFORM SADC 2024,INFORM Sub-national SADC 2024,baseline
TZ19,Mwanza,TZ1901,Ukerewe,Vulnerability,Socio-economic,vulnerability:developmentPoverty,Development Poverty,8.7,NBS,Household Budget Survey 2017/18,poverty headcount
TZ19,Mwanza,TZ1901,Ukerewe,Vulnerability,Socio-economic,vulnerability:economicDependency,Economic Dependency,3.966666667,INFORM SADC 2024,INFORM Sub-national SADC 2024,baseline
TZ19,Mwanza,TZ1901,Ukerewe,Vulnerability,Socio-economic,vulnerability:habitat,Habitat,5.75,INFORM SADC 2024,INFORM Sub-national SADC 2024,baseline
TZ19,Mwanza,TZ1901,Ukerewe,Vulnerability,Socio-economic,vulnerability:livelihoods,Livelihoods,3.2,MUCHALI / IPC (MoA),IPC acute food-insecurity rounds,food-insecurity phase
TZ19,Mwanza,TZ1901,Ukerewe,Vulnerability,Vulnerable groups,vulnerability:displacedPeople,Displaced People,0,INFORM SADC 2024,INFORM Sub-national SADC 2024,baseline
TZ19,Mwanza,TZ1901,Ukerewe,Vulnerability,Vulnerable groups,vulnerability:healthConditions,Health Conditions,3.766666667,INFORM SADC 2024,INFORM Sub-national SADC 2024,baseline
TZ19,Mwanza,TZ1901,Ukerewe,Vulnerability,Vulnerable groups,vulnerability:childrenHealthNutrition,Children Health Nutrition,5.825,MoH,TDHS 2022,under-5 stunting
TZ19,Mwanza,TZ1901,Ukerewe,Lack of Coping Capacity,Infrastructure,coping:accessHealth,Access Health,7.52,MoH,2022 PHC health facilities,resource availability
TZ19,Mwanza,TZ1901,Ukerewe,Lack of Coping Capacity,Infrastructure,coping:economicCapacity,Economic Capacity,8.9,INFORM SADC 2024,INFORM Sub-national SADC 2024,baseline
TZ19,Mwanza,TZ1901,Ukerewe,Lack of Coping Capacity,Infrastructure,coping:wash,Wash,4.5,MoW,2022 PHC water points & boreholes,"resource availability, rank 2-8"
TZ19,Mwanza,TZ1901,Ukerewe,Lack of Coping Capacity,Infrastructure,coping:communication,Communication,7.25,INFORM SADC 2024,INFORM Sub-national SADC 2024,baseline
TZ19,Mwanza,TZ1901,Ukerewe,Lack of Coping Capacity,Infrastructure,coping:education,Education,5.9,NBS / MoH,2022 PHC schools,resource availability
TZ19,Mwanza,TZ1901,Ukerewe,Lack of Coping Capacity,Institutional,coping:drrImplementation,Drr Implementation,3,PMO-DMD / DRR Coordinator,EPRP / EOCC / Anticipatory-Action records,DRM investment overlay
TZ19,Mwanza,TZ1901,Ukerewe,Lack of Coping Capacity,Institutional,coping:governance,Governance,3.5,PMO-DMD,INFORM SADC governance,baseline
TZ19,Mwanza,TZ1902,Magu,Hazard & Exposure,Exposure,hazard:exposure,Population Exposure,5.19,NBS,2022 PHC population,"population density, log min-max"
TZ19,Mwanza,TZ1902,Magu,Hazard & Exposure,Natural hazards,hazard:coastalHazards,Coastal Hazards,0,TMA / PMO-DMD,coastal strip,documented overlay
TZ19,Mwanza,TZ1902,Magu,Hazard & Exposure,Natural hazards,hazard:drought,Drought,4.9,TMA / MoA,CHIRPS v3 1991-2024 + ERA5 t2m,"aridity+variability+SPEI+growing-season, min-max"
TZ19,Mwanza,TZ1902,Magu,Hazard & Exposure,Natural hazards,hazard:earthquake,Earthquake,0,INFORM SADC,INFORM seismic,baseline
TZ19,Mwanza,TZ1902,Magu,Hazard & Exposure,Natural hazards,hazard:environmentalDegradation,Environmental Degradation,3.15,INFORM SADC 2024,INFORM Sub-national SADC 2024,baseline
TZ19,Mwanza,TZ1902,Magu,Hazard & Exposure,Natural hazards,hazard:flood,Flood,6.4,PMO-DMD / TMA / MoW,CHIRPS v3 daily + recorded floods,"max(hazard, sqrt(hazard×exposure))"
TZ19,Mwanza,TZ1902,Magu,Hazard & Exposure,Natural hazards,hazard:landslide,Landslide,2.5,TMA / PMO-DMD,documented rainfall-triggered events,documented overlay
TZ19,Mwanza,TZ1902,Magu,Hazard & Exposure,Natural hazards,hazard:stormsCyclone,Storms Cyclone,0,TMA / PMO-DMD,Cyclone Hidaya 2024 + Lindi 1952 + Zanzibar 1872,documented cyclone/storm exposure overlay
TZ19,Mwanza,TZ1902,Magu,Hazard & Exposure,Natural hazards,hazard:volcano,Volcano,0,INFORM SADC 2024,INFORM Sub-national SADC 2024,baseline
TZ19,Mwanza,TZ1902,Magu,Hazard & Exposure,Natural hazards,hazard:wildfire,Wildfire,2.95,INFORM SADC 2024,INFORM Sub-national SADC 2024,baseline
TZ19,Mwanza,TZ1902,Magu,Hazard & Exposure,Human hazards,hazard:conflictIntensity,Conflict Intensity,0,INFORM SADC 2024,INFORM Sub-national SADC 2024,baseline
TZ19,Mwanza,TZ1902,Magu,Hazard & Exposure,Human hazards,hazard:conflictRisk,Conflict Risk,0.7,INFORM SADC 2024,INFORM Sub-national SADC 2024,baseline
TZ19,Mwanza,TZ1902,Magu,Hazard & Exposure,Human hazards,hazard:internalViolence,Internal Violence,7.35,INFORM SADC 2024,INFORM Sub-national SADC 2024,baseline
TZ19,Mwanza,TZ1902,Magu,Vulnerability,Socio-economic,vulnerability:developmentPoverty,Development Poverty,8.7,NBS,Household Budget Survey 2017/18,poverty headcount
TZ19,Mwanza,TZ1902,Magu,Vulnerability,Socio-economic,vulnerability:economicDependency,Economic Dependency,3.966666667,INFORM SADC 2024,INFORM Sub-national SADC 2024,baseline
TZ19,Mwanza,TZ1902,Magu,Vulnerability,Socio-economic,vulnerability:habitat,Habitat,5.75,INFORM SADC 2024,INFORM Sub-national SADC 2024,baseline
TZ19,Mwanza,TZ1902,Magu,Vulnerability,Socio-economic,vulnerability:livelihoods,Livelihoods,3.2,MUCHALI / IPC (MoA),IPC acute food-insecurity rounds,food-insecurity phase
TZ19,Mwanza,TZ1902,Magu,Vulnerability,Vulnerable groups,vulnerability:displacedPeople,Displaced People,0,INFORM SADC 2024,INFORM Sub-national SADC 2024,baseline
TZ19,Mwanza,TZ1902,Magu,Vulnerability,Vulnerable groups,vulnerability:healthConditions,Health Conditions,3.766666667,INFORM SADC 2024,INFORM Sub-national SADC 2024,baseline
TZ19,Mwanza,TZ1902,Magu,Vulnerability,Vulnerable groups,vulnerability:childrenHealthNutrition,Children Health Nutrition,5.825,MoH,TDHS 2022,under-5 stunting
TZ19,Mwanza,TZ1902,Magu,Lack of Coping Capacity,Infrastructure,coping:accessHealth,Access Health,7.52,MoH,2022 PHC health facilities,resource availability
TZ19,Mwanza,TZ1902,Magu,Lack of Coping Capacity,Infrastructure,coping:economicCapacity,Economic Capacity,8.9,INFORM SADC 2024,INFORM Sub-national SADC 2024,baseline
TZ19,Mwanza,TZ1902,Magu,Lack of Coping Capacity,Infrastructure,coping:wash,Wash,4.6,MoW,2022 PHC water points & boreholes,"resource availability, rank 2-8"
TZ19,Mwanza,TZ1902,Magu,Lack of Coping Capacity,Infrastructure,coping:communication,Communication,7.25,INFORM SADC 2024,INFORM Sub-national SADC 2024,baseline
TZ19,Mwanza,TZ1902,Magu,Lack of Coping Capacity,Infrastructure,coping:education,Education,5.9,NBS / MoH,2022 PHC schools,resource availability
TZ19,Mwanza,TZ1902,Magu,Lack of Coping Capacity,Institutional,coping:drrImplementation,Drr Implementation,3,PMO-DMD / DRR Coordinator,EPRP / EOCC / Anticipatory-Action records,DRM investment overlay
TZ19,Mwanza,TZ1902,Magu,Lack of Coping Capacity,Institutional,coping:governance,Governance,3.5,PMO-DMD,INFORM SADC governance,baseline
TZ19,Mwanza,TZ1903,Nyamagana,Hazard & Exposure,Exposure,hazard:exposure,Population Exposure,8.22,NBS,2022 PHC population,"population density, log min-max"
TZ19,Mwanza,TZ1903,Nyamagana,Hazard & Exposure,Natural hazards,hazard:coastalHazards,Coastal Hazards,0,TMA / PMO-DMD,coastal strip,documented overlay
TZ19,Mwanza,TZ1903,Nyamagana,Hazard & Exposure,Natural hazards,hazard:drought,Drought,5.9,TMA / MoA,CHIRPS v3 1991-2024 + ERA5 t2m,"aridity+variability+SPEI+growing-season, min-max"
TZ19,Mwanza,TZ1903,Nyamagana,Hazard & Exposure,Natural hazards,hazard:earthquake,Earthquake,0,INFORM SADC,INFORM seismic,baseline
TZ19,Mwanza,TZ1903,Nyamagana,Hazard & Exposure,Natural hazards,hazard:environmentalDegradation,Environmental Degradation,1.9,INFORM SADC 2024,INFORM Sub-national SADC 2024,baseline
TZ19,Mwanza,TZ1903,Nyamagana,Hazard & Exposure,Natural hazards,hazard:flood,Flood,5.3,PMO-DMD / TMA / MoW,CHIRPS v3 daily + recorded floods,"max(hazard, sqrt(hazard×exposure))"
TZ19,Mwanza,TZ1903,Nyamagana,Hazard & Exposure,Natural hazards,hazard:landslide,Landslide,2.4,TMA / PMO-DMD,documented rainfall-triggered events,documented overlay
TZ19,Mwanza,TZ1903,Nyamagana,Hazard & Exposure,Natural hazards,hazard:stormsCyclone,Storms Cyclone,0,TMA / PMO-DMD,Cyclone Hidaya 2024 + Lindi 1952 + Zanzibar 1872,documented cyclone/storm exposure overlay
TZ19,Mwanza,TZ1903,Nyamagana,Hazard & Exposure,Natural hazards,hazard:volcano,Volcano,0,INFORM SADC 2024,INFORM Sub-national SADC 2024,baseline
TZ19,Mwanza,TZ1903,Nyamagana,Hazard & Exposure,Natural hazards,hazard:wildfire,Wildfire,2.95,INFORM SADC 2024,INFORM Sub-national SADC 2024,baseline
TZ19,Mwanza,TZ1903,Nyamagana,Hazard & Exposure,Human hazards,hazard:conflictIntensity,Conflict Intensity,0,INFORM SADC 2024,INFORM Sub-national SADC 2024,baseline
TZ19,Mwanza,TZ1903,Nyamagana,Hazard & Exposure,Human hazards,hazard:conflictRisk,Conflict Risk,0.7,INFORM SADC 2024,INFORM Sub-national SADC 2024,baseline
TZ19,Mwanza,TZ1903,Nyamagana,Hazard & Exposure,Human hazards,hazard:internalViolence,Internal Violence,7.35,INFORM SADC 2024,INFORM Sub-national SADC 2024,baseline
TZ19,Mwanza,TZ1903,Nyamagana,Vulnerability,Socio-economic,vulnerability:developmentPoverty,Development Poverty,8.7,NBS,Household Budget Survey 2017/18,poverty headcount
TZ19,Mwanza,TZ1903,Nyamagana,Vulnerability,Socio-economic,vulnerability:economicDependency,Economic Dependency,3.966666667,INFORM SADC 2024,INFORM Sub-national SADC 2024,baseline
TZ19,Mwanza,TZ1903,Nyamagana,Vulnerability,Socio-economic,vulnerability:habitat,Habitat,5.75,INFORM SADC 2024,INFORM Sub-national SADC 2024,baseline
TZ19,Mwanza,TZ1903,Nyamagana,Vulnerability,Socio-economic,vulnerability:livelihoods,Livelihoods,3.2,MUCHALI / IPC (MoA),IPC acute food-insecurity rounds,food-insecurity phase
TZ19,Mwanza,TZ1903,Nyamagana,Vulnerability,Vulnerable groups,vulnerability:displacedPeople,Displaced People,0,INFORM SADC 2024,INFORM Sub-national SADC 2024,baseline
TZ19,Mwanza,TZ1903,Nyamagana,Vulnerability,Vulnerable groups,vulnerability:healthConditions,Health Conditions,3.766666667,INFORM SADC 2024,INFORM Sub-national SADC 2024,baseline
TZ19,Mwanza,TZ1903,Nyamagana,Vulnerability,Vulnerable groups,vulnerability:childrenHealthNutrition,Children Health Nutrition,5.825,MoH,TDHS 2022,under-5 stunting
TZ19,Mwanza,TZ1903,Nyamagana,Lack of Coping Capacity,Infrastructure,coping:accessHealth,Access Health,7.52,MoH,2022 PHC health facilities,resource availability
TZ19,Mwanza,TZ1903,Nyamagana,Lack of Coping Capacity,Infrastructure,coping:economicCapacity,Economic Capacity,8.9,INFORM SADC 2024,INFORM Sub-national SADC 2024,baseline
TZ19,Mwanza,TZ1903,Nyamagana,Lack of Coping Capacity,Infrastructure,coping:wash,Wash,6.9,MoW,2022 PHC water points & boreholes,"resource availability, rank 2-8"
TZ19,Mwanza,TZ1903,Nyamagana,Lack of Coping Capacity,Infrastructure,coping:communication,Communication,7.25,INFORM SADC 2024,INFORM Sub-national SADC 2024,baseline
TZ19,Mwanza,TZ1903,Nyamagana,Lack of Coping Capacity,Infrastructure,coping:education,Education,5.9,NBS / MoH,2022 PHC schools,resource availability
TZ19,Mwanza,TZ1903,Nyamagana,Lack of Coping Capacity,Institutional,coping:drrImplementation,Drr Implementation,3,PMO-DMD / DRR Coordinator,EPRP / EOCC / Anticipatory-Action records,DRM investment overlay
TZ19,Mwanza,TZ1903,Nyamagana,Lack of Coping Capacity,Institutional,coping:governance,Governance,3.5,PMO-DMD,INFORM SADC governance,baseline
TZ19,Mwanza,TZ1904,Kwimba,Hazard & Exposure,Exposure,hazard:exposure,Population Exposure,4.44,NBS,2022 PHC population,"population density, log min-max"
TZ19,Mwanza,TZ1904,Kwimba,Hazard & Exposure,Natural hazards,hazard:coastalHazards,Coastal Hazards,0,TMA / PMO-DMD,coastal strip,documented overlay
TZ19,Mwanza,TZ1904,Kwimba,Hazard & Exposure,Natural hazards,hazard:drought,Drought,3.6,TMA / MoA,CHIRPS v3 1991-2024 + ERA5 t2m,"aridity+variability+SPEI+growing-season, min-max"
TZ19,Mwanza,TZ1904,Kwimba,Hazard & Exposure,Natural hazards,hazard:earthquake,Earthquake,0.4,INFORM SADC,INFORM seismic,baseline
TZ19,Mwanza,TZ1904,Kwimba,Hazard & Exposure,Natural hazards,hazard:environmentalDegradation,Environmental Degradation,2.9,INFORM SADC 2024,INFORM Sub-national SADC 2024,baseline
TZ19,Mwanza,TZ1904,Kwimba,Hazard & Exposure,Natural hazards,hazard:flood,Flood,3.7,PMO-DMD / TMA / MoW,CHIRPS v3 daily + recorded floods,"max(hazard, sqrt(hazard×exposure))"
TZ19,Mwanza,TZ1904,Kwimba,Hazard & Exposure,Natural hazards,hazard:landslide,Landslide,0,TMA / PMO-DMD,documented rainfall-triggered events,documented overlay
TZ19,Mwanza,TZ1904,Kwimba,Hazard & Exposure,Natural hazards,hazard:stormsCyclone,Storms Cyclone,0,TMA / PMO-DMD,Cyclone Hidaya 2024 + Lindi 1952 + Zanzibar 1872,documented cyclone/storm exposure overlay
TZ19,Mwanza,TZ1904,Kwimba,Hazard & Exposure,Natural hazards,hazard:volcano,Volcano,0,INFORM SADC 2024,INFORM Sub-national SADC 2024,baseline
TZ19,Mwanza,TZ1904,Kwimba,Hazard & Exposure,Natural hazards,hazard:wildfire,Wildfire,2.95,INFORM SADC 2024,INFORM Sub-national SADC 2024,baseline
TZ19,Mwanza,TZ1904,Kwimba,Hazard & Exposure,Human hazards,hazard:conflictIntensity,Conflict Intensity,0,INFORM SADC 2024,INFORM Sub-national SADC 2024,baseline
TZ19,Mwanza,TZ1904,Kwimba,Hazard & Exposure,Human hazards,hazard:conflictRisk,Conflict Risk,0.7,INFORM SADC 2024,INFORM Sub-national SADC 2024,baseline
TZ19,Mwanza,TZ1904,Kwimba,Hazard & Exposure,Human hazards,hazard:internalViolence,Internal Violence,7.35,INFORM SADC 2024,INFORM Sub-national SADC 2024,baseline
TZ19,Mwanza,TZ1904,Kwimba,Vulnerability,Socio-economic,vulnerability:developmentPoverty,Development Poverty,8.7,NBS,Household Budget Survey 2017/18,poverty headcount
TZ19,Mwanza,TZ1904,Kwimba,Vulnerability,Socio-economic,vulnerability:economicDependency,Economic Dependency,3.966666667,INFORM SADC 2024,INFORM Sub-national SADC 2024,baseline
TZ19,Mwanza,TZ1904,Kwimba,Vulnerability,Socio-economic,vulnerability:habitat,Habitat,5.75,INFORM SADC 2024,INFORM Sub-national SADC 2024,baseline
TZ19,Mwanza,TZ1904,Kwimba,Vulnerability,Socio-economic,vulnerability:livelihoods,Livelihoods,3.2,MUCHALI / IPC (MoA),IPC acute food-insecurity rounds,food-insecurity phase
TZ19,Mwanza,TZ1904,Kwimba,Vulnerability,Vulnerable groups,vulnerability:displacedPeople,Displaced People,0,INFORM SADC 2024,INFORM Sub-national SADC 2024,baseline
TZ19,Mwanza,TZ1904,Kwimba,Vulnerability,Vulnerable groups,vulnerability:healthConditions,Health Conditions,3.766666667,INFORM SADC 2024,INFORM Sub-national SADC 2024,baseline
TZ19,Mwanza,TZ1904,Kwimba,Vulnerability,Vulnerable groups,vulnerability:childrenHealthNutrition,Children Health Nutrition,5.825,MoH,TDHS 2022,under-5 stunting
TZ19,Mwanza,TZ1904,Kwimba,Lack of Coping Capacity,Infrastructure,coping:accessHealth,Access Health,7.52,MoH,2022 PHC health facilities,resource availability
TZ19,Mwanza,TZ1904,Kwimba,Lack of Coping Capacity,Infrastructure,coping:economicCapacity,Economic Capacity,8.9,INFORM SADC 2024,INFORM Sub-national SADC 2024,baseline
TZ19,Mwanza,TZ1904,Kwimba,Lack of Coping Capacity,Infrastructure,coping:wash,Wash,3.3,MoW,2022 PHC water points & boreholes,"resource availability, rank 2-8"
TZ19,Mwanza,TZ1904,Kwimba,Lack of Coping Capacity,Infrastructure,coping:communication,Communication,7.25,INFORM SADC 2024,INFORM Sub-national SADC 2024,baseline
TZ19,Mwanza,TZ1904,Kwimba,Lack of Coping Capacity,Infrastructure,coping:education,Education,5.9,NBS / MoH,2022 PHC schools,resource availability
TZ19,Mwanza,TZ1904,Kwimba,Lack of Coping Capacity,Institutional,coping:drrImplementation,Drr Implementation,3,PMO-DMD / DRR Coordinator,EPRP / EOCC / Anticipatory-Action records,DRM investment overlay
TZ19,Mwanza,TZ1904,Kwimba,Lack of Coping Capacity,Institutional,coping:governance,Governance,3.5,PMO-DMD,INFORM SADC governance,baseline
TZ19,Mwanza,TZ1905,Sengerema,Hazard & Exposure,Exposure,hazard:exposure,Population Exposure,4.32,NBS,2022 PHC population,"population density, log min-max"
TZ19,Mwanza,TZ1905,Sengerema,Hazard & Exposure,Natural hazards,hazard:coastalHazards,Coastal Hazards,0,TMA / PMO-DMD,coastal strip,documented overlay
TZ19,Mwanza,TZ1905,Sengerema,Hazard & Exposure,Natural hazards,hazard:drought,Drought,4.5,TMA / MoA,CHIRPS v3 1991-2024 + ERA5 t2m,"aridity+variability+SPEI+growing-season, min-max"
TZ19,Mwanza,TZ1905,Sengerema,Hazard & Exposure,Natural hazards,hazard:earthquake,Earthquake,0,INFORM SADC,INFORM seismic,baseline
TZ19,Mwanza,TZ1905,Sengerema,Hazard & Exposure,Natural hazards,hazard:environmentalDegradation,Environmental Degradation,5,INFORM SADC 2024,INFORM Sub-national SADC 2024,baseline
TZ19,Mwanza,TZ1905,Sengerema,Hazard & Exposure,Natural hazards,hazard:flood,Flood,7.9,PMO-DMD / TMA / MoW,CHIRPS v3 daily + recorded floods,"max(hazard, sqrt(hazard×exposure))"
TZ19,Mwanza,TZ1905,Sengerema,Hazard & Exposure,Natural hazards,hazard:landslide,Landslide,7,TMA / PMO-DMD,documented rainfall-triggered events,documented overlay
TZ19,Mwanza,TZ1905,Sengerema,Hazard & Exposure,Natural hazards,hazard:stormsCyclone,Storms Cyclone,0,TMA / PMO-DMD,Cyclone Hidaya 2024 + Lindi 1952 + Zanzibar 1872,documented cyclone/storm exposure overlay
TZ19,Mwanza,TZ1905,Sengerema,Hazard & Exposure,Natural hazards,hazard:volcano,Volcano,0,INFORM SADC 2024,INFORM Sub-national SADC 2024,baseline
TZ19,Mwanza,TZ1905,Sengerema,Hazard & Exposure,Natural hazards,hazard:wildfire,Wildfire,2.95,INFORM SADC 2024,INFORM Sub-national SADC 2024,baseline
TZ19,Mwanza,TZ1905,Sengerema,Hazard & Exposure,Human hazards,hazard:conflictIntensity,Conflict Intensity,0,INFORM SADC 2024,INFORM Sub-national SADC 2024,baseline
TZ19,Mwanza,TZ1905,Sengerema,Hazard & Exposure,Human hazards,hazard:conflictRisk,Conflict Risk,0.7,INFORM SADC 2024,INFORM Sub-national SADC 2024,baseline
TZ19,Mwanza,TZ1905,Sengerema,Hazard & Exposure,Human hazards,hazard:internalViolence,Internal Violence,7.35,INFORM SADC 2024,INFORM Sub-national SADC 2024,baseline
TZ19,Mwanza,TZ1905,Sengerema,Vulnerability,Socio-economic,vulnerability:developmentPoverty,Development Poverty,8.7,NBS,Household Budget Survey 2017/18,poverty headcount
TZ19,Mwanza,TZ1905,Sengerema,Vulnerability,Socio-economic,vulnerability:economicDependency,Economic Dependency,3.966666667,INFORM SADC 2024,INFORM Sub-national SADC 2024,baseline
TZ19,Mwanza,TZ1905,Sengerema,Vulnerability,Socio-economic,vulnerability:habitat,Habitat,5.75,INFORM SADC 2024,INFORM Sub-national SADC 2024,baseline
TZ19,Mwanza,TZ1905,Sengerema,Vulnerability,Socio-economic,vulnerability:livelihoods,Livelihoods,3.2,MUCHALI / IPC (MoA),IPC acute food-insecurity rounds,food-insecurity phase
TZ19,Mwanza,TZ1905,Sengerema,Vulnerability,Vulnerable groups,vulnerability:displacedPeople,Displaced People,0,INFORM SADC 2024,INFORM Sub-national SADC 2024,baseline
TZ19,Mwanza,TZ1905,Sengerema,Vulnerability,Vulnerable groups,vulnerability:healthConditions,Health Conditions,3.766666667,INFORM SADC 2024,INFORM Sub-national SADC 2024,baseline
TZ19,Mwanza,TZ1905,Sengerema,Vulnerability,Vulnerable groups,vulnerability:childrenHealthNutrition,Children Health Nutrition,5.825,MoH,TDHS 2022,under-5 stunting
TZ19,Mwanza,TZ1905,Sengerema,Lack of Coping Capacity,Infrastructure,coping:accessHealth,Access Health,7.52,MoH,2022 PHC health facilities,resource availability
TZ19,Mwanza,TZ1905,Sengerema,Lack of Coping Capacity,Infrastructure,coping:economicCapacity,Economic Capacity,8.9,INFORM SADC 2024,INFORM Sub-national SADC 2024,baseline
TZ19,Mwanza,TZ1905,Sengerema,Lack of Coping Capacity,Infrastructure,coping:wash,Wash,2.8,MoW,2022 PHC water points & boreholes,"resource availability, rank 2-8"
TZ19,Mwanza,TZ1905,Sengerema,Lack of Coping Capacity,Infrastructure,coping:communication,Communication,7.25,INFORM SADC 2024,INFORM Sub-national SADC 2024,baseline
TZ19,Mwanza,TZ1905,Sengerema,Lack of Coping Capacity,Infrastructure,coping:education,Education,5.9,NBS / MoH,2022 PHC schools,resource availability
TZ19,Mwanza,TZ1905,Sengerema,Lack of Coping Capacity,Institutional,coping:drrImplementation,Drr Implementation,3,PMO-DMD / DRR Coordinator,EPRP / EOCC / Anticipatory-Action records,DRM investment overlay
TZ19,Mwanza,TZ1905,Sengerema,Lack of Coping Capacity,Institutional,coping:governance,Governance,3.5,PMO-DMD,INFORM SADC governance,baseline
TZ19,Mwanza,TZ1906,Ilemela,Hazard & Exposure,Exposure,hazard:exposure,Population Exposure,7.65,NBS,2022 PHC population,"population density, log min-max"
TZ19,Mwanza,TZ1906,Ilemela,Hazard & Exposure,Natural hazards,hazard:coastalHazards,Coastal Hazards,0,TMA / PMO-DMD,coastal strip,documented overlay
TZ19,Mwanza,TZ1906,Ilemela,Hazard & Exposure,Natural hazards,hazard:drought,Drought,4.9,TMA / MoA,CHIRPS v3 1991-2024 + ERA5 t2m,"aridity+variability+SPEI+growing-season, min-max"
TZ19,Mwanza,TZ1906,Ilemela,Hazard & Exposure,Natural hazards,hazard:earthquake,Earthquake,0,INFORM SADC,INFORM seismic,baseline
TZ19,Mwanza,TZ1906,Ilemela,Hazard & Exposure,Natural hazards,hazard:environmentalDegradation,Environmental Degradation,3.9,INFORM SADC 2024,INFORM Sub-national SADC 2024,baseline
TZ19,Mwanza,TZ1906,Ilemela,Hazard & Exposure,Natural hazards,hazard:flood,Flood,7.3,PMO-DMD / TMA / MoW,CHIRPS v3 daily + recorded floods,"max(hazard, sqrt(hazard×exposure))"
TZ19,Mwanza,TZ1906,Ilemela,Hazard & Exposure,Natural hazards,hazard:landslide,Landslide,3.9,TMA / PMO-DMD,documented rainfall-triggered events,documented overlay
TZ19,Mwanza,TZ1906,Ilemela,Hazard & Exposure,Natural hazards,hazard:stormsCyclone,Storms Cyclone,0,TMA / PMO-DMD,Cyclone Hidaya 2024 + Lindi 1952 + Zanzibar 1872,documented cyclone/storm exposure overlay
TZ19,Mwanza,TZ1906,Ilemela,Hazard & Exposure,Natural hazards,hazard:volcano,Volcano,0,INFORM SADC 2024,INFORM Sub-national SADC 2024,baseline
TZ19,Mwanza,TZ1906,Ilemela,Hazard & Exposure,Natural hazards,hazard:wildfire,Wildfire,2.95,INFORM SADC 2024,INFORM Sub-national SADC 2024,baseline
TZ19,Mwanza,TZ1906,Ilemela,Hazard & Exposure,Human hazards,hazard:conflictIntensity,Conflict Intensity,0,INFORM SADC 2024,INFORM Sub-national SADC 2024,baseline
TZ19,Mwanza,TZ1906,Ilemela,Hazard & Exposure,Human hazards,hazard:conflictRisk,Conflict Risk,0.7,INFORM SADC 2024,INFORM Sub-national SADC 2024,baseline
TZ19,Mwanza,TZ1906,Ilemela,Hazard & Exposure,Human hazards,hazard:internalViolence,Internal Violence,7.35,INFORM SADC 2024,INFORM Sub-national SADC 2024,baseline
TZ19,Mwanza,TZ1906,Ilemela,Vulnerability,Socio-economic,vulnerability:developmentPoverty,Development Poverty,8.7,NBS,Household Budget Survey 2017/18,poverty headcount
TZ19,Mwanza,TZ1906,Ilemela,Vulnerability,Socio-economic,vulnerability:economicDependency,Economic Dependency,3.966666667,INFORM SADC 2024,INFORM Sub-national SADC 2024,baseline
TZ19,Mwanza,TZ1906,Ilemela,Vulnerability,Socio-economic,vulnerability:habitat,Habitat,5.75,INFORM SADC 2024,INFORM Sub-national SADC 2024,baseline
TZ19,Mwanza,TZ1906,Ilemela,Vulnerability,Socio-economic,vulnerability:livelihoods,Livelihoods,3.2,MUCHALI / IPC (MoA),IPC acute food-insecurity rounds,food-insecurity phase
TZ19,Mwanza,TZ1906,Ilemela,Vulnerability,Vulnerable groups,vulnerability:displacedPeople,Displaced People,0,INFORM SADC 2024,INFORM Sub-national SADC 2024,baseline
TZ19,Mwanza,TZ1906,Ilemela,Vulnerability,Vulnerable groups,vulnerability:healthConditions,Health Conditions,3.766666667,INFORM SADC 2024,INFORM Sub-national SADC 2024,baseline
TZ19,Mwanza,TZ1906,Ilemela,Vulnerability,Vulnerable groups,vulnerability:childrenHealthNutrition,Children Health Nutrition,5.825,MoH,TDHS 2022,under-5 stunting
TZ19,Mwanza,TZ1906,Ilemela,Lack of Coping Capacity,Infrastructure,coping:accessHealth,Access Health,7.52,MoH,2022 PHC health facilities,resource availability
TZ19,Mwanza,TZ1906,Ilemela,Lack of Coping Capacity,Infrastructure,coping:economicCapacity,Economic Capacity,8.9,INFORM SADC 2024,INFORM Sub-national SADC 2024,baseline
TZ19,Mwanza,TZ1906,Ilemela,Lack of Coping Capacity,Infrastructure,coping:wash,Wash,7.1,MoW,2022 PHC water points & boreholes,"resource availability, rank 2-8"
TZ19,Mwanza,TZ1906,Ilemela,Lack of Coping Capacity,Infrastructure,coping:communication,Communication,7.25,INFORM SADC 2024,INFORM Sub-national SADC 2024,baseline
TZ19,Mwanza,TZ1906,Ilemela,Lack of Coping Capacity,Infrastructure,coping:education,Education,5.9,NBS / MoH,2022 PHC schools,resource availability
TZ19,Mwanza,TZ1906,Ilemela,Lack of Coping Capacity,Institutional,coping:drrImplementation,Drr Implementation,3,PMO-DMD / DRR Coordinator,EPRP / EOCC / Anticipatory-Action records,DRM investment overlay
TZ19,Mwanza,TZ1906,Ilemela,Lack of Coping Capacity,Institutional,coping:governance,Governance,3.5,PMO-DMD,INFORM SADC governance,baseline
TZ19,Mwanza,TZ1907,Misungwi,Hazard & Exposure,Exposure,hazard:exposure,Population Exposure,4.67,NBS,2022 PHC population,"population density, log min-max"
TZ19,Mwanza,TZ1907,Misungwi,Hazard & Exposure,Natural hazards,hazard:coastalHazards,Coastal Hazards,0,TMA / PMO-DMD,coastal strip,documented overlay
TZ19,Mwanza,TZ1907,Misungwi,Hazard & Exposure,Natural hazards,hazard:drought,Drought,3.7,TMA / MoA,CHIRPS v3 1991-2024 + ERA5 t2m,"aridity+variability+SPEI+growing-season, min-max"
TZ19,Mwanza,TZ1907,Misungwi,Hazard & Exposure,Natural hazards,hazard:earthquake,Earthquake,0,INFORM SADC,INFORM seismic,baseline
TZ19,Mwanza,TZ1907,Misungwi,Hazard & Exposure,Natural hazards,hazard:environmentalDegradation,Environmental Degradation,3.55,INFORM SADC 2024,INFORM Sub-national SADC 2024,baseline
TZ19,Mwanza,TZ1907,Misungwi,Hazard & Exposure,Natural hazards,hazard:flood,Flood,4.6,PMO-DMD / TMA / MoW,CHIRPS v3 daily + recorded floods,"max(hazard, sqrt(hazard×exposure))"
TZ19,Mwanza,TZ1907,Misungwi,Hazard & Exposure,Natural hazards,hazard:landslide,Landslide,1.6,TMA / PMO-DMD,documented rainfall-triggered events,documented overlay
TZ19,Mwanza,TZ1907,Misungwi,Hazard & Exposure,Natural hazards,hazard:stormsCyclone,Storms Cyclone,0,TMA / PMO-DMD,Cyclone Hidaya 2024 + Lindi 1952 + Zanzibar 1872,documented cyclone/storm exposure overlay
TZ19,Mwanza,TZ1907,Misungwi,Hazard & Exposure,Natural hazards,hazard:volcano,Volcano,0,INFORM SADC 2024,INFORM Sub-national SADC 2024,baseline
TZ19,Mwanza,TZ1907,Misungwi,Hazard & Exposure,Natural hazards,hazard:wildfire,Wildfire,2.95,INFORM SADC 2024,INFORM Sub-national SADC 2024,baseline
TZ19,Mwanza,TZ1907,Misungwi,Hazard & Exposure,Human hazards,hazard:conflictIntensity,Conflict Intensity,0,INFORM SADC 2024,INFORM Sub-national SADC 2024,baseline
TZ19,Mwanza,TZ1907,Misungwi,Hazard & Exposure,Human hazards,hazard:conflictRisk,Conflict Risk,0.7,INFORM SADC 2024,INFORM Sub-national SADC 2024,baseline
TZ19,Mwanza,TZ1907,Misungwi,Hazard & Exposure,Human hazards,hazard:internalViolence,Internal Violence,7.35,INFORM SADC 2024,INFORM Sub-national SADC 2024,baseline
TZ19,Mwanza,TZ1907,Misungwi,Vulnerability,Socio-economic,vulnerability:developmentPoverty,Development Poverty,8.7,NBS,Household Budget Survey 2017/18,poverty headcount
TZ19,Mwanza,TZ1907,Misungwi,Vulnerability,Socio-economic,vulnerability:economicDependency,Economic Dependency,3.966666667,INFORM SADC 2024,INFORM Sub-national SADC 2024,baseline
TZ19,Mwanza,TZ1907,Misungwi,Vulnerability,Socio-economic,vulnerability:habitat,Habitat,5.75,INFORM SADC 2024,INFORM Sub-national SADC 2024,baseline
TZ19,Mwanza,TZ1907,Misungwi,Vulnerability,Socio-economic,vulnerability:livelihoods,Livelihoods,3.2,MUCHALI / IPC (MoA),IPC acute food-insecurity rounds,food-insecurity phase
TZ19,Mwanza,TZ1907,Misungwi,Vulnerability,Vulnerable groups,vulnerability:displacedPeople,Displaced People,0,INFORM SADC 2024,INFORM Sub-national SADC 2024,baseline
TZ19,Mwanza,TZ1907,Misungwi,Vulnerability,Vulnerable groups,vulnerability:healthConditions,Health Conditions,3.766666667,INFORM SADC 2024,INFORM Sub-national SADC 2024,baseline
TZ19,Mwanza,TZ1907,Misungwi,Vulnerability,Vulnerable groups,vulnerability:childrenHealthNutrition,Children Health Nutrition,5.825,MoH,TDHS 2022,under-5 stunting
TZ19,Mwanza,TZ1907,Misungwi,Lack of Coping Capacity,Infrastructure,coping:accessHealth,Access Health,7.52,MoH,2022 PHC health facilities,resource availability
TZ19,Mwanza,TZ1907,Misungwi,Lack of Coping Capacity,Infrastructure,coping:economicCapacity,Economic Capacity,8.9,INFORM SADC 2024,INFORM Sub-national SADC 2024,baseline
TZ19,Mwanza,TZ1907,Misungwi,Lack of Coping Capacity,Infrastructure,coping:wash,Wash,3,MoW,2022 PHC water points & boreholes,"resource availability, rank 2-8"
TZ19,Mwanza,TZ1907,Misungwi,Lack of Coping Capacity,Infrastructure,coping:communication,Communication,7.25,INFORM SADC 2024,INFORM Sub-national SADC 2024,baseline
TZ19,Mwanza,TZ1907,Misungwi,Lack of Coping Capacity,Infrastructure,coping:education,Education,5.9,NBS / MoH,2022 PHC schools,resource availability
TZ19,Mwanza,TZ1907,Misungwi,Lack of Coping Capacity,Institutional,coping:drrImplementation,Drr Implementation,3,PMO-DMD / DRR Coordinator,EPRP / EOCC / Anticipatory-Action records,DRM investment overlay
TZ19,Mwanza,TZ1907,Misungwi,Lack of Coping Capacity,Institutional,coping:governance,Governance,3.5,PMO-DMD,INFORM SADC governance,baseline
TZ20,Mara,TZ2001,Tarime,Hazard & Exposure,Exposure,hazard:exposure,Population Exposure,5.49,NBS,2022 PHC population,"population density, log min-max"
TZ20,Mara,TZ2001,Tarime,Hazard & Exposure,Natural hazards,hazard:coastalHazards,Coastal Hazards,0,TMA / PMO-DMD,coastal strip,documented overlay
TZ20,Mara,TZ2001,Tarime,Hazard & Exposure,Natural hazards,hazard:drought,Drought,1.8,TMA / MoA,CHIRPS v3 1991-2024 + ERA5 t2m,"aridity+variability+SPEI+growing-season, min-max"
TZ20,Mara,TZ2001,Tarime,Hazard & Exposure,Natural hazards,hazard:earthquake,Earthquake,6.2,INFORM SADC,INFORM seismic,baseline
TZ20,Mara,TZ2001,Tarime,Hazard & Exposure,Natural hazards,hazard:environmentalDegradation,Environmental Degradation,4.55,INFORM SADC 2024,INFORM Sub-national SADC 2024,baseline
TZ20,Mara,TZ2001,Tarime,Hazard & Exposure,Natural hazards,hazard:flood,Flood,3.2,PMO-DMD / TMA / MoW,CHIRPS v3 daily + recorded floods,"max(hazard, sqrt(hazard×exposure))"
TZ20,Mara,TZ2001,Tarime,Hazard & Exposure,Natural hazards,hazard:landslide,Landslide,3.4,TMA / PMO-DMD,documented rainfall-triggered events,documented overlay
TZ20,Mara,TZ2001,Tarime,Hazard & Exposure,Natural hazards,hazard:stormsCyclone,Storms Cyclone,0,TMA / PMO-DMD,Cyclone Hidaya 2024 + Lindi 1952 + Zanzibar 1872,documented cyclone/storm exposure overlay
TZ20,Mara,TZ2001,Tarime,Hazard & Exposure,Natural hazards,hazard:volcano,Volcano,0,INFORM SADC 2024,INFORM Sub-national SADC 2024,baseline
TZ20,Mara,TZ2001,Tarime,Hazard & Exposure,Natural hazards,hazard:wildfire,Wildfire,5.55,INFORM SADC 2024,INFORM Sub-national SADC 2024,baseline
TZ20,Mara,TZ2001,Tarime,Hazard & Exposure,Human hazards,hazard:conflictIntensity,Conflict Intensity,0,INFORM SADC 2024,INFORM Sub-national SADC 2024,baseline
TZ20,Mara,TZ2001,Tarime,Hazard & Exposure,Human hazards,hazard:conflictRisk,Conflict Risk,0.7,INFORM SADC 2024,INFORM Sub-national SADC 2024,baseline
TZ20,Mara,TZ2001,Tarime,Hazard & Exposure,Human hazards,hazard:internalViolence,Internal Violence,6.65,INFORM SADC 2024,INFORM Sub-national SADC 2024,baseline
TZ20,Mara,TZ2001,Tarime,Vulnerability,Socio-economic,vulnerability:developmentPoverty,Development Poverty,8.3,NBS,Household Budget Survey 2017/18,poverty headcount
TZ20,Mara,TZ2001,Tarime,Vulnerability,Socio-economic,vulnerability:economicDependency,Economic Dependency,4.5,INFORM SADC 2024,INFORM Sub-national SADC 2024,baseline
TZ20,Mara,TZ2001,Tarime,Vulnerability,Socio-economic,vulnerability:habitat,Habitat,5.15,INFORM SADC 2024,INFORM Sub-national SADC 2024,baseline
TZ20,Mara,TZ2001,Tarime,Vulnerability,Socio-economic,vulnerability:livelihoods,Livelihoods,0,MUCHALI / IPC (MoA),IPC acute food-insecurity rounds,food-insecurity phase
TZ20,Mara,TZ2001,Tarime,Vulnerability,Vulnerable groups,vulnerability:displacedPeople,Displaced People,0,INFORM SADC 2024,INFORM Sub-national SADC 2024,baseline
TZ20,Mara,TZ2001,Tarime,Vulnerability,Vulnerable groups,vulnerability:healthConditions,Health Conditions,5.3,INFORM SADC 2024,INFORM Sub-national SADC 2024,baseline
TZ20,Mara,TZ2001,Tarime,Vulnerability,Vulnerable groups,vulnerability:childrenHealthNutrition,Children Health Nutrition,5.3,MoH,TDHS 2022,under-5 stunting
TZ20,Mara,TZ2001,Tarime,Lack of Coping Capacity,Infrastructure,coping:accessHealth,Access Health,5.96,MoH,2022 PHC health facilities,resource availability
TZ20,Mara,TZ2001,Tarime,Lack of Coping Capacity,Infrastructure,coping:economicCapacity,Economic Capacity,8.866666667,INFORM SADC 2024,INFORM Sub-national SADC 2024,baseline
TZ20,Mara,TZ2001,Tarime,Lack of Coping Capacity,Infrastructure,coping:wash,Wash,4.4,MoW,2022 PHC water points & boreholes,"resource availability, rank 2-8"
TZ20,Mara,TZ2001,Tarime,Lack of Coping Capacity,Infrastructure,coping:communication,Communication,6.9,INFORM SADC 2024,INFORM Sub-national SADC 2024,baseline
TZ20,Mara,TZ2001,Tarime,Lack of Coping Capacity,Infrastructure,coping:education,Education,5.25,NBS / MoH,2022 PHC schools,resource availability
TZ20,Mara,TZ2001,Tarime,Lack of Coping Capacity,Institutional,coping:drrImplementation,Drr Implementation,6.5,PMO-DMD / DRR Coordinator,EPRP / EOCC / Anticipatory-Action records,DRM investment overlay
TZ20,Mara,TZ2001,Tarime,Lack of Coping Capacity,Institutional,coping:governance,Governance,5.25,PMO-DMD,INFORM SADC governance,baseline
TZ20,Mara,TZ2002,Serengeti,Hazard & Exposure,Exposure,hazard:exposure,Population Exposure,2.49,NBS,2022 PHC population,"population density, log min-max"
TZ20,Mara,TZ2002,Serengeti,Hazard & Exposure,Natural hazards,hazard:coastalHazards,Coastal Hazards,0,TMA / PMO-DMD,coastal strip,documented overlay
TZ20,Mara,TZ2002,Serengeti,Hazard & Exposure,Natural hazards,hazard:drought,Drought,4.8,TMA / MoA,CHIRPS v3 1991-2024 + ERA5 t2m,"aridity+variability+SPEI+growing-season, min-max"
TZ20,Mara,TZ2002,Serengeti,Hazard & Exposure,Natural hazards,hazard:earthquake,Earthquake,0,INFORM SADC,INFORM seismic,baseline
TZ20,Mara,TZ2002,Serengeti,Hazard & Exposure,Natural hazards,hazard:environmentalDegradation,Environmental Degradation,3.6,INFORM SADC 2024,INFORM Sub-national SADC 2024,baseline
TZ20,Mara,TZ2002,Serengeti,Hazard & Exposure,Natural hazards,hazard:flood,Flood,3.8,PMO-DMD / TMA / MoW,CHIRPS v3 daily + recorded floods,"max(hazard, sqrt(hazard×exposure))"
TZ20,Mara,TZ2002,Serengeti,Hazard & Exposure,Natural hazards,hazard:landslide,Landslide,2.1,TMA / PMO-DMD,documented rainfall-triggered events,documented overlay
TZ20,Mara,TZ2002,Serengeti,Hazard & Exposure,Natural hazards,hazard:stormsCyclone,Storms Cyclone,0,TMA / PMO-DMD,Cyclone Hidaya 2024 + Lindi 1952 + Zanzibar 1872,documented cyclone/storm exposure overlay
TZ20,Mara,TZ2002,Serengeti,Hazard & Exposure,Natural hazards,hazard:volcano,Volcano,0,INFORM SADC 2024,INFORM Sub-national SADC 2024,baseline
TZ20,Mara,TZ2002,Serengeti,Hazard & Exposure,Natural hazards,hazard:wildfire,Wildfire,5.55,INFORM SADC 2024,INFORM Sub-national SADC 2024,baseline
TZ20,Mara,TZ2002,Serengeti,Hazard & Exposure,Human hazards,hazard:conflictIntensity,Conflict Intensity,0,INFORM SADC 2024,INFORM Sub-national SADC 2024,baseline
TZ20,Mara,TZ2002,Serengeti,Hazard & Exposure,Human hazards,hazard:conflictRisk,Conflict Risk,0.7,INFORM SADC 2024,INFORM Sub-national SADC 2024,baseline
TZ20,Mara,TZ2002,Serengeti,Hazard & Exposure,Human hazards,hazard:internalViolence,Internal Violence,6.65,INFORM SADC 2024,INFORM Sub-national SADC 2024,baseline
TZ20,Mara,TZ2002,Serengeti,Vulnerability,Socio-economic,vulnerability:developmentPoverty,Development Poverty,8.3,NBS,Household Budget Survey 2017/18,poverty headcount
TZ20,Mara,TZ2002,Serengeti,Vulnerability,Socio-economic,vulnerability:economicDependency,Economic Dependency,4.5,INFORM SADC 2024,INFORM Sub-national SADC 2024,baseline
TZ20,Mara,TZ2002,Serengeti,Vulnerability,Socio-economic,vulnerability:habitat,Habitat,5.15,INFORM SADC 2024,INFORM Sub-national SADC 2024,baseline
TZ20,Mara,TZ2002,Serengeti,Vulnerability,Socio-economic,vulnerability:livelihoods,Livelihoods,0,MUCHALI / IPC (MoA),IPC acute food-insecurity rounds,food-insecurity phase
TZ20,Mara,TZ2002,Serengeti,Vulnerability,Vulnerable groups,vulnerability:displacedPeople,Displaced People,0,INFORM SADC 2024,INFORM Sub-national SADC 2024,baseline
TZ20,Mara,TZ2002,Serengeti,Vulnerability,Vulnerable groups,vulnerability:healthConditions,Health Conditions,5.3,INFORM SADC 2024,INFORM Sub-national SADC 2024,baseline
TZ20,Mara,TZ2002,Serengeti,Vulnerability,Vulnerable groups,vulnerability:childrenHealthNutrition,Children Health Nutrition,5.3,MoH,TDHS 2022,under-5 stunting
TZ20,Mara,TZ2002,Serengeti,Lack of Coping Capacity,Infrastructure,coping:accessHealth,Access Health,5.96,MoH,2022 PHC health facilities,resource availability
TZ20,Mara,TZ2002,Serengeti,Lack of Coping Capacity,Infrastructure,coping:economicCapacity,Economic Capacity,8.866666667,INFORM SADC 2024,INFORM Sub-national SADC 2024,baseline
TZ20,Mara,TZ2002,Serengeti,Lack of Coping Capacity,Infrastructure,coping:wash,Wash,6.5,MoW,2022 PHC water points & boreholes,"resource availability, rank 2-8"
TZ20,Mara,TZ2002,Serengeti,Lack of Coping Capacity,Infrastructure,coping:communication,Communication,6.9,INFORM SADC 2024,INFORM Sub-national SADC 2024,baseline
TZ20,Mara,TZ2002,Serengeti,Lack of Coping Capacity,Infrastructure,coping:education,Education,5.25,NBS / MoH,2022 PHC schools,resource availability
TZ20,Mara,TZ2002,Serengeti,Lack of Coping Capacity,Institutional,coping:drrImplementation,Drr Implementation,6.5,PMO-DMD / DRR Coordinator,EPRP / EOCC / Anticipatory-Action records,DRM investment overlay
TZ20,Mara,TZ2002,Serengeti,Lack of Coping Capacity,Institutional,coping:governance,Governance,5.25,PMO-DMD,INFORM SADC governance,baseline
TZ20,Mara,TZ2003,Musoma,Hazard & Exposure,Exposure,hazard:exposure,Population Exposure,5.39,NBS,2022 PHC population,"population density, log min-max"
TZ20,Mara,TZ2003,Musoma,Hazard & Exposure,Natural hazards,hazard:coastalHazards,Coastal Hazards,0,TMA / PMO-DMD,coastal strip,documented overlay
TZ20,Mara,TZ2003,Musoma,Hazard & Exposure,Natural hazards,hazard:drought,Drought,3.9,TMA / MoA,CHIRPS v3 1991-2024 + ERA5 t2m,"aridity+variability+SPEI+growing-season, min-max"
TZ20,Mara,TZ2003,Musoma,Hazard & Exposure,Natural hazards,hazard:earthquake,Earthquake,0,INFORM SADC,INFORM seismic,baseline
TZ20,Mara,TZ2003,Musoma,Hazard & Exposure,Natural hazards,hazard:environmentalDegradation,Environmental Degradation,3.5,INFORM SADC 2024,INFORM Sub-national SADC 2024,baseline
TZ20,Mara,TZ2003,Musoma,Hazard & Exposure,Natural hazards,hazard:flood,Flood,6.9,PMO-DMD / TMA / MoW,CHIRPS v3 daily + recorded floods,"max(hazard, sqrt(hazard×exposure))"
TZ20,Mara,TZ2003,Musoma,Hazard & Exposure,Natural hazards,hazard:landslide,Landslide,3.5,TMA / PMO-DMD,documented rainfall-triggered events,documented overlay
TZ20,Mara,TZ2003,Musoma,Hazard & Exposure,Natural hazards,hazard:stormsCyclone,Storms Cyclone,0,TMA / PMO-DMD,Cyclone Hidaya 2024 + Lindi 1952 + Zanzibar 1872,documented cyclone/storm exposure overlay
TZ20,Mara,TZ2003,Musoma,Hazard & Exposure,Natural hazards,hazard:volcano,Volcano,0,INFORM SADC 2024,INFORM Sub-national SADC 2024,baseline
TZ20,Mara,TZ2003,Musoma,Hazard & Exposure,Natural hazards,hazard:wildfire,Wildfire,5.55,INFORM SADC 2024,INFORM Sub-national SADC 2024,baseline
TZ20,Mara,TZ2003,Musoma,Hazard & Exposure,Human hazards,hazard:conflictIntensity,Conflict Intensity,0,INFORM SADC 2024,INFORM Sub-national SADC 2024,baseline
TZ20,Mara,TZ2003,Musoma,Hazard & Exposure,Human hazards,hazard:conflictRisk,Conflict Risk,0.7,INFORM SADC 2024,INFORM Sub-national SADC 2024,baseline
TZ20,Mara,TZ2003,Musoma,Hazard & Exposure,Human hazards,hazard:internalViolence,Internal Violence,6.65,INFORM SADC 2024,INFORM Sub-national SADC 2024,baseline
TZ20,Mara,TZ2003,Musoma,Vulnerability,Socio-economic,vulnerability:developmentPoverty,Development Poverty,8.3,NBS,Household Budget Survey 2017/18,poverty headcount
TZ20,Mara,TZ2003,Musoma,Vulnerability,Socio-economic,vulnerability:economicDependency,Economic Dependency,4.5,INFORM SADC 2024,INFORM Sub-national SADC 2024,baseline
TZ20,Mara,TZ2003,Musoma,Vulnerability,Socio-economic,vulnerability:habitat,Habitat,5.15,INFORM SADC 2024,INFORM Sub-national SADC 2024,baseline
TZ20,Mara,TZ2003,Musoma,Vulnerability,Socio-economic,vulnerability:livelihoods,Livelihoods,0,MUCHALI / IPC (MoA),IPC acute food-insecurity rounds,food-insecurity phase
TZ20,Mara,TZ2003,Musoma,Vulnerability,Vulnerable groups,vulnerability:displacedPeople,Displaced People,0,INFORM SADC 2024,INFORM Sub-national SADC 2024,baseline
TZ20,Mara,TZ2003,Musoma,Vulnerability,Vulnerable groups,vulnerability:healthConditions,Health Conditions,5.3,INFORM SADC 2024,INFORM Sub-national SADC 2024,baseline
TZ20,Mara,TZ2003,Musoma,Vulnerability,Vulnerable groups,vulnerability:childrenHealthNutrition,Children Health Nutrition,5.3,MoH,TDHS 2022,under-5 stunting
TZ20,Mara,TZ2003,Musoma,Lack of Coping Capacity,Infrastructure,coping:accessHealth,Access Health,5.96,MoH,2022 PHC health facilities,resource availability
TZ20,Mara,TZ2003,Musoma,Lack of Coping Capacity,Infrastructure,coping:economicCapacity,Economic Capacity,8.866666667,INFORM SADC 2024,INFORM Sub-national SADC 2024,baseline
TZ20,Mara,TZ2003,Musoma,Lack of Coping Capacity,Infrastructure,coping:wash,Wash,5.5,MoW,2022 PHC water points & boreholes,"resource availability, rank 2-8"
TZ20,Mara,TZ2003,Musoma,Lack of Coping Capacity,Infrastructure,coping:communication,Communication,6.9,INFORM SADC 2024,INFORM Sub-national SADC 2024,baseline
TZ20,Mara,TZ2003,Musoma,Lack of Coping Capacity,Infrastructure,coping:education,Education,5.25,NBS / MoH,2022 PHC schools,resource availability
TZ20,Mara,TZ2003,Musoma,Lack of Coping Capacity,Institutional,coping:drrImplementation,Drr Implementation,6.5,PMO-DMD / DRR Coordinator,EPRP / EOCC / Anticipatory-Action records,DRM investment overlay
TZ20,Mara,TZ2003,Musoma,Lack of Coping Capacity,Institutional,coping:governance,Governance,5.25,PMO-DMD,INFORM SADC governance,baseline
TZ20,Mara,TZ2004,Bunda,Hazard & Exposure,Exposure,hazard:exposure,Population Exposure,4.37,NBS,2022 PHC population,"population density, log min-max"
TZ20,Mara,TZ2004,Bunda,Hazard & Exposure,Natural hazards,hazard:coastalHazards,Coastal Hazards,0,TMA / PMO-DMD,coastal strip,documented overlay
TZ20,Mara,TZ2004,Bunda,Hazard & Exposure,Natural hazards,hazard:drought,Drought,2.6,TMA / MoA,CHIRPS v3 1991-2024 + ERA5 t2m,"aridity+variability+SPEI+growing-season, min-max"
TZ20,Mara,TZ2004,Bunda,Hazard & Exposure,Natural hazards,hazard:earthquake,Earthquake,0,INFORM SADC,INFORM seismic,baseline
TZ20,Mara,TZ2004,Bunda,Hazard & Exposure,Natural hazards,hazard:environmentalDegradation,Environmental Degradation,3.65,INFORM SADC 2024,INFORM Sub-national SADC 2024,baseline
TZ20,Mara,TZ2004,Bunda,Hazard & Exposure,Natural hazards,hazard:flood,Flood,7.1,PMO-DMD / TMA / MoW,CHIRPS v3 daily + recorded floods,"max(hazard, sqrt(hazard×exposure))"
TZ20,Mara,TZ2004,Bunda,Hazard & Exposure,Natural hazards,hazard:landslide,Landslide,4.1,TMA / PMO-DMD,documented rainfall-triggered events,documented overlay
TZ20,Mara,TZ2004,Bunda,Hazard & Exposure,Natural hazards,hazard:stormsCyclone,Storms Cyclone,0,TMA / PMO-DMD,Cyclone Hidaya 2024 + Lindi 1952 + Zanzibar 1872,documented cyclone/storm exposure overlay
TZ20,Mara,TZ2004,Bunda,Hazard & Exposure,Natural hazards,hazard:volcano,Volcano,0,INFORM SADC 2024,INFORM Sub-national SADC 2024,baseline
TZ20,Mara,TZ2004,Bunda,Hazard & Exposure,Natural hazards,hazard:wildfire,Wildfire,5.55,INFORM SADC 2024,INFORM Sub-national SADC 2024,baseline
TZ20,Mara,TZ2004,Bunda,Hazard & Exposure,Human hazards,hazard:conflictIntensity,Conflict Intensity,0,INFORM SADC 2024,INFORM Sub-national SADC 2024,baseline
TZ20,Mara,TZ2004,Bunda,Hazard & Exposure,Human hazards,hazard:conflictRisk,Conflict Risk,0.7,INFORM SADC 2024,INFORM Sub-national SADC 2024,baseline
TZ20,Mara,TZ2004,Bunda,Hazard & Exposure,Human hazards,hazard:internalViolence,Internal Violence,6.65,INFORM SADC 2024,INFORM Sub-national SADC 2024,baseline
TZ20,Mara,TZ2004,Bunda,Vulnerability,Socio-economic,vulnerability:developmentPoverty,Development Poverty,8.3,NBS,Household Budget Survey 2017/18,poverty headcount
TZ20,Mara,TZ2004,Bunda,Vulnerability,Socio-economic,vulnerability:economicDependency,Economic Dependency,4.5,INFORM SADC 2024,INFORM Sub-national SADC 2024,baseline
TZ20,Mara,TZ2004,Bunda,Vulnerability,Socio-economic,vulnerability:habitat,Habitat,5.15,INFORM SADC 2024,INFORM Sub-national SADC 2024,baseline
TZ20,Mara,TZ2004,Bunda,Vulnerability,Socio-economic,vulnerability:livelihoods,Livelihoods,0,MUCHALI / IPC (MoA),IPC acute food-insecurity rounds,food-insecurity phase
TZ20,Mara,TZ2004,Bunda,Vulnerability,Vulnerable groups,vulnerability:displacedPeople,Displaced People,0,INFORM SADC 2024,INFORM Sub-national SADC 2024,baseline
TZ20,Mara,TZ2004,Bunda,Vulnerability,Vulnerable groups,vulnerability:healthConditions,Health Conditions,5.3,INFORM SADC 2024,INFORM Sub-national SADC 2024,baseline
TZ20,Mara,TZ2004,Bunda,Vulnerability,Vulnerable groups,vulnerability:childrenHealthNutrition,Children Health Nutrition,5.3,MoH,TDHS 2022,under-5 stunting
TZ20,Mara,TZ2004,Bunda,Lack of Coping Capacity,Infrastructure,coping:accessHealth,Access Health,5.96,MoH,2022 PHC health facilities,resource availability
TZ20,Mara,TZ2004,Bunda,Lack of Coping Capacity,Infrastructure,coping:economicCapacity,Economic Capacity,8.866666667,INFORM SADC 2024,INFORM Sub-national SADC 2024,baseline
TZ20,Mara,TZ2004,Bunda,Lack of Coping Capacity,Infrastructure,coping:wash,Wash,5.2,MoW,2022 PHC water points & boreholes,"resource availability, rank 2-8"
TZ20,Mara,TZ2004,Bunda,Lack of Coping Capacity,Infrastructure,coping:communication,Communication,6.9,INFORM SADC 2024,INFORM Sub-national SADC 2024,baseline
TZ20,Mara,TZ2004,Bunda,Lack of Coping Capacity,Infrastructure,coping:education,Education,5.25,NBS / MoH,2022 PHC schools,resource availability
TZ20,Mara,TZ2004,Bunda,Lack of Coping Capacity,Institutional,coping:drrImplementation,Drr Implementation,6.5,PMO-DMD / DRR Coordinator,EPRP / EOCC / Anticipatory-Action records,DRM investment overlay
TZ20,Mara,TZ2004,Bunda,Lack of Coping Capacity,Institutional,coping:governance,Governance,5.25,PMO-DMD,INFORM SADC governance,baseline
TZ20,Mara,TZ2005,Musoma Urban,Hazard & Exposure,Natural hazards,hazard:coastalHazards,Coastal Hazards,0,TMA / PMO-DMD,coastal strip,documented overlay
TZ20,Mara,TZ2005,Musoma Urban,Hazard & Exposure,Natural hazards,hazard:drought,Drought,1.4,TMA / MoA,CHIRPS v3 1991-2024 + ERA5 t2m,"aridity+variability+SPEI+growing-season, min-max"
TZ20,Mara,TZ2005,Musoma Urban,Hazard & Exposure,Natural hazards,hazard:earthquake,Earthquake,6,INFORM SADC,INFORM seismic,baseline
TZ20,Mara,TZ2005,Musoma Urban,Hazard & Exposure,Natural hazards,hazard:environmentalDegradation,Environmental Degradation,4.5,INFORM SADC 2024,INFORM Sub-national SADC 2024,baseline
TZ20,Mara,TZ2005,Musoma Urban,Hazard & Exposure,Natural hazards,hazard:flood,Flood,9.3,PMO-DMD / TMA / MoW,CHIRPS v3 daily + recorded floods,"max(hazard, sqrt(hazard×exposure))"
TZ20,Mara,TZ2005,Musoma Urban,Hazard & Exposure,Natural hazards,hazard:landslide,Landslide,1.5,TMA / PMO-DMD,documented rainfall-triggered events,documented overlay
TZ20,Mara,TZ2005,Musoma Urban,Hazard & Exposure,Natural hazards,hazard:stormsCyclone,Storms Cyclone,0,TMA / PMO-DMD,Cyclone Hidaya 2024 + Lindi 1952 + Zanzibar 1872,documented cyclone/storm exposure overlay
TZ20,Mara,TZ2005,Musoma Urban,Hazard & Exposure,Natural hazards,hazard:volcano,Volcano,0,INFORM SADC 2024,INFORM Sub-national SADC 2024,baseline
TZ20,Mara,TZ2005,Musoma Urban,Hazard & Exposure,Natural hazards,hazard:wildfire,Wildfire,5.55,INFORM SADC 2024,INFORM Sub-national SADC 2024,baseline
TZ20,Mara,TZ2005,Musoma Urban,Hazard & Exposure,Human hazards,hazard:conflictIntensity,Conflict Intensity,0,INFORM SADC 2024,INFORM Sub-national SADC 2024,baseline
TZ20,Mara,TZ2005,Musoma Urban,Hazard & Exposure,Human hazards,hazard:conflictRisk,Conflict Risk,0.7,INFORM SADC 2024,INFORM Sub-national SADC 2024,baseline
TZ20,Mara,TZ2005,Musoma Urban,Hazard & Exposure,Human hazards,hazard:internalViolence,Internal Violence,6.65,INFORM SADC 2024,INFORM Sub-national SADC 2024,baseline
TZ20,Mara,TZ2005,Musoma Urban,Vulnerability,Socio-economic,vulnerability:developmentPoverty,Development Poverty,8.3,NBS,Household Budget Survey 2017/18,poverty headcount
TZ20,Mara,TZ2005,Musoma Urban,Vulnerability,Socio-economic,vulnerability:economicDependency,Economic Dependency,4.5,INFORM SADC 2024,INFORM Sub-national SADC 2024,baseline
TZ20,Mara,TZ2005,Musoma Urban,Vulnerability,Socio-economic,vulnerability:habitat,Habitat,5.15,INFORM SADC 2024,INFORM Sub-national SADC 2024,baseline
TZ20,Mara,TZ2005,Musoma Urban,Vulnerability,Socio-economic,vulnerability:livelihoods,Livelihoods,0,MUCHALI / IPC (MoA),IPC acute food-insecurity rounds,food-insecurity phase
TZ20,Mara,TZ2005,Musoma Urban,Vulnerability,Vulnerable groups,vulnerability:displacedPeople,Displaced People,0,INFORM SADC 2024,INFORM Sub-national SADC 2024,baseline
TZ20,Mara,TZ2005,Musoma Urban,Vulnerability,Vulnerable groups,vulnerability:healthConditions,Health Conditions,5.3,INFORM SADC 2024,INFORM Sub-national SADC 2024,baseline
TZ20,Mara,TZ2005,Musoma Urban,Vulnerability,Vulnerable groups,vulnerability:childrenHealthNutrition,Children Health Nutrition,5.3,MoH,TDHS 2022,under-5 stunting
TZ20,Mara,TZ2005,Musoma Urban,Lack of Coping Capacity,Infrastructure,coping:accessHealth,Access Health,5.96,MoH,2022 PHC health facilities,resource availability
TZ20,Mara,TZ2005,Musoma Urban,Lack of Coping Capacity,Infrastructure,coping:economicCapacity,Economic Capacity,8.866666667,INFORM SADC 2024,INFORM Sub-national SADC 2024,baseline
TZ20,Mara,TZ2005,Musoma Urban,Lack of Coping Capacity,Infrastructure,coping:wash,Wash,7,MoW,2022 PHC water points & boreholes,"resource availability, rank 2-8"
TZ20,Mara,TZ2005,Musoma Urban,Lack of Coping Capacity,Infrastructure,coping:communication,Communication,6.9,INFORM SADC 2024,INFORM Sub-national SADC 2024,baseline
TZ20,Mara,TZ2005,Musoma Urban,Lack of Coping Capacity,Infrastructure,coping:education,Education,5.25,NBS / MoH,2022 PHC schools,resource availability
TZ20,Mara,TZ2005,Musoma Urban,Lack of Coping Capacity,Institutional,coping:drrImplementation,Drr Implementation,6.5,PMO-DMD / DRR Coordinator,EPRP / EOCC / Anticipatory-Action records,DRM investment overlay
TZ20,Mara,TZ2005,Musoma Urban,Lack of Coping Capacity,Institutional,coping:governance,Governance,5.25,PMO-DMD,INFORM SADC governance,baseline
TZ20,Mara,TZ2006,Rorya,Hazard & Exposure,Exposure,hazard:exposure,Population Exposure,4.65,NBS,2022 PHC population,"population density, log min-max"
TZ20,Mara,TZ2006,Rorya,Hazard & Exposure,Natural hazards,hazard:coastalHazards,Coastal Hazards,0,TMA / PMO-DMD,coastal strip,documented overlay
TZ20,Mara,TZ2006,Rorya,Hazard & Exposure,Natural hazards,hazard:drought,Drought,3,TMA / MoA,CHIRPS v3 1991-2024 + ERA5 t2m,"aridity+variability+SPEI+growing-season, min-max"
TZ20,Mara,TZ2006,Rorya,Hazard & Exposure,Natural hazards,hazard:earthquake,Earthquake,9.9,INFORM SADC,INFORM seismic,baseline
TZ20,Mara,TZ2006,Rorya,Hazard & Exposure,Natural hazards,hazard:environmentalDegradation,Environmental Degradation,3.6,INFORM SADC 2024,INFORM Sub-national SADC 2024,baseline
TZ20,Mara,TZ2006,Rorya,Hazard & Exposure,Natural hazards,hazard:flood,Flood,6,PMO-DMD / TMA / MoW,CHIRPS v3 daily + recorded floods,"max(hazard, sqrt(hazard×exposure))"
TZ20,Mara,TZ2006,Rorya,Hazard & Exposure,Natural hazards,hazard:landslide,Landslide,4.1,TMA / PMO-DMD,documented rainfall-triggered events,documented overlay
TZ20,Mara,TZ2006,Rorya,Hazard & Exposure,Natural hazards,hazard:stormsCyclone,Storms Cyclone,0,TMA / PMO-DMD,Cyclone Hidaya 2024 + Lindi 1952 + Zanzibar 1872,documented cyclone/storm exposure overlay
TZ20,Mara,TZ2006,Rorya,Hazard & Exposure,Natural hazards,hazard:volcano,Volcano,0,INFORM SADC 2024,INFORM Sub-national SADC 2024,baseline
TZ20,Mara,TZ2006,Rorya,Hazard & Exposure,Natural hazards,hazard:wildfire,Wildfire,5.55,INFORM SADC 2024,INFORM Sub-national SADC 2024,baseline
TZ20,Mara,TZ2006,Rorya,Hazard & Exposure,Human hazards,hazard:conflictIntensity,Conflict Intensity,0,INFORM SADC 2024,INFORM Sub-national SADC 2024,baseline
TZ20,Mara,TZ2006,Rorya,Hazard & Exposure,Human hazards,hazard:conflictRisk,Conflict Risk,0.7,INFORM SADC 2024,INFORM Sub-national SADC 2024,baseline
TZ20,Mara,TZ2006,Rorya,Hazard & Exposure,Human hazards,hazard:internalViolence,Internal Violence,6.65,INFORM SADC 2024,INFORM Sub-national SADC 2024,baseline
TZ20,Mara,TZ2006,Rorya,Vulnerability,Socio-economic,vulnerability:developmentPoverty,Development Poverty,8.3,NBS,Household Budget Survey 2017/18,poverty headcount
TZ20,Mara,TZ2006,Rorya,Vulnerability,Socio-economic,vulnerability:economicDependency,Economic Dependency,4.5,INFORM SADC 2024,INFORM Sub-national SADC 2024,baseline
TZ20,Mara,TZ2006,Rorya,Vulnerability,Socio-economic,vulnerability:habitat,Habitat,5.15,INFORM SADC 2024,INFORM Sub-national SADC 2024,baseline
TZ20,Mara,TZ2006,Rorya,Vulnerability,Socio-economic,vulnerability:livelihoods,Livelihoods,0,MUCHALI / IPC (MoA),IPC acute food-insecurity rounds,food-insecurity phase
TZ20,Mara,TZ2006,Rorya,Vulnerability,Vulnerable groups,vulnerability:displacedPeople,Displaced People,0,INFORM SADC 2024,INFORM Sub-national SADC 2024,baseline
TZ20,Mara,TZ2006,Rorya,Vulnerability,Vulnerable groups,vulnerability:healthConditions,Health Conditions,5.3,INFORM SADC 2024,INFORM Sub-national SADC 2024,baseline
TZ20,Mara,TZ2006,Rorya,Vulnerability,Vulnerable groups,vulnerability:childrenHealthNutrition,Children Health Nutrition,5.3,MoH,TDHS 2022,under-5 stunting
TZ20,Mara,TZ2006,Rorya,Lack of Coping Capacity,Infrastructure,coping:accessHealth,Access Health,5.96,MoH,2022 PHC health facilities,resource availability
TZ20,Mara,TZ2006,Rorya,Lack of Coping Capacity,Infrastructure,coping:economicCapacity,Economic Capacity,8.866666667,INFORM SADC 2024,INFORM Sub-national SADC 2024,baseline
TZ20,Mara,TZ2006,Rorya,Lack of Coping Capacity,Infrastructure,coping:wash,Wash,4.5,MoW,2022 PHC water points & boreholes,"resource availability, rank 2-8"
TZ20,Mara,TZ2006,Rorya,Lack of Coping Capacity,Infrastructure,coping:communication,Communication,6.9,INFORM SADC 2024,INFORM Sub-national SADC 2024,baseline
TZ20,Mara,TZ2006,Rorya,Lack of Coping Capacity,Infrastructure,coping:education,Education,5.25,NBS / MoH,2022 PHC schools,resource availability
TZ20,Mara,TZ2006,Rorya,Lack of Coping Capacity,Institutional,coping:drrImplementation,Drr Implementation,6.5,PMO-DMD / DRR Coordinator,EPRP / EOCC / Anticipatory-Action records,DRM investment overlay
TZ20,Mara,TZ2006,Rorya,Lack of Coping Capacity,Institutional,coping:governance,Governance,5.25,PMO-DMD,INFORM SADC governance,baseline
TZ20,Mara,TZ2007,Butiam,Hazard & Exposure,Natural hazards,hazard:coastalHazards,Coastal Hazards,0,TMA / PMO-DMD,coastal strip,documented overlay
TZ20,Mara,TZ2007,Butiam,Hazard & Exposure,Natural hazards,hazard:drought,Drought,1.4,TMA / MoA,CHIRPS v3 1991-2024 + ERA5 t2m,"aridity+variability+SPEI+growing-season, min-max"
TZ20,Mara,TZ2007,Butiam,Hazard & Exposure,Natural hazards,hazard:earthquake,Earthquake,0.5,INFORM SADC,INFORM seismic,baseline
TZ20,Mara,TZ2007,Butiam,Hazard & Exposure,Natural hazards,hazard:environmentalDegradation,Environmental Degradation,4.1,INFORM SADC 2024,INFORM Sub-national SADC 2024,baseline
TZ20,Mara,TZ2007,Butiam,Hazard & Exposure,Natural hazards,hazard:flood,Flood,4.9,PMO-DMD / TMA / MoW,CHIRPS v3 daily + recorded floods,"max(hazard, sqrt(hazard×exposure))"
TZ20,Mara,TZ2007,Butiam,Hazard & Exposure,Natural hazards,hazard:landslide,Landslide,3.5,TMA / PMO-DMD,documented rainfall-triggered events,documented overlay
TZ20,Mara,TZ2007,Butiam,Hazard & Exposure,Natural hazards,hazard:stormsCyclone,Storms Cyclone,0,TMA / PMO-DMD,Cyclone Hidaya 2024 + Lindi 1952 + Zanzibar 1872,documented cyclone/storm exposure overlay
TZ20,Mara,TZ2007,Butiam,Hazard & Exposure,Natural hazards,hazard:volcano,Volcano,0,INFORM SADC 2024,INFORM Sub-national SADC 2024,baseline
TZ20,Mara,TZ2007,Butiam,Hazard & Exposure,Natural hazards,hazard:wildfire,Wildfire,5.55,INFORM SADC 2024,INFORM Sub-national SADC 2024,baseline
TZ20,Mara,TZ2007,Butiam,Hazard & Exposure,Human hazards,hazard:conflictIntensity,Conflict Intensity,0,INFORM SADC 2024,INFORM Sub-national SADC 2024,baseline
TZ20,Mara,TZ2007,Butiam,Hazard & Exposure,Human hazards,hazard:conflictRisk,Conflict Risk,0.7,INFORM SADC 2024,INFORM Sub-national SADC 2024,baseline
TZ20,Mara,TZ2007,Butiam,Hazard & Exposure,Human hazards,hazard:internalViolence,Internal Violence,6.65,INFORM SADC 2024,INFORM Sub-national SADC 2024,baseline
TZ20,Mara,TZ2007,Butiam,Vulnerability,Socio-economic,vulnerability:developmentPoverty,Development Poverty,8.3,NBS,Household Budget Survey 2017/18,poverty headcount
TZ20,Mara,TZ2007,Butiam,Vulnerability,Socio-economic,vulnerability:economicDependency,Economic Dependency,4.5,INFORM SADC 2024,INFORM Sub-national SADC 2024,baseline
TZ20,Mara,TZ2007,Butiam,Vulnerability,Socio-economic,vulnerability:habitat,Habitat,5.15,INFORM SADC 2024,INFORM Sub-national SADC 2024,baseline
TZ20,Mara,TZ2007,Butiam,Vulnerability,Socio-economic,vulnerability:livelihoods,Livelihoods,0,MUCHALI / IPC (MoA),IPC acute food-insecurity rounds,food-insecurity phase
TZ20,Mara,TZ2007,Butiam,Vulnerability,Vulnerable groups,vulnerability:displacedPeople,Displaced People,0,INFORM SADC 2024,INFORM Sub-national SADC 2024,baseline
TZ20,Mara,TZ2007,Butiam,Vulnerability,Vulnerable groups,vulnerability:healthConditions,Health Conditions,5.3,INFORM SADC 2024,INFORM Sub-national SADC 2024,baseline
TZ20,Mara,TZ2007,Butiam,Vulnerability,Vulnerable groups,vulnerability:childrenHealthNutrition,Children Health Nutrition,5.3,MoH,TDHS 2022,under-5 stunting
TZ20,Mara,TZ2007,Butiam,Lack of Coping Capacity,Infrastructure,coping:accessHealth,Access Health,5.96,MoH,2022 PHC health facilities,resource availability
TZ20,Mara,TZ2007,Butiam,Lack of Coping Capacity,Infrastructure,coping:economicCapacity,Economic Capacity,8.866666667,INFORM SADC 2024,INFORM Sub-national SADC 2024,baseline
TZ20,Mara,TZ2007,Butiam,Lack of Coping Capacity,Infrastructure,coping:wash,Wash,7,MoW,2022 PHC water points & boreholes,"resource availability, rank 2-8"
TZ20,Mara,TZ2007,Butiam,Lack of Coping Capacity,Infrastructure,coping:communication,Communication,6.9,INFORM SADC 2024,INFORM Sub-national SADC 2024,baseline
TZ20,Mara,TZ2007,Butiam,Lack of Coping Capacity,Infrastructure,coping:education,Education,5.25,NBS / MoH,2022 PHC schools,resource availability
TZ20,Mara,TZ2007,Butiam,Lack of Coping Capacity,Institutional,coping:drrImplementation,Drr Implementation,6.5,PMO-DMD / DRR Coordinator,EPRP / EOCC / Anticipatory-Action records,DRM investment overlay
TZ20,Mara,TZ2007,Butiam,Lack of Coping Capacity,Institutional,coping:governance,Governance,5.25,PMO-DMD,INFORM SADC governance,baseline
TZ21,Manyara,TZ2101,Babati,Hazard & Exposure,Exposure,hazard:exposure,Population Exposure,3.82,NBS,2022 PHC population,"population density, log min-max"
TZ21,Manyara,TZ2101,Babati,Hazard & Exposure,Natural hazards,hazard:coastalHazards,Coastal Hazards,0,TMA / PMO-DMD,coastal strip,documented overlay
TZ21,Manyara,TZ2101,Babati,Hazard & Exposure,Natural hazards,hazard:drought,Drought,7,TMA / MoA,CHIRPS v3 1991-2024 + ERA5 t2m,"aridity+variability+SPEI+growing-season, min-max"
TZ21,Manyara,TZ2101,Babati,Hazard & Exposure,Natural hazards,hazard:earthquake,Earthquake,10,INFORM SADC,INFORM seismic,baseline
TZ21,Manyara,TZ2101,Babati,Hazard & Exposure,Natural hazards,hazard:environmentalDegradation,Environmental Degradation,2.4,INFORM SADC 2024,INFORM Sub-national SADC 2024,baseline
TZ21,Manyara,TZ2101,Babati,Hazard & Exposure,Natural hazards,hazard:flood,Flood,6,PMO-DMD / TMA / MoW,CHIRPS v3 daily + recorded floods,"max(hazard, sqrt(hazard×exposure))"
TZ21,Manyara,TZ2101,Babati,Hazard & Exposure,Natural hazards,hazard:landslide,Landslide,8,TMA / PMO-DMD,documented rainfall-triggered events,documented overlay
TZ21,Manyara,TZ2101,Babati,Hazard & Exposure,Natural hazards,hazard:stormsCyclone,Storms Cyclone,0,TMA / PMO-DMD,Cyclone Hidaya 2024 + Lindi 1952 + Zanzibar 1872,documented cyclone/storm exposure overlay
TZ21,Manyara,TZ2101,Babati,Hazard & Exposure,Natural hazards,hazard:volcano,Volcano,0,INFORM SADC 2024,INFORM Sub-national SADC 2024,baseline
TZ21,Manyara,TZ2101,Babati,Hazard & Exposure,Natural hazards,hazard:wildfire,Wildfire,4.5,INFORM SADC 2024,INFORM Sub-national SADC 2024,baseline
TZ21,Manyara,TZ2101,Babati,Hazard & Exposure,Human hazards,hazard:conflictIntensity,Conflict Intensity,0,INFORM SADC 2024,INFORM Sub-national SADC 2024,baseline
TZ21,Manyara,TZ2101,Babati,Hazard & Exposure,Human hazards,hazard:conflictRisk,Conflict Risk,0.7,INFORM SADC 2024,INFORM Sub-national SADC 2024,baseline
TZ21,Manyara,TZ2101,Babati,Hazard & Exposure,Human hazards,hazard:internalViolence,Internal Violence,5.9,INFORM SADC 2024,INFORM Sub-national SADC 2024,baseline
TZ21,Manyara,TZ2101,Babati,Vulnerability,Socio-economic,vulnerability:developmentPoverty,Development Poverty,5.95,NBS,Household Budget Survey 2017/18,poverty headcount
TZ21,Manyara,TZ2101,Babati,Vulnerability,Socio-economic,vulnerability:economicDependency,Economic Dependency,3.333333333,INFORM SADC 2024,INFORM Sub-national SADC 2024,baseline
TZ21,Manyara,TZ2101,Babati,Vulnerability,Socio-economic,vulnerability:habitat,Habitat,5.1,INFORM SADC 2024,INFORM Sub-national SADC 2024,baseline
TZ21,Manyara,TZ2101,Babati,Vulnerability,Socio-economic,vulnerability:livelihoods,Livelihoods,6.8,MUCHALI / IPC (MoA),IPC acute food-insecurity rounds,food-insecurity phase
TZ21,Manyara,TZ2101,Babati,Vulnerability,Vulnerable groups,vulnerability:displacedPeople,Displaced People,0,INFORM SADC 2024,INFORM Sub-national SADC 2024,baseline
TZ21,Manyara,TZ2101,Babati,Vulnerability,Vulnerable groups,vulnerability:healthConditions,Health Conditions,0.9333333333,INFORM SADC 2024,INFORM Sub-national SADC 2024,baseline
TZ21,Manyara,TZ2101,Babati,Vulnerability,Vulnerable groups,vulnerability:childrenHealthNutrition,Children Health Nutrition,4.075,MoH,TDHS 2022,under-5 stunting
TZ21,Manyara,TZ2101,Babati,Lack of Coping Capacity,Infrastructure,coping:accessHealth,Access Health,5.52,MoH,2022 PHC health facilities,resource availability
TZ21,Manyara,TZ2101,Babati,Lack of Coping Capacity,Infrastructure,coping:economicCapacity,Economic Capacity,8.466666667,INFORM SADC 2024,INFORM Sub-national SADC 2024,baseline
TZ21,Manyara,TZ2101,Babati,Lack of Coping Capacity,Infrastructure,coping:wash,Wash,3.3,MoW,2022 PHC water points & boreholes,"resource availability, rank 2-8"
TZ21,Manyara,TZ2101,Babati,Lack of Coping Capacity,Infrastructure,coping:communication,Communication,6.55,INFORM SADC 2024,INFORM Sub-national SADC 2024,baseline
TZ21,Manyara,TZ2101,Babati,Lack of Coping Capacity,Infrastructure,coping:education,Education,5.3,NBS / MoH,2022 PHC schools,resource availability
TZ21,Manyara,TZ2101,Babati,Lack of Coping Capacity,Institutional,coping:drrImplementation,Drr Implementation,6.5,PMO-DMD / DRR Coordinator,EPRP / EOCC / Anticipatory-Action records,DRM investment overlay
TZ21,Manyara,TZ2101,Babati,Lack of Coping Capacity,Institutional,coping:governance,Governance,5.35,PMO-DMD,INFORM SADC governance,baseline
TZ21,Manyara,TZ2102,Hanang,Hazard & Exposure,Exposure,hazard:exposure,Population Exposure,3.98,NBS,2022 PHC population,"population density, log min-max"
TZ21,Manyara,TZ2102,Hanang,Hazard & Exposure,Natural hazards,hazard:coastalHazards,Coastal Hazards,0,TMA / PMO-DMD,coastal strip,documented overlay
TZ21,Manyara,TZ2102,Hanang,Hazard & Exposure,Natural hazards,hazard:drought,Drought,8.7,TMA / MoA,CHIRPS v3 1991-2024 + ERA5 t2m,"aridity+variability+SPEI+growing-season, min-max"
TZ21,Manyara,TZ2102,Hanang,Hazard & Exposure,Natural hazards,hazard:earthquake,Earthquake,10,INFORM SADC,INFORM seismic,baseline
TZ21,Manyara,TZ2102,Hanang,Hazard & Exposure,Natural hazards,hazard:environmentalDegradation,Environmental Degradation,2.9,INFORM SADC 2024,INFORM Sub-national SADC 2024,baseline
TZ21,Manyara,TZ2102,Hanang,Hazard & Exposure,Natural hazards,hazard:flood,Flood,6,PMO-DMD / TMA / MoW,CHIRPS v3 daily + recorded floods,"max(hazard, sqrt(hazard×exposure))"
TZ21,Manyara,TZ2102,Hanang,Hazard & Exposure,Natural hazards,hazard:landslide,Landslide,8.5,TMA / PMO-DMD,documented rainfall-triggered events,documented overlay
TZ21,Manyara,TZ2102,Hanang,Hazard & Exposure,Natural hazards,hazard:stormsCyclone,Storms Cyclone,0,TMA / PMO-DMD,Cyclone Hidaya 2024 + Lindi 1952 + Zanzibar 1872,documented cyclone/storm exposure overlay
TZ21,Manyara,TZ2102,Hanang,Hazard & Exposure,Natural hazards,hazard:volcano,Volcano,0,INFORM SADC 2024,INFORM Sub-national SADC 2024,baseline
TZ21,Manyara,TZ2102,Hanang,Hazard & Exposure,Natural hazards,hazard:wildfire,Wildfire,4.5,INFORM SADC 2024,INFORM Sub-national SADC 2024,baseline
TZ21,Manyara,TZ2102,Hanang,Hazard & Exposure,Human hazards,hazard:conflictIntensity,Conflict Intensity,0,INFORM SADC 2024,INFORM Sub-national SADC 2024,baseline
TZ21,Manyara,TZ2102,Hanang,Hazard & Exposure,Human hazards,hazard:conflictRisk,Conflict Risk,0.7,INFORM SADC 2024,INFORM Sub-national SADC 2024,baseline
TZ21,Manyara,TZ2102,Hanang,Hazard & Exposure,Human hazards,hazard:internalViolence,Internal Violence,5.9,INFORM SADC 2024,INFORM Sub-national SADC 2024,baseline
TZ21,Manyara,TZ2102,Hanang,Vulnerability,Socio-economic,vulnerability:developmentPoverty,Development Poverty,5.95,NBS,Household Budget Survey 2017/18,poverty headcount
TZ21,Manyara,TZ2102,Hanang,Vulnerability,Socio-economic,vulnerability:economicDependency,Economic Dependency,3.333333333,INFORM SADC 2024,INFORM Sub-national SADC 2024,baseline
TZ21,Manyara,TZ2102,Hanang,Vulnerability,Socio-economic,vulnerability:habitat,Habitat,5.1,INFORM SADC 2024,INFORM Sub-national SADC 2024,baseline
TZ21,Manyara,TZ2102,Hanang,Vulnerability,Socio-economic,vulnerability:livelihoods,Livelihoods,6.8,MUCHALI / IPC (MoA),IPC acute food-insecurity rounds,food-insecurity phase
TZ21,Manyara,TZ2102,Hanang,Vulnerability,Vulnerable groups,vulnerability:displacedPeople,Displaced People,0,INFORM SADC 2024,INFORM Sub-national SADC 2024,baseline
TZ21,Manyara,TZ2102,Hanang,Vulnerability,Vulnerable groups,vulnerability:healthConditions,Health Conditions,0.9333333333,INFORM SADC 2024,INFORM Sub-national SADC 2024,baseline
TZ21,Manyara,TZ2102,Hanang,Vulnerability,Vulnerable groups,vulnerability:childrenHealthNutrition,Children Health Nutrition,4.075,MoH,TDHS 2022,under-5 stunting
TZ21,Manyara,TZ2102,Hanang,Lack of Coping Capacity,Infrastructure,coping:accessHealth,Access Health,5.52,MoH,2022 PHC health facilities,resource availability
TZ21,Manyara,TZ2102,Hanang,Lack of Coping Capacity,Infrastructure,coping:economicCapacity,Economic Capacity,8.466666667,INFORM SADC 2024,INFORM Sub-national SADC 2024,baseline
TZ21,Manyara,TZ2102,Hanang,Lack of Coping Capacity,Infrastructure,coping:wash,Wash,3.9,MoW,2022 PHC water points & boreholes,"resource availability, rank 2-8"
TZ21,Manyara,TZ2102,Hanang,Lack of Coping Capacity,Infrastructure,coping:communication,Communication,6.55,INFORM SADC 2024,INFORM Sub-national SADC 2024,baseline
TZ21,Manyara,TZ2102,Hanang,Lack of Coping Capacity,Infrastructure,coping:education,Education,5.3,NBS / MoH,2022 PHC schools,resource availability
TZ21,Manyara,TZ2102,Hanang,Lack of Coping Capacity,Institutional,coping:drrImplementation,Drr Implementation,6.5,PMO-DMD / DRR Coordinator,EPRP / EOCC / Anticipatory-Action records,DRM investment overlay
TZ21,Manyara,TZ2102,Hanang,Lack of Coping Capacity,Institutional,coping:governance,Governance,5.35,PMO-DMD,INFORM SADC governance,baseline
TZ21,Manyara,TZ2103,Mbulu,Hazard & Exposure,Exposure,hazard:exposure,Population Exposure,3.92,NBS,2022 PHC population,"population density, log min-max"
TZ21,Manyara,TZ2103,Mbulu,Hazard & Exposure,Natural hazards,hazard:coastalHazards,Coastal Hazards,0,TMA / PMO-DMD,coastal strip,documented overlay
TZ21,Manyara,TZ2103,Mbulu,Hazard & Exposure,Natural hazards,hazard:drought,Drought,9.5,TMA / MoA,CHIRPS v3 1991-2024 + ERA5 t2m,"aridity+variability+SPEI+growing-season, min-max"
TZ21,Manyara,TZ2103,Mbulu,Hazard & Exposure,Natural hazards,hazard:earthquake,Earthquake,10,INFORM SADC,INFORM seismic,baseline
TZ21,Manyara,TZ2103,Mbulu,Hazard & Exposure,Natural hazards,hazard:environmentalDegradation,Environmental Degradation,2.4,INFORM SADC 2024,INFORM Sub-national SADC 2024,baseline
TZ21,Manyara,TZ2103,Mbulu,Hazard & Exposure,Natural hazards,hazard:flood,Flood,2.7,PMO-DMD / TMA / MoW,CHIRPS v3 daily + recorded floods,"max(hazard, sqrt(hazard×exposure))"
TZ21,Manyara,TZ2103,Mbulu,Hazard & Exposure,Natural hazards,hazard:landslide,Landslide,8,TMA / PMO-DMD,documented rainfall-triggered events,documented overlay
TZ21,Manyara,TZ2103,Mbulu,Hazard & Exposure,Natural hazards,hazard:stormsCyclone,Storms Cyclone,0,TMA / PMO-DMD,Cyclone Hidaya 2024 + Lindi 1952 + Zanzibar 1872,documented cyclone/storm exposure overlay
TZ21,Manyara,TZ2103,Mbulu,Hazard & Exposure,Natural hazards,hazard:volcano,Volcano,0,INFORM SADC 2024,INFORM Sub-national SADC 2024,baseline
TZ21,Manyara,TZ2103,Mbulu,Hazard & Exposure,Natural hazards,hazard:wildfire,Wildfire,4.5,INFORM SADC 2024,INFORM Sub-national SADC 2024,baseline
TZ21,Manyara,TZ2103,Mbulu,Hazard & Exposure,Human hazards,hazard:conflictIntensity,Conflict Intensity,0,INFORM SADC 2024,INFORM Sub-national SADC 2024,baseline
TZ21,Manyara,TZ2103,Mbulu,Hazard & Exposure,Human hazards,hazard:conflictRisk,Conflict Risk,0.7,INFORM SADC 2024,INFORM Sub-national SADC 2024,baseline
TZ21,Manyara,TZ2103,Mbulu,Hazard & Exposure,Human hazards,hazard:internalViolence,Internal Violence,5.9,INFORM SADC 2024,INFORM Sub-national SADC 2024,baseline
TZ21,Manyara,TZ2103,Mbulu,Vulnerability,Socio-economic,vulnerability:developmentPoverty,Development Poverty,5.95,NBS,Household Budget Survey 2017/18,poverty headcount
TZ21,Manyara,TZ2103,Mbulu,Vulnerability,Socio-economic,vulnerability:economicDependency,Economic Dependency,3.333333333,INFORM SADC 2024,INFORM Sub-national SADC 2024,baseline
TZ21,Manyara,TZ2103,Mbulu,Vulnerability,Socio-economic,vulnerability:habitat,Habitat,5.1,INFORM SADC 2024,INFORM Sub-national SADC 2024,baseline
TZ21,Manyara,TZ2103,Mbulu,Vulnerability,Socio-economic,vulnerability:livelihoods,Livelihoods,6.8,MUCHALI / IPC (MoA),IPC acute food-insecurity rounds,food-insecurity phase
TZ21,Manyara,TZ2103,Mbulu,Vulnerability,Vulnerable groups,vulnerability:displacedPeople,Displaced People,0,INFORM SADC 2024,INFORM Sub-national SADC 2024,baseline
TZ21,Manyara,TZ2103,Mbulu,Vulnerability,Vulnerable groups,vulnerability:healthConditions,Health Conditions,0.9333333333,INFORM SADC 2024,INFORM Sub-national SADC 2024,baseline
TZ21,Manyara,TZ2103,Mbulu,Vulnerability,Vulnerable groups,vulnerability:childrenHealthNutrition,Children Health Nutrition,4.075,MoH,TDHS 2022,under-5 stunting
TZ21,Manyara,TZ2103,Mbulu,Lack of Coping Capacity,Infrastructure,coping:accessHealth,Access Health,5.52,MoH,2022 PHC health facilities,resource availability
TZ21,Manyara,TZ2103,Mbulu,Lack of Coping Capacity,Infrastructure,coping:economicCapacity,Economic Capacity,8.466666667,INFORM SADC 2024,INFORM Sub-national SADC 2024,baseline
TZ21,Manyara,TZ2103,Mbulu,Lack of Coping Capacity,Infrastructure,coping:wash,Wash,3.2,MoW,2022 PHC water points & boreholes,"resource availability, rank 2-8"
TZ21,Manyara,TZ2103,Mbulu,Lack of Coping Capacity,Infrastructure,coping:communication,Communication,6.55,INFORM SADC 2024,INFORM Sub-national SADC 2024,baseline
TZ21,Manyara,TZ2103,Mbulu,Lack of Coping Capacity,Infrastructure,coping:education,Education,5.3,NBS / MoH,2022 PHC schools,resource availability
TZ21,Manyara,TZ2103,Mbulu,Lack of Coping Capacity,Institutional,coping:drrImplementation,Drr Implementation,6.5,PMO-DMD / DRR Coordinator,EPRP / EOCC / Anticipatory-Action records,DRM investment overlay
TZ21,Manyara,TZ2103,Mbulu,Lack of Coping Capacity,Institutional,coping:governance,Governance,5.35,PMO-DMD,INFORM SADC governance,baseline
TZ21,Manyara,TZ2104,Simanjiro,Hazard & Exposure,Exposure,hazard:exposure,Population Exposure,1.63,NBS,2022 PHC population,"population density, log min-max"
TZ21,Manyara,TZ2104,Simanjiro,Hazard & Exposure,Natural hazards,hazard:coastalHazards,Coastal Hazards,0,TMA / PMO-DMD,coastal strip,documented overlay
TZ21,Manyara,TZ2104,Simanjiro,Hazard & Exposure,Natural hazards,hazard:drought,Drought,9.1,TMA / MoA,CHIRPS v3 1991-2024 + ERA5 t2m,"aridity+variability+SPEI+growing-season, min-max"
TZ21,Manyara,TZ2104,Simanjiro,Hazard & Exposure,Natural hazards,hazard:earthquake,Earthquake,9.8,INFORM SADC,INFORM seismic,baseline
TZ21,Manyara,TZ2104,Simanjiro,Hazard & Exposure,Natural hazards,hazard:environmentalDegradation,Environmental Degradation,1.4,INFORM SADC 2024,INFORM Sub-national SADC 2024,baseline
TZ21,Manyara,TZ2104,Simanjiro,Hazard & Exposure,Natural hazards,hazard:flood,Flood,8.5,PMO-DMD / TMA / MoW,CHIRPS v3 daily + recorded floods,"max(hazard, sqrt(hazard×exposure))"
TZ21,Manyara,TZ2104,Simanjiro,Hazard & Exposure,Natural hazards,hazard:landslide,Landslide,3.1,TMA / PMO-DMD,documented rainfall-triggered events,documented overlay
TZ21,Manyara,TZ2104,Simanjiro,Hazard & Exposure,Natural hazards,hazard:stormsCyclone,Storms Cyclone,0,TMA / PMO-DMD,Cyclone Hidaya 2024 + Lindi 1952 + Zanzibar 1872,documented cyclone/storm exposure overlay
TZ21,Manyara,TZ2104,Simanjiro,Hazard & Exposure,Natural hazards,hazard:volcano,Volcano,0,INFORM SADC 2024,INFORM Sub-national SADC 2024,baseline
TZ21,Manyara,TZ2104,Simanjiro,Hazard & Exposure,Natural hazards,hazard:wildfire,Wildfire,4.5,INFORM SADC 2024,INFORM Sub-national SADC 2024,baseline
TZ21,Manyara,TZ2104,Simanjiro,Hazard & Exposure,Human hazards,hazard:conflictIntensity,Conflict Intensity,0,INFORM SADC 2024,INFORM Sub-national SADC 2024,baseline
TZ21,Manyara,TZ2104,Simanjiro,Hazard & Exposure,Human hazards,hazard:conflictRisk,Conflict Risk,0.7,INFORM SADC 2024,INFORM Sub-national SADC 2024,baseline
TZ21,Manyara,TZ2104,Simanjiro,Hazard & Exposure,Human hazards,hazard:internalViolence,Internal Violence,5.9,INFORM SADC 2024,INFORM Sub-national SADC 2024,baseline
TZ21,Manyara,TZ2104,Simanjiro,Vulnerability,Socio-economic,vulnerability:developmentPoverty,Development Poverty,5.95,NBS,Household Budget Survey 2017/18,poverty headcount
TZ21,Manyara,TZ2104,Simanjiro,Vulnerability,Socio-economic,vulnerability:economicDependency,Economic Dependency,3.333333333,INFORM SADC 2024,INFORM Sub-national SADC 2024,baseline
TZ21,Manyara,TZ2104,Simanjiro,Vulnerability,Socio-economic,vulnerability:habitat,Habitat,5.1,INFORM SADC 2024,INFORM Sub-national SADC 2024,baseline
TZ21,Manyara,TZ2104,Simanjiro,Vulnerability,Socio-economic,vulnerability:livelihoods,Livelihoods,6.8,MUCHALI / IPC (MoA),IPC acute food-insecurity rounds,food-insecurity phase
TZ21,Manyara,TZ2104,Simanjiro,Vulnerability,Vulnerable groups,vulnerability:displacedPeople,Displaced People,0,INFORM SADC 2024,INFORM Sub-national SADC 2024,baseline
TZ21,Manyara,TZ2104,Simanjiro,Vulnerability,Vulnerable groups,vulnerability:healthConditions,Health Conditions,0.9333333333,INFORM SADC 2024,INFORM Sub-national SADC 2024,baseline
TZ21,Manyara,TZ2104,Simanjiro,Vulnerability,Vulnerable groups,vulnerability:childrenHealthNutrition,Children Health Nutrition,4.075,MoH,TDHS 2022,under-5 stunting
TZ21,Manyara,TZ2104,Simanjiro,Lack of Coping Capacity,Infrastructure,coping:accessHealth,Access Health,5.52,MoH,2022 PHC health facilities,resource availability
TZ21,Manyara,TZ2104,Simanjiro,Lack of Coping Capacity,Infrastructure,coping:economicCapacity,Economic Capacity,8.466666667,INFORM SADC 2024,INFORM Sub-national SADC 2024,baseline
TZ21,Manyara,TZ2104,Simanjiro,Lack of Coping Capacity,Infrastructure,coping:wash,Wash,6,MoW,2022 PHC water points & boreholes,"resource availability, rank 2-8"
TZ21,Manyara,TZ2104,Simanjiro,Lack of Coping Capacity,Infrastructure,coping:communication,Communication,6.55,INFORM SADC 2024,INFORM Sub-national SADC 2024,baseline
TZ21,Manyara,TZ2104,Simanjiro,Lack of Coping Capacity,Infrastructure,coping:education,Education,5.3,NBS / MoH,2022 PHC schools,resource availability
TZ21,Manyara,TZ2104,Simanjiro,Lack of Coping Capacity,Institutional,coping:drrImplementation,Drr Implementation,3.8,PMO-DMD / DRR Coordinator,EPRP / EOCC / Anticipatory-Action records,DRM investment overlay
TZ21,Manyara,TZ2104,Simanjiro,Lack of Coping Capacity,Institutional,coping:governance,Governance,4.5,PMO-DMD,INFORM SADC governance,baseline
TZ21,Manyara,TZ2105,Kiteto,Hazard & Exposure,Exposure,hazard:exposure,Population Exposure,2.36,NBS,2022 PHC population,"population density, log min-max"
TZ21,Manyara,TZ2105,Kiteto,Hazard & Exposure,Natural hazards,hazard:coastalHazards,Coastal Hazards,0,TMA / PMO-DMD,coastal strip,documented overlay
TZ21,Manyara,TZ2105,Kiteto,Hazard & Exposure,Natural hazards,hazard:drought,Drought,8.2,TMA / MoA,CHIRPS v3 1991-2024 + ERA5 t2m,"aridity+variability+SPEI+growing-season, min-max"
TZ21,Manyara,TZ2105,Kiteto,Hazard & Exposure,Natural hazards,hazard:earthquake,Earthquake,8.3,INFORM SADC,INFORM seismic,baseline
TZ21,Manyara,TZ2105,Kiteto,Hazard & Exposure,Natural hazards,hazard:environmentalDegradation,Environmental Degradation,4.55,INFORM SADC 2024,INFORM Sub-national SADC 2024,baseline
TZ21,Manyara,TZ2105,Kiteto,Hazard & Exposure,Natural hazards,hazard:flood,Flood,3.6,PMO-DMD / TMA / MoW,CHIRPS v3 daily + recorded floods,"max(hazard, sqrt(hazard×exposure))"
TZ21,Manyara,TZ2105,Kiteto,Hazard & Exposure,Natural hazards,hazard:landslide,Landslide,3.9,TMA / PMO-DMD,documented rainfall-triggered events,documented overlay
TZ21,Manyara,TZ2105,Kiteto,Hazard & Exposure,Natural hazards,hazard:stormsCyclone,Storms Cyclone,0,TMA / PMO-DMD,Cyclone Hidaya 2024 + Lindi 1952 + Zanzibar 1872,documented cyclone/storm exposure overlay
TZ21,Manyara,TZ2105,Kiteto,Hazard & Exposure,Natural hazards,hazard:volcano,Volcano,0,INFORM SADC 2024,INFORM Sub-national SADC 2024,baseline
TZ21,Manyara,TZ2105,Kiteto,Hazard & Exposure,Natural hazards,hazard:wildfire,Wildfire,4.5,INFORM SADC 2024,INFORM Sub-national SADC 2024,baseline
TZ21,Manyara,TZ2105,Kiteto,Hazard & Exposure,Human hazards,hazard:conflictIntensity,Conflict Intensity,0,INFORM SADC 2024,INFORM Sub-national SADC 2024,baseline
TZ21,Manyara,TZ2105,Kiteto,Hazard & Exposure,Human hazards,hazard:conflictRisk,Conflict Risk,0.7,INFORM SADC 2024,INFORM Sub-national SADC 2024,baseline
TZ21,Manyara,TZ2105,Kiteto,Hazard & Exposure,Human hazards,hazard:internalViolence,Internal Violence,5.9,INFORM SADC 2024,INFORM Sub-national SADC 2024,baseline
TZ21,Manyara,TZ2105,Kiteto,Vulnerability,Socio-economic,vulnerability:developmentPoverty,Development Poverty,5.95,NBS,Household Budget Survey 2017/18,poverty headcount
TZ21,Manyara,TZ2105,Kiteto,Vulnerability,Socio-economic,vulnerability:economicDependency,Economic Dependency,3.333333333,INFORM SADC 2024,INFORM Sub-national SADC 2024,baseline
TZ21,Manyara,TZ2105,Kiteto,Vulnerability,Socio-economic,vulnerability:habitat,Habitat,5.1,INFORM SADC 2024,INFORM Sub-national SADC 2024,baseline
TZ21,Manyara,TZ2105,Kiteto,Vulnerability,Socio-economic,vulnerability:livelihoods,Livelihoods,6.8,MUCHALI / IPC (MoA),IPC acute food-insecurity rounds,food-insecurity phase
TZ21,Manyara,TZ2105,Kiteto,Vulnerability,Vulnerable groups,vulnerability:displacedPeople,Displaced People,0,INFORM SADC 2024,INFORM Sub-national SADC 2024,baseline
TZ21,Manyara,TZ2105,Kiteto,Vulnerability,Vulnerable groups,vulnerability:healthConditions,Health Conditions,0.9333333333,INFORM SADC 2024,INFORM Sub-national SADC 2024,baseline
TZ21,Manyara,TZ2105,Kiteto,Vulnerability,Vulnerable groups,vulnerability:childrenHealthNutrition,Children Health Nutrition,4.075,MoH,TDHS 2022,under-5 stunting
TZ21,Manyara,TZ2105,Kiteto,Lack of Coping Capacity,Infrastructure,coping:accessHealth,Access Health,5.52,MoH,2022 PHC health facilities,resource availability
TZ21,Manyara,TZ2105,Kiteto,Lack of Coping Capacity,Infrastructure,coping:economicCapacity,Economic Capacity,8.466666667,INFORM SADC 2024,INFORM Sub-national SADC 2024,baseline
TZ21,Manyara,TZ2105,Kiteto,Lack of Coping Capacity,Infrastructure,coping:wash,Wash,6,MoW,2022 PHC water points & boreholes,"resource availability, rank 2-8"
TZ21,Manyara,TZ2105,Kiteto,Lack of Coping Capacity,Infrastructure,coping:communication,Communication,6.55,INFORM SADC 2024,INFORM Sub-national SADC 2024,baseline
TZ21,Manyara,TZ2105,Kiteto,Lack of Coping Capacity,Infrastructure,coping:education,Education,5.3,NBS / MoH,2022 PHC schools,resource availability
TZ21,Manyara,TZ2105,Kiteto,Lack of Coping Capacity,Institutional,coping:drrImplementation,Drr Implementation,3.8,PMO-DMD / DRR Coordinator,EPRP / EOCC / Anticipatory-Action records,DRM investment overlay
TZ21,Manyara,TZ2105,Kiteto,Lack of Coping Capacity,Institutional,coping:governance,Governance,4.5,PMO-DMD,INFORM SADC governance,baseline
TZ21,Manyara,TZ2106,Babati Urban,Hazard & Exposure,Natural hazards,hazard:coastalHazards,Coastal Hazards,0,TMA / PMO-DMD,coastal strip,documented overlay
TZ21,Manyara,TZ2106,Babati Urban,Hazard & Exposure,Natural hazards,hazard:drought,Drought,6.4,TMA / MoA,CHIRPS v3 1991-2024 + ERA5 t2m,"aridity+variability+SPEI+growing-season, min-max"
TZ21,Manyara,TZ2106,Babati Urban,Hazard & Exposure,Natural hazards,hazard:earthquake,Earthquake,10,INFORM SADC,INFORM seismic,baseline
TZ21,Manyara,TZ2106,Babati Urban,Hazard & Exposure,Natural hazards,hazard:environmentalDegradation,Environmental Degradation,2.95,INFORM SADC 2024,INFORM Sub-national SADC 2024,baseline
TZ21,Manyara,TZ2106,Babati Urban,Hazard & Exposure,Natural hazards,hazard:flood,Flood,3.4,PMO-DMD / TMA / MoW,CHIRPS v3 daily + recorded floods,"max(hazard, sqrt(hazard×exposure))"
TZ21,Manyara,TZ2106,Babati Urban,Hazard & Exposure,Natural hazards,hazard:landslide,Landslide,6,TMA / PMO-DMD,documented rainfall-triggered events,documented overlay
TZ21,Manyara,TZ2106,Babati Urban,Hazard & Exposure,Natural hazards,hazard:stormsCyclone,Storms Cyclone,0,TMA / PMO-DMD,Cyclone Hidaya 2024 + Lindi 1952 + Zanzibar 1872,documented cyclone/storm exposure overlay
TZ21,Manyara,TZ2106,Babati Urban,Hazard & Exposure,Natural hazards,hazard:volcano,Volcano,0,INFORM SADC 2024,INFORM Sub-national SADC 2024,baseline
TZ21,Manyara,TZ2106,Babati Urban,Hazard & Exposure,Natural hazards,hazard:wildfire,Wildfire,4.5,INFORM SADC 2024,INFORM Sub-national SADC 2024,baseline
TZ21,Manyara,TZ2106,Babati Urban,Hazard & Exposure,Human hazards,hazard:conflictIntensity,Conflict Intensity,0,INFORM SADC 2024,INFORM Sub-national SADC 2024,baseline
TZ21,Manyara,TZ2106,Babati Urban,Hazard & Exposure,Human hazards,hazard:conflictRisk,Conflict Risk,0.7,INFORM SADC 2024,INFORM Sub-national SADC 2024,baseline
TZ21,Manyara,TZ2106,Babati Urban,Hazard & Exposure,Human hazards,hazard:internalViolence,Internal Violence,5.9,INFORM SADC 2024,INFORM Sub-national SADC 2024,baseline
TZ21,Manyara,TZ2106,Babati Urban,Vulnerability,Socio-economic,vulnerability:developmentPoverty,Development Poverty,5.95,NBS,Household Budget Survey 2017/18,poverty headcount
TZ21,Manyara,TZ2106,Babati Urban,Vulnerability,Socio-economic,vulnerability:economicDependency,Economic Dependency,3.333333333,INFORM SADC 2024,INFORM Sub-national SADC 2024,baseline
TZ21,Manyara,TZ2106,Babati Urban,Vulnerability,Socio-economic,vulnerability:habitat,Habitat,5.1,INFORM SADC 2024,INFORM Sub-national SADC 2024,baseline
TZ21,Manyara,TZ2106,Babati Urban,Vulnerability,Socio-economic,vulnerability:livelihoods,Livelihoods,6.8,MUCHALI / IPC (MoA),IPC acute food-insecurity rounds,food-insecurity phase
TZ21,Manyara,TZ2106,Babati Urban,Vulnerability,Vulnerable groups,vulnerability:displacedPeople,Displaced People,0,INFORM SADC 2024,INFORM Sub-national SADC 2024,baseline
TZ21,Manyara,TZ2106,Babati Urban,Vulnerability,Vulnerable groups,vulnerability:healthConditions,Health Conditions,0.9333333333,INFORM SADC 2024,INFORM Sub-national SADC 2024,baseline
TZ21,Manyara,TZ2106,Babati Urban,Vulnerability,Vulnerable groups,vulnerability:childrenHealthNutrition,Children Health Nutrition,4.075,MoH,TDHS 2022,under-5 stunting
TZ21,Manyara,TZ2106,Babati Urban,Lack of Coping Capacity,Infrastructure,coping:accessHealth,Access Health,5.52,MoH,2022 PHC health facilities,resource availability
TZ21,Manyara,TZ2106,Babati Urban,Lack of Coping Capacity,Infrastructure,coping:economicCapacity,Economic Capacity,8.466666667,INFORM SADC 2024,INFORM Sub-national SADC 2024,baseline
TZ21,Manyara,TZ2106,Babati Urban,Lack of Coping Capacity,Infrastructure,coping:wash,Wash,7,MoW,2022 PHC water points & boreholes,"resource availability, rank 2-8"
TZ21,Manyara,TZ2106,Babati Urban,Lack of Coping Capacity,Infrastructure,coping:communication,Communication,6.55,INFORM SADC 2024,INFORM Sub-national SADC 2024,baseline
TZ21,Manyara,TZ2106,Babati Urban,Lack of Coping Capacity,Infrastructure,coping:education,Education,5.3,NBS / MoH,2022 PHC schools,resource availability
TZ21,Manyara,TZ2106,Babati Urban,Lack of Coping Capacity,Institutional,coping:drrImplementation,Drr Implementation,6.5,PMO-DMD / DRR Coordinator,EPRP / EOCC / Anticipatory-Action records,DRM investment overlay
TZ21,Manyara,TZ2106,Babati Urban,Lack of Coping Capacity,Institutional,coping:governance,Governance,5.35,PMO-DMD,INFORM SADC governance,baseline
TZ22,Njombe,TZ2201,Njombe Urban,Hazard & Exposure,Natural hazards,hazard:coastalHazards,Coastal Hazards,0,TMA / PMO-DMD,coastal strip,documented overlay
TZ22,Njombe,TZ2201,Njombe Urban,Hazard & Exposure,Natural hazards,hazard:drought,Drought,0.7,TMA / MoA,CHIRPS v3 1991-2024 + ERA5 t2m,"aridity+variability+SPEI+growing-season, min-max"
TZ22,Njombe,TZ2201,Njombe Urban,Hazard & Exposure,Natural hazards,hazard:earthquake,Earthquake,1.9,INFORM SADC,INFORM seismic,baseline
TZ22,Njombe,TZ2201,Njombe Urban,Hazard & Exposure,Natural hazards,hazard:environmentalDegradation,Environmental Degradation,9.5,INFORM SADC 2024,INFORM Sub-national SADC 2024,baseline
TZ22,Njombe,TZ2201,Njombe Urban,Hazard & Exposure,Natural hazards,hazard:flood,Flood,1.9,PMO-DMD / TMA / MoW,CHIRPS v3 daily + recorded floods,"max(hazard, sqrt(hazard×exposure))"
TZ22,Njombe,TZ2201,Njombe Urban,Hazard & Exposure,Natural hazards,hazard:landslide,Landslide,6.2,TMA / PMO-DMD,documented rainfall-triggered events,documented overlay
TZ22,Njombe,TZ2201,Njombe Urban,Hazard & Exposure,Natural hazards,hazard:stormsCyclone,Storms Cyclone,0,TMA / PMO-DMD,Cyclone Hidaya 2024 + Lindi 1952 + Zanzibar 1872,documented cyclone/storm exposure overlay
TZ22,Njombe,TZ2201,Njombe Urban,Hazard & Exposure,Natural hazards,hazard:volcano,Volcano,0,INFORM SADC 2024,INFORM Sub-national SADC 2024,baseline
TZ22,Njombe,TZ2201,Njombe Urban,Hazard & Exposure,Natural hazards,hazard:wildfire,Wildfire,5.15,INFORM SADC 2024,INFORM Sub-national SADC 2024,baseline
TZ22,Njombe,TZ2201,Njombe Urban,Hazard & Exposure,Human hazards,hazard:conflictIntensity,Conflict Intensity,0,INFORM SADC 2024,INFORM Sub-national SADC 2024,baseline
TZ22,Njombe,TZ2201,Njombe Urban,Hazard & Exposure,Human hazards,hazard:conflictRisk,Conflict Risk,0.7,INFORM SADC 2024,INFORM Sub-national SADC 2024,baseline
TZ22,Njombe,TZ2201,Njombe Urban,Hazard & Exposure,Human hazards,hazard:internalViolence,Internal Violence,5.05,INFORM SADC 2024,INFORM Sub-national SADC 2024,baseline
TZ22,Njombe,TZ2201,Njombe Urban,Vulnerability,Socio-economic,vulnerability:developmentPoverty,Development Poverty,5.325,NBS,Household Budget Survey 2017/18,poverty headcount
TZ22,Njombe,TZ2201,Njombe Urban,Vulnerability,Socio-economic,vulnerability:economicDependency,Economic Dependency,3.033333333,INFORM SADC 2024,INFORM Sub-national SADC 2024,baseline
TZ22,Njombe,TZ2201,Njombe Urban,Vulnerability,Socio-economic,vulnerability:habitat,Habitat,5.55,INFORM SADC 2024,INFORM Sub-national SADC 2024,baseline
TZ22,Njombe,TZ2201,Njombe Urban,Vulnerability,Socio-economic,vulnerability:livelihoods,Livelihoods,0,MUCHALI / IPC (MoA),IPC acute food-insecurity rounds,food-insecurity phase
TZ22,Njombe,TZ2201,Njombe Urban,Vulnerability,Vulnerable groups,vulnerability:displacedPeople,Displaced People,0,INFORM SADC 2024,INFORM Sub-national SADC 2024,baseline
TZ22,Njombe,TZ2201,Njombe Urban,Vulnerability,Vulnerable groups,vulnerability:healthConditions,Health Conditions,2.733333333,INFORM SADC 2024,INFORM Sub-national SADC 2024,baseline
TZ22,Njombe,TZ2201,Njombe Urban,Vulnerability,Vulnerable groups,vulnerability:childrenHealthNutrition,Children Health Nutrition,8.5,MoH,TDHS 2022,under-5 stunting
TZ22,Njombe,TZ2201,Njombe Urban,Lack of Coping Capacity,Infrastructure,coping:accessHealth,Access Health,4.38,MoH,2022 PHC health facilities,resource availability
TZ22,Njombe,TZ2201,Njombe Urban,Lack of Coping Capacity,Infrastructure,coping:economicCapacity,Economic Capacity,8.266666667,INFORM SADC 2024,INFORM Sub-national SADC 2024,baseline
TZ22,Njombe,TZ2201,Njombe Urban,Lack of Coping Capacity,Infrastructure,coping:wash,Wash,7,MoW,2022 PHC water points & boreholes,"resource availability, rank 2-8"
TZ22,Njombe,TZ2201,Njombe Urban,Lack of Coping Capacity,Infrastructure,coping:communication,Communication,6.6,INFORM SADC 2024,INFORM Sub-national SADC 2024,baseline
TZ22,Njombe,TZ2201,Njombe Urban,Lack of Coping Capacity,Infrastructure,coping:education,Education,5,NBS / MoH,2022 PHC schools,resource availability
TZ22,Njombe,TZ2201,Njombe Urban,Lack of Coping Capacity,Institutional,coping:drrImplementation,Drr Implementation,6.5,PMO-DMD / DRR Coordinator,EPRP / EOCC / Anticipatory-Action records,DRM investment overlay
TZ22,Njombe,TZ2201,Njombe Urban,Lack of Coping Capacity,Institutional,coping:governance,Governance,3.6,PMO-DMD,INFORM SADC governance,baseline
TZ22,Njombe,TZ2202,Wanging'ombe,Hazard & Exposure,Exposure,hazard:exposure,Population Exposure,3.23,NBS,2022 PHC population,"population density, log min-max"
TZ22,Njombe,TZ2202,Wanging'ombe,Hazard & Exposure,Natural hazards,hazard:coastalHazards,Coastal Hazards,0,TMA / PMO-DMD,coastal strip,documented overlay
TZ22,Njombe,TZ2202,Wanging'ombe,Hazard & Exposure,Natural hazards,hazard:drought,Drought,2.3,TMA / MoA,CHIRPS v3 1991-2024 + ERA5 t2m,"aridity+variability+SPEI+growing-season, min-max"
TZ22,Njombe,TZ2202,Wanging'ombe,Hazard & Exposure,Natural hazards,hazard:earthquake,Earthquake,0.6,INFORM SADC,INFORM seismic,baseline
TZ22,Njombe,TZ2202,Wanging'ombe,Hazard & Exposure,Natural hazards,hazard:environmentalDegradation,Environmental Degradation,8.5,INFORM SADC 2024,INFORM Sub-national SADC 2024,baseline
TZ22,Njombe,TZ2202,Wanging'ombe,Hazard & Exposure,Natural hazards,hazard:flood,Flood,3.6,PMO-DMD / TMA / MoW,CHIRPS v3 daily + recorded floods,"max(hazard, sqrt(hazard×exposure))"
TZ22,Njombe,TZ2202,Wanging'ombe,Hazard & Exposure,Natural hazards,hazard:landslide,Landslide,3.3,TMA / PMO-DMD,documented rainfall-triggered events,documented overlay
TZ22,Njombe,TZ2202,Wanging'ombe,Hazard & Exposure,Natural hazards,hazard:stormsCyclone,Storms Cyclone,0,TMA / PMO-DMD,Cyclone Hidaya 2024 + Lindi 1952 + Zanzibar 1872,documented cyclone/storm exposure overlay
TZ22,Njombe,TZ2202,Wanging'ombe,Hazard & Exposure,Natural hazards,hazard:volcano,Volcano,0,INFORM SADC 2024,INFORM Sub-national SADC 2024,baseline
TZ22,Njombe,TZ2202,Wanging'ombe,Hazard & Exposure,Natural hazards,hazard:wildfire,Wildfire,5.15,INFORM SADC 2024,INFORM Sub-national SADC 2024,baseline
TZ22,Njombe,TZ2202,Wanging'ombe,Hazard & Exposure,Human hazards,hazard:conflictIntensity,Conflict Intensity,0,INFORM SADC 2024,INFORM Sub-national SADC 2024,baseline
TZ22,Njombe,TZ2202,Wanging'ombe,Hazard & Exposure,Human hazards,hazard:conflictRisk,Conflict Risk,0.7,INFORM SADC 2024,INFORM Sub-national SADC 2024,baseline
TZ22,Njombe,TZ2202,Wanging'ombe,Hazard & Exposure,Human hazards,hazard:internalViolence,Internal Violence,5.05,INFORM SADC 2024,INFORM Sub-national SADC 2024,baseline
TZ22,Njombe,TZ2202,Wanging'ombe,Vulnerability,Socio-economic,vulnerability:developmentPoverty,Development Poverty,5.325,NBS,Household Budget Survey 2017/18,poverty headcount
TZ22,Njombe,TZ2202,Wanging'ombe,Vulnerability,Socio-economic,vulnerability:economicDependency,Economic Dependency,3.033333333,INFORM SADC 2024,INFORM Sub-national SADC 2024,baseline
TZ22,Njombe,TZ2202,Wanging'ombe,Vulnerability,Socio-economic,vulnerability:habitat,Habitat,5.55,INFORM SADC 2024,INFORM Sub-national SADC 2024,baseline
TZ22,Njombe,TZ2202,Wanging'ombe,Vulnerability,Socio-economic,vulnerability:livelihoods,Livelihoods,0,MUCHALI / IPC (MoA),IPC acute food-insecurity rounds,food-insecurity phase
TZ22,Njombe,TZ2202,Wanging'ombe,Vulnerability,Vulnerable groups,vulnerability:displacedPeople,Displaced People,0,INFORM SADC 2024,INFORM Sub-national SADC 2024,baseline
TZ22,Njombe,TZ2202,Wanging'ombe,Vulnerability,Vulnerable groups,vulnerability:healthConditions,Health Conditions,2.733333333,INFORM SADC 2024,INFORM Sub-national SADC 2024,baseline
TZ22,Njombe,TZ2202,Wanging'ombe,Vulnerability,Vulnerable groups,vulnerability:childrenHealthNutrition,Children Health Nutrition,8.5,MoH,TDHS 2022,under-5 stunting
TZ22,Njombe,TZ2202,Wanging'ombe,Lack of Coping Capacity,Infrastructure,coping:accessHealth,Access Health,4.38,MoH,2022 PHC health facilities,resource availability
TZ22,Njombe,TZ2202,Wanging'ombe,Lack of Coping Capacity,Infrastructure,coping:economicCapacity,Economic Capacity,8.266666667,INFORM SADC 2024,INFORM Sub-national SADC 2024,baseline
TZ22,Njombe,TZ2202,Wanging'ombe,Lack of Coping Capacity,Infrastructure,coping:wash,Wash,3.6,MoW,2022 PHC water points & boreholes,"resource availability, rank 2-8"
TZ22,Njombe,TZ2202,Wanging'ombe,Lack of Coping Capacity,Infrastructure,coping:communication,Communication,6.6,INFORM SADC 2024,INFORM Sub-national SADC 2024,baseline
TZ22,Njombe,TZ2202,Wanging'ombe,Lack of Coping Capacity,Infrastructure,coping:education,Education,5,NBS / MoH,2022 PHC schools,resource availability
TZ22,Njombe,TZ2202,Wanging'ombe,Lack of Coping Capacity,Institutional,coping:drrImplementation,Drr Implementation,6.5,PMO-DMD / DRR Coordinator,EPRP / EOCC / Anticipatory-Action records,DRM investment overlay
TZ22,Njombe,TZ2202,Wanging'ombe,Lack of Coping Capacity,Institutional,coping:governance,Governance,3.6,PMO-DMD,INFORM SADC governance,baseline
TZ22,Njombe,TZ2203,Makete,Hazard & Exposure,Exposure,hazard:exposure,Population Exposure,2.34,NBS,2022 PHC population,"population density, log min-max"
TZ22,Njombe,TZ2203,Makete,Hazard & Exposure,Natural hazards,hazard:coastalHazards,Coastal Hazards,0,TMA / PMO-DMD,coastal strip,documented overlay
TZ22,Njombe,TZ2203,Makete,Hazard & Exposure,Natural hazards,hazard:drought,Drought,0.7,TMA / MoA,CHIRPS v3 1991-2024 + ERA5 t2m,"aridity+variability+SPEI+growing-season, min-max"
TZ22,Njombe,TZ2203,Makete,Hazard & Exposure,Natural hazards,hazard:earthquake,Earthquake,9.5,INFORM SADC,INFORM seismic,baseline
TZ22,Njombe,TZ2203,Makete,Hazard & Exposure,Natural hazards,hazard:environmentalDegradation,Environmental Degradation,8.85,INFORM SADC 2024,INFORM Sub-national SADC 2024,baseline
TZ22,Njombe,TZ2203,Makete,Hazard & Exposure,Natural hazards,hazard:flood,Flood,2.8,PMO-DMD / TMA / MoW,CHIRPS v3 daily + recorded floods,"max(hazard, sqrt(hazard×exposure))"
TZ22,Njombe,TZ2203,Makete,Hazard & Exposure,Natural hazards,hazard:landslide,Landslide,7.8,TMA / PMO-DMD,documented rainfall-triggered events,documented overlay
TZ22,Njombe,TZ2203,Makete,Hazard & Exposure,Natural hazards,hazard:stormsCyclone,Storms Cyclone,0,TMA / PMO-DMD,Cyclone Hidaya 2024 + Lindi 1952 + Zanzibar 1872,documented cyclone/storm exposure overlay
TZ22,Njombe,TZ2203,Makete,Hazard & Exposure,Natural hazards,hazard:volcano,Volcano,0,INFORM SADC 2024,INFORM Sub-national SADC 2024,baseline
TZ22,Njombe,TZ2203,Makete,Hazard & Exposure,Natural hazards,hazard:wildfire,Wildfire,5.15,INFORM SADC 2024,INFORM Sub-national SADC 2024,baseline
TZ22,Njombe,TZ2203,Makete,Hazard & Exposure,Human hazards,hazard:conflictIntensity,Conflict Intensity,0,INFORM SADC 2024,INFORM Sub-national SADC 2024,baseline
TZ22,Njombe,TZ2203,Makete,Hazard & Exposure,Human hazards,hazard:conflictRisk,Conflict Risk,0.7,INFORM SADC 2024,INFORM Sub-national SADC 2024,baseline
TZ22,Njombe,TZ2203,Makete,Hazard & Exposure,Human hazards,hazard:internalViolence,Internal Violence,5.05,INFORM SADC 2024,INFORM Sub-national SADC 2024,baseline
TZ22,Njombe,TZ2203,Makete,Vulnerability,Socio-economic,vulnerability:developmentPoverty,Development Poverty,5.325,NBS,Household Budget Survey 2017/18,poverty headcount
TZ22,Njombe,TZ2203,Makete,Vulnerability,Socio-economic,vulnerability:economicDependency,Economic Dependency,3.033333333,INFORM SADC 2024,INFORM Sub-national SADC 2024,baseline
TZ22,Njombe,TZ2203,Makete,Vulnerability,Socio-economic,vulnerability:habitat,Habitat,5.55,INFORM SADC 2024,INFORM Sub-national SADC 2024,baseline
TZ22,Njombe,TZ2203,Makete,Vulnerability,Socio-economic,vulnerability:livelihoods,Livelihoods,0,MUCHALI / IPC (MoA),IPC acute food-insecurity rounds,food-insecurity phase
TZ22,Njombe,TZ2203,Makete,Vulnerability,Vulnerable groups,vulnerability:displacedPeople,Displaced People,0,INFORM SADC 2024,INFORM Sub-national SADC 2024,baseline
TZ22,Njombe,TZ2203,Makete,Vulnerability,Vulnerable groups,vulnerability:healthConditions,Health Conditions,2.733333333,INFORM SADC 2024,INFORM Sub-national SADC 2024,baseline
TZ22,Njombe,TZ2203,Makete,Vulnerability,Vulnerable groups,vulnerability:childrenHealthNutrition,Children Health Nutrition,8.5,MoH,TDHS 2022,under-5 stunting
TZ22,Njombe,TZ2203,Makete,Lack of Coping Capacity,Infrastructure,coping:accessHealth,Access Health,4.38,MoH,2022 PHC health facilities,resource availability
TZ22,Njombe,TZ2203,Makete,Lack of Coping Capacity,Infrastructure,coping:economicCapacity,Economic Capacity,8.266666667,INFORM SADC 2024,INFORM Sub-national SADC 2024,baseline
TZ22,Njombe,TZ2203,Makete,Lack of Coping Capacity,Infrastructure,coping:wash,Wash,5,MoW,2022 PHC water points & boreholes,"resource availability, rank 2-8"
TZ22,Njombe,TZ2203,Makete,Lack of Coping Capacity,Infrastructure,coping:communication,Communication,6.6,INFORM SADC 2024,INFORM Sub-national SADC 2024,baseline
TZ22,Njombe,TZ2203,Makete,Lack of Coping Capacity,Infrastructure,coping:education,Education,5,NBS / MoH,2022 PHC schools,resource availability
TZ22,Njombe,TZ2203,Makete,Lack of Coping Capacity,Institutional,coping:drrImplementation,Drr Implementation,6.5,PMO-DMD / DRR Coordinator,EPRP / EOCC / Anticipatory-Action records,DRM investment overlay
TZ22,Njombe,TZ2203,Makete,Lack of Coping Capacity,Institutional,coping:governance,Governance,3.6,PMO-DMD,INFORM SADC governance,baseline
TZ22,Njombe,TZ2204,Njombe,Hazard & Exposure,Exposure,hazard:exposure,Population Exposure,3.24,NBS,2022 PHC population,"population density, log min-max"
TZ22,Njombe,TZ2204,Njombe,Hazard & Exposure,Natural hazards,hazard:coastalHazards,Coastal Hazards,0,TMA / PMO-DMD,coastal strip,documented overlay
TZ22,Njombe,TZ2204,Njombe,Hazard & Exposure,Natural hazards,hazard:drought,Drought,0.8,TMA / MoA,CHIRPS v3 1991-2024 + ERA5 t2m,"aridity+variability+SPEI+growing-season, min-max"
TZ22,Njombe,TZ2204,Njombe,Hazard & Exposure,Natural hazards,hazard:earthquake,Earthquake,0,INFORM SADC,INFORM seismic,baseline
TZ22,Njombe,TZ2204,Njombe,Hazard & Exposure,Natural hazards,hazard:environmentalDegradation,Environmental Degradation,9.35,INFORM SADC 2024,INFORM Sub-national SADC 2024,baseline
TZ22,Njombe,TZ2204,Njombe,Hazard & Exposure,Natural hazards,hazard:flood,Flood,1.4,PMO-DMD / TMA / MoW,CHIRPS v3 daily + recorded floods,"max(hazard, sqrt(hazard×exposure))"
TZ22,Njombe,TZ2204,Njombe,Hazard & Exposure,Natural hazards,hazard:landslide,Landslide,7.1,TMA / PMO-DMD,documented rainfall-triggered events,documented overlay
TZ22,Njombe,TZ2204,Njombe,Hazard & Exposure,Natural hazards,hazard:stormsCyclone,Storms Cyclone,0,TMA / PMO-DMD,Cyclone Hidaya 2024 + Lindi 1952 + Zanzibar 1872,documented cyclone/storm exposure overlay
TZ22,Njombe,TZ2204,Njombe,Hazard & Exposure,Natural hazards,hazard:volcano,Volcano,0,INFORM SADC 2024,INFORM Sub-national SADC 2024,baseline
TZ22,Njombe,TZ2204,Njombe,Hazard & Exposure,Natural hazards,hazard:wildfire,Wildfire,5.15,INFORM SADC 2024,INFORM Sub-national SADC 2024,baseline
TZ22,Njombe,TZ2204,Njombe,Hazard & Exposure,Human hazards,hazard:conflictIntensity,Conflict Intensity,0,INFORM SADC 2024,INFORM Sub-national SADC 2024,baseline
TZ22,Njombe,TZ2204,Njombe,Hazard & Exposure,Human hazards,hazard:conflictRisk,Conflict Risk,0.7,INFORM SADC 2024,INFORM Sub-national SADC 2024,baseline
TZ22,Njombe,TZ2204,Njombe,Hazard & Exposure,Human hazards,hazard:internalViolence,Internal Violence,5.05,INFORM SADC 2024,INFORM Sub-national SADC 2024,baseline
TZ22,Njombe,TZ2204,Njombe,Vulnerability,Socio-economic,vulnerability:developmentPoverty,Development Poverty,5.325,NBS,Household Budget Survey 2017/18,poverty headcount
TZ22,Njombe,TZ2204,Njombe,Vulnerability,Socio-economic,vulnerability:economicDependency,Economic Dependency,3.033333333,INFORM SADC 2024,INFORM Sub-national SADC 2024,baseline
TZ22,Njombe,TZ2204,Njombe,Vulnerability,Socio-economic,vulnerability:habitat,Habitat,5.55,INFORM SADC 2024,INFORM Sub-national SADC 2024,baseline
TZ22,Njombe,TZ2204,Njombe,Vulnerability,Socio-economic,vulnerability:livelihoods,Livelihoods,0,MUCHALI / IPC (MoA),IPC acute food-insecurity rounds,food-insecurity phase
TZ22,Njombe,TZ2204,Njombe,Vulnerability,Vulnerable groups,vulnerability:displacedPeople,Displaced People,0,INFORM SADC 2024,INFORM Sub-national SADC 2024,baseline
TZ22,Njombe,TZ2204,Njombe,Vulnerability,Vulnerable groups,vulnerability:healthConditions,Health Conditions,2.733333333,INFORM SADC 2024,INFORM Sub-national SADC 2024,baseline
TZ22,Njombe,TZ2204,Njombe,Vulnerability,Vulnerable groups,vulnerability:childrenHealthNutrition,Children Health Nutrition,8.5,MoH,TDHS 2022,under-5 stunting
TZ22,Njombe,TZ2204,Njombe,Lack of Coping Capacity,Infrastructure,coping:accessHealth,Access Health,4.38,MoH,2022 PHC health facilities,resource availability
TZ22,Njombe,TZ2204,Njombe,Lack of Coping Capacity,Infrastructure,coping:economicCapacity,Economic Capacity,8.266666667,INFORM SADC 2024,INFORM Sub-national SADC 2024,baseline
TZ22,Njombe,TZ2204,Njombe,Lack of Coping Capacity,Infrastructure,coping:wash,Wash,2.4,MoW,2022 PHC water points & boreholes,"resource availability, rank 2-8"
TZ22,Njombe,TZ2204,Njombe,Lack of Coping Capacity,Infrastructure,coping:communication,Communication,6.6,INFORM SADC 2024,INFORM Sub-national SADC 2024,baseline
TZ22,Njombe,TZ2204,Njombe,Lack of Coping Capacity,Infrastructure,coping:education,Education,5,NBS / MoH,2022 PHC schools,resource availability
TZ22,Njombe,TZ2204,Njombe,Lack of Coping Capacity,Institutional,coping:drrImplementation,Drr Implementation,6.5,PMO-DMD / DRR Coordinator,EPRP / EOCC / Anticipatory-Action records,DRM investment overlay
TZ22,Njombe,TZ2204,Njombe,Lack of Coping Capacity,Institutional,coping:governance,Governance,3.6,PMO-DMD,INFORM SADC governance,baseline
TZ22,Njombe,TZ2205,Ludewa,Hazard & Exposure,Exposure,hazard:exposure,Population Exposure,2.29,NBS,2022 PHC population,"population density, log min-max"
TZ22,Njombe,TZ2205,Ludewa,Hazard & Exposure,Natural hazards,hazard:coastalHazards,Coastal Hazards,0,TMA / PMO-DMD,coastal strip,documented overlay
TZ22,Njombe,TZ2205,Ludewa,Hazard & Exposure,Natural hazards,hazard:drought,Drought,1.1,TMA / MoA,CHIRPS v3 1991-2024 + ERA5 t2m,"aridity+variability+SPEI+growing-season, min-max"
TZ22,Njombe,TZ2205,Ludewa,Hazard & Exposure,Natural hazards,hazard:earthquake,Earthquake,8.9,INFORM SADC,INFORM seismic,baseline
TZ22,Njombe,TZ2205,Ludewa,Hazard & Exposure,Natural hazards,hazard:environmentalDegradation,Environmental Degradation,8.5,INFORM SADC 2024,INFORM Sub-national SADC 2024,baseline
TZ22,Njombe,TZ2205,Ludewa,Hazard & Exposure,Natural hazards,hazard:flood,Flood,4.2,PMO-DMD / TMA / MoW,CHIRPS v3 daily + recorded floods,"max(hazard, sqrt(hazard×exposure))"
TZ22,Njombe,TZ2205,Ludewa,Hazard & Exposure,Natural hazards,hazard:landslide,Landslide,7.5,TMA / PMO-DMD,documented rainfall-triggered events,documented overlay
TZ22,Njombe,TZ2205,Ludewa,Hazard & Exposure,Natural hazards,hazard:stormsCyclone,Storms Cyclone,0,TMA / PMO-DMD,Cyclone Hidaya 2024 + Lindi 1952 + Zanzibar 1872,documented cyclone/storm exposure overlay
TZ22,Njombe,TZ2205,Ludewa,Hazard & Exposure,Natural hazards,hazard:volcano,Volcano,0,INFORM SADC 2024,INFORM Sub-national SADC 2024,baseline
TZ22,Njombe,TZ2205,Ludewa,Hazard & Exposure,Natural hazards,hazard:wildfire,Wildfire,5.15,INFORM SADC 2024,INFORM Sub-national SADC 2024,baseline
TZ22,Njombe,TZ2205,Ludewa,Hazard & Exposure,Human hazards,hazard:conflictIntensity,Conflict Intensity,0,INFORM SADC 2024,INFORM Sub-national SADC 2024,baseline
TZ22,Njombe,TZ2205,Ludewa,Hazard & Exposure,Human hazards,hazard:conflictRisk,Conflict Risk,0.7,INFORM SADC 2024,INFORM Sub-national SADC 2024,baseline
TZ22,Njombe,TZ2205,Ludewa,Hazard & Exposure,Human hazards,hazard:internalViolence,Internal Violence,5.05,INFORM SADC 2024,INFORM Sub-national SADC 2024,baseline
TZ22,Njombe,TZ2205,Ludewa,Vulnerability,Socio-economic,vulnerability:developmentPoverty,Development Poverty,5.325,NBS,Household Budget Survey 2017/18,poverty headcount
TZ22,Njombe,TZ2205,Ludewa,Vulnerability,Socio-economic,vulnerability:economicDependency,Economic Dependency,3.033333333,INFORM SADC 2024,INFORM Sub-national SADC 2024,baseline
TZ22,Njombe,TZ2205,Ludewa,Vulnerability,Socio-economic,vulnerability:habitat,Habitat,5.55,INFORM SADC 2024,INFORM Sub-national SADC 2024,baseline
TZ22,Njombe,TZ2205,Ludewa,Vulnerability,Socio-economic,vulnerability:livelihoods,Livelihoods,0,MUCHALI / IPC (MoA),IPC acute food-insecurity rounds,food-insecurity phase
TZ22,Njombe,TZ2205,Ludewa,Vulnerability,Vulnerable groups,vulnerability:displacedPeople,Displaced People,0,INFORM SADC 2024,INFORM Sub-national SADC 2024,baseline
TZ22,Njombe,TZ2205,Ludewa,Vulnerability,Vulnerable groups,vulnerability:healthConditions,Health Conditions,2.733333333,INFORM SADC 2024,INFORM Sub-national SADC 2024,baseline
TZ22,Njombe,TZ2205,Ludewa,Vulnerability,Vulnerable groups,vulnerability:childrenHealthNutrition,Children Health Nutrition,8.5,MoH,TDHS 2022,under-5 stunting
TZ22,Njombe,TZ2205,Ludewa,Lack of Coping Capacity,Infrastructure,coping:accessHealth,Access Health,4.38,MoH,2022 PHC health facilities,resource availability
TZ22,Njombe,TZ2205,Ludewa,Lack of Coping Capacity,Infrastructure,coping:economicCapacity,Economic Capacity,8.266666667,INFORM SADC 2024,INFORM Sub-national SADC 2024,baseline
TZ22,Njombe,TZ2205,Ludewa,Lack of Coping Capacity,Infrastructure,coping:wash,Wash,5.4,MoW,2022 PHC water points & boreholes,"resource availability, rank 2-8"
TZ22,Njombe,TZ2205,Ludewa,Lack of Coping Capacity,Infrastructure,coping:communication,Communication,6.6,INFORM SADC 2024,INFORM Sub-national SADC 2024,baseline
TZ22,Njombe,TZ2205,Ludewa,Lack of Coping Capacity,Infrastructure,coping:education,Education,5,NBS / MoH,2022 PHC schools,resource availability
TZ22,Njombe,TZ2205,Ludewa,Lack of Coping Capacity,Institutional,coping:drrImplementation,Drr Implementation,6.5,PMO-DMD / DRR Coordinator,EPRP / EOCC / Anticipatory-Action records,DRM investment overlay
TZ22,Njombe,TZ2205,Ludewa,Lack of Coping Capacity,Institutional,coping:governance,Governance,3.6,PMO-DMD,INFORM SADC governance,baseline
TZ22,Njombe,TZ2206,Makambako Township Authority,Hazard & Exposure,Natural hazards,hazard:coastalHazards,Coastal Hazards,0,TMA / PMO-DMD,coastal strip,documented overlay
TZ22,Njombe,TZ2206,Makambako Township Authority,Hazard & Exposure,Natural hazards,hazard:drought,Drought,0.7,TMA / MoA,CHIRPS v3 1991-2024 + ERA5 t2m,"aridity+variability+SPEI+growing-season, min-max"
TZ22,Njombe,TZ2206,Makambako Township Authority,Hazard & Exposure,Natural hazards,hazard:earthquake,Earthquake,0,INFORM SADC,INFORM seismic,baseline
TZ22,Njombe,TZ2206,Makambako Township Authority,Hazard & Exposure,Natural hazards,hazard:environmentalDegradation,Environmental Degradation,8.6,INFORM SADC 2024,INFORM Sub-national SADC 2024,baseline
TZ22,Njombe,TZ2206,Makambako Township Authority,Hazard & Exposure,Natural hazards,hazard:flood,Flood,0,PMO-DMD / TMA / MoW,CHIRPS v3 daily + recorded floods,"max(hazard, sqrt(hazard×exposure))"
TZ22,Njombe,TZ2206,Makambako Township Authority,Hazard & Exposure,Natural hazards,hazard:landslide,Landslide,0,TMA / PMO-DMD,documented rainfall-triggered events,documented overlay
TZ22,Njombe,TZ2206,Makambako Township Authority,Hazard & Exposure,Natural hazards,hazard:stormsCyclone,Storms Cyclone,0,TMA / PMO-DMD,Cyclone Hidaya 2024 + Lindi 1952 + Zanzibar 1872,documented cyclone/storm exposure overlay
TZ22,Njombe,TZ2206,Makambako Township Authority,Hazard & Exposure,Natural hazards,hazard:volcano,Volcano,0,INFORM SADC 2024,INFORM Sub-national SADC 2024,baseline
TZ22,Njombe,TZ2206,Makambako Township Authority,Hazard & Exposure,Natural hazards,hazard:wildfire,Wildfire,5.15,INFORM SADC 2024,INFORM Sub-national SADC 2024,baseline
TZ22,Njombe,TZ2206,Makambako Township Authority,Hazard & Exposure,Human hazards,hazard:conflictIntensity,Conflict Intensity,0,INFORM SADC 2024,INFORM Sub-national SADC 2024,baseline
TZ22,Njombe,TZ2206,Makambako Township Authority,Hazard & Exposure,Human hazards,hazard:conflictRisk,Conflict Risk,0.7,INFORM SADC 2024,INFORM Sub-national SADC 2024,baseline
TZ22,Njombe,TZ2206,Makambako Township Authority,Hazard & Exposure,Human hazards,hazard:internalViolence,Internal Violence,5.05,INFORM SADC 2024,INFORM Sub-national SADC 2024,baseline
TZ22,Njombe,TZ2206,Makambako Township Authority,Vulnerability,Socio-economic,vulnerability:developmentPoverty,Development Poverty,5.325,NBS,Household Budget Survey 2017/18,poverty headcount
TZ22,Njombe,TZ2206,Makambako Township Authority,Vulnerability,Socio-economic,vulnerability:economicDependency,Economic Dependency,3.033333333,INFORM SADC 2024,INFORM Sub-national SADC 2024,baseline
TZ22,Njombe,TZ2206,Makambako Township Authority,Vulnerability,Socio-economic,vulnerability:habitat,Habitat,5.55,INFORM SADC 2024,INFORM Sub-national SADC 2024,baseline
TZ22,Njombe,TZ2206,Makambako Township Authority,Vulnerability,Socio-economic,vulnerability:livelihoods,Livelihoods,0,MUCHALI / IPC (MoA),IPC acute food-insecurity rounds,food-insecurity phase
TZ22,Njombe,TZ2206,Makambako Township Authority,Vulnerability,Vulnerable groups,vulnerability:displacedPeople,Displaced People,0,INFORM SADC 2024,INFORM Sub-national SADC 2024,baseline
TZ22,Njombe,TZ2206,Makambako Township Authority,Vulnerability,Vulnerable groups,vulnerability:healthConditions,Health Conditions,2.733333333,INFORM SADC 2024,INFORM Sub-national SADC 2024,baseline
TZ22,Njombe,TZ2206,Makambako Township Authority,Vulnerability,Vulnerable groups,vulnerability:childrenHealthNutrition,Children Health Nutrition,8.5,MoH,TDHS 2022,under-5 stunting
TZ22,Njombe,TZ2206,Makambako Township Authority,Lack of Coping Capacity,Infrastructure,coping:accessHealth,Access Health,4.38,MoH,2022 PHC health facilities,resource availability
TZ22,Njombe,TZ2206,Makambako Township Authority,Lack of Coping Capacity,Infrastructure,coping:economicCapacity,Economic Capacity,8.266666667,INFORM SADC 2024,INFORM Sub-national SADC 2024,baseline
TZ22,Njombe,TZ2206,Makambako Township Authority,Lack of Coping Capacity,Infrastructure,coping:wash,Wash,7,MoW,2022 PHC water points & boreholes,"resource availability, rank 2-8"
TZ22,Njombe,TZ2206,Makambako Township Authority,Lack of Coping Capacity,Infrastructure,coping:communication,Communication,6.6,INFORM SADC 2024,INFORM Sub-national SADC 2024,baseline
TZ22,Njombe,TZ2206,Makambako Township Authority,Lack of Coping Capacity,Infrastructure,coping:education,Education,5,NBS / MoH,2022 PHC schools,resource availability
TZ22,Njombe,TZ2206,Makambako Township Authority,Lack of Coping Capacity,Institutional,coping:drrImplementation,Drr Implementation,6.5,PMO-DMD / DRR Coordinator,EPRP / EOCC / Anticipatory-Action records,DRM investment overlay
TZ22,Njombe,TZ2206,Makambako Township Authority,Lack of Coping Capacity,Institutional,coping:governance,Governance,3.6,PMO-DMD,INFORM SADC governance,baseline
TZ23,Katavi,TZ2301,Mpanda Urban,Hazard & Exposure,Natural hazards,hazard:coastalHazards,Coastal Hazards,0,TMA / PMO-DMD,coastal strip,documented overlay
TZ23,Katavi,TZ2301,Mpanda Urban,Hazard & Exposure,Natural hazards,hazard:drought,Drought,0,TMA / MoA,CHIRPS v3 1991-2024 + ERA5 t2m,"aridity+variability+SPEI+growing-season, min-max"
TZ23,Katavi,TZ2301,Mpanda Urban,Hazard & Exposure,Natural hazards,hazard:earthquake,Earthquake,10,INFORM SADC,INFORM seismic,baseline
TZ23,Katavi,TZ2301,Mpanda Urban,Hazard & Exposure,Natural hazards,hazard:environmentalDegradation,Environmental Degradation,3.85,INFORM SADC 2024,INFORM Sub-national SADC 2024,baseline
TZ23,Katavi,TZ2301,Mpanda Urban,Hazard & Exposure,Natural hazards,hazard:flood,Flood,5.4,PMO-DMD / TMA / MoW,CHIRPS v3 daily + recorded floods,"max(hazard, sqrt(hazard×exposure))"
TZ23,Katavi,TZ2301,Mpanda Urban,Hazard & Exposure,Natural hazards,hazard:landslide,Landslide,0,TMA / PMO-DMD,documented rainfall-triggered events,documented overlay
TZ23,Katavi,TZ2301,Mpanda Urban,Hazard & Exposure,Natural hazards,hazard:stormsCyclone,Storms Cyclone,0,TMA / PMO-DMD,Cyclone Hidaya 2024 + Lindi 1952 + Zanzibar 1872,documented cyclone/storm exposure overlay
TZ23,Katavi,TZ2301,Mpanda Urban,Hazard & Exposure,Natural hazards,hazard:volcano,Volcano,0,INFORM SADC 2024,INFORM Sub-national SADC 2024,baseline
TZ23,Katavi,TZ2301,Mpanda Urban,Hazard & Exposure,Natural hazards,hazard:wildfire,Wildfire,9.4,INFORM SADC 2024,INFORM Sub-national SADC 2024,baseline
TZ23,Katavi,TZ2301,Mpanda Urban,Hazard & Exposure,Human hazards,hazard:conflictIntensity,Conflict Intensity,0,INFORM SADC 2024,INFORM Sub-national SADC 2024,baseline
TZ23,Katavi,TZ2301,Mpanda Urban,Hazard & Exposure,Human hazards,hazard:conflictRisk,Conflict Risk,0.7,INFORM SADC 2024,INFORM Sub-national SADC 2024,baseline
TZ23,Katavi,TZ2301,Mpanda Urban,Hazard & Exposure,Human hazards,hazard:internalViolence,Internal Violence,4.9,INFORM SADC 2024,INFORM Sub-national SADC 2024,baseline
TZ23,Katavi,TZ2301,Mpanda Urban,Vulnerability,Socio-economic,vulnerability:developmentPoverty,Development Poverty,9.3,NBS,Household Budget Survey 2017/18,poverty headcount
TZ23,Katavi,TZ2301,Mpanda Urban,Vulnerability,Socio-economic,vulnerability:economicDependency,Economic Dependency,4.366666667,INFORM SADC 2024,INFORM Sub-national SADC 2024,baseline
TZ23,Katavi,TZ2301,Mpanda Urban,Vulnerability,Socio-economic,vulnerability:habitat,Habitat,5.15,INFORM SADC 2024,INFORM Sub-national SADC 2024,baseline
TZ23,Katavi,TZ2301,Mpanda Urban,Vulnerability,Socio-economic,vulnerability:livelihoods,Livelihoods,0,MUCHALI / IPC (MoA),IPC acute food-insecurity rounds,food-insecurity phase
TZ23,Katavi,TZ2301,Mpanda Urban,Vulnerability,Vulnerable groups,vulnerability:displacedPeople,Displaced People,0,INFORM SADC 2024,INFORM Sub-national SADC 2024,baseline
TZ23,Katavi,TZ2301,Mpanda Urban,Vulnerability,Vulnerable groups,vulnerability:healthConditions,Health Conditions,5.433333333,INFORM SADC 2024,INFORM Sub-national SADC 2024,baseline
TZ23,Katavi,TZ2301,Mpanda Urban,Vulnerability,Vulnerable groups,vulnerability:childrenHealthNutrition,Children Health Nutrition,8.225,MoH,TDHS 2022,under-5 stunting
TZ23,Katavi,TZ2301,Mpanda Urban,Lack of Coping Capacity,Infrastructure,coping:accessHealth,Access Health,8,MoH,2022 PHC health facilities,resource availability
TZ23,Katavi,TZ2301,Mpanda Urban,Lack of Coping Capacity,Infrastructure,coping:economicCapacity,Economic Capacity,9.733333333,INFORM SADC 2024,INFORM Sub-national SADC 2024,baseline
TZ23,Katavi,TZ2301,Mpanda Urban,Lack of Coping Capacity,Infrastructure,coping:wash,Wash,7,MoW,2022 PHC water points & boreholes,"resource availability, rank 2-8"
TZ23,Katavi,TZ2301,Mpanda Urban,Lack of Coping Capacity,Infrastructure,coping:communication,Communication,10,INFORM SADC 2024,INFORM Sub-national SADC 2024,baseline
TZ23,Katavi,TZ2301,Mpanda Urban,Lack of Coping Capacity,Infrastructure,coping:education,Education,6.15,NBS / MoH,2022 PHC schools,resource availability
TZ23,Katavi,TZ2301,Mpanda Urban,Lack of Coping Capacity,Institutional,coping:drrImplementation,Drr Implementation,6.5,PMO-DMD / DRR Coordinator,EPRP / EOCC / Anticipatory-Action records,DRM investment overlay
TZ23,Katavi,TZ2301,Mpanda Urban,Lack of Coping Capacity,Institutional,coping:governance,Governance,6.2,PMO-DMD,INFORM SADC governance,baseline
TZ23,Katavi,TZ2302,Mpanda,Hazard & Exposure,Exposure,hazard:exposure,Population Exposure,3.98,NBS,2022 PHC population,"population density, log min-max"
TZ23,Katavi,TZ2302,Mpanda,Hazard & Exposure,Natural hazards,hazard:coastalHazards,Coastal Hazards,0,TMA / PMO-DMD,coastal strip,documented overlay
TZ23,Katavi,TZ2302,Mpanda,Hazard & Exposure,Natural hazards,hazard:drought,Drought,1.8,TMA / MoA,CHIRPS v3 1991-2024 + ERA5 t2m,"aridity+variability+SPEI+growing-season, min-max"
TZ23,Katavi,TZ2302,Mpanda,Hazard & Exposure,Natural hazards,hazard:earthquake,Earthquake,10,INFORM SADC,INFORM seismic,baseline
TZ23,Katavi,TZ2302,Mpanda,Hazard & Exposure,Natural hazards,hazard:environmentalDegradation,Environmental Degradation,3.45,INFORM SADC 2024,INFORM Sub-national SADC 2024,baseline
TZ23,Katavi,TZ2302,Mpanda,Hazard & Exposure,Natural hazards,hazard:flood,Flood,5.4,PMO-DMD / TMA / MoW,CHIRPS v3 daily + recorded floods,"max(hazard, sqrt(hazard×exposure))"
TZ23,Katavi,TZ2302,Mpanda,Hazard & Exposure,Natural hazards,hazard:landslide,Landslide,5.1,TMA / PMO-DMD,documented rainfall-triggered events,documented overlay
TZ23,Katavi,TZ2302,Mpanda,Hazard & Exposure,Natural hazards,hazard:stormsCyclone,Storms Cyclone,0,TMA / PMO-DMD,Cyclone Hidaya 2024 + Lindi 1952 + Zanzibar 1872,documented cyclone/storm exposure overlay
TZ23,Katavi,TZ2302,Mpanda,Hazard & Exposure,Natural hazards,hazard:volcano,Volcano,0,INFORM SADC 2024,INFORM Sub-national SADC 2024,baseline
TZ23,Katavi,TZ2302,Mpanda,Hazard & Exposure,Natural hazards,hazard:wildfire,Wildfire,9.4,INFORM SADC 2024,INFORM Sub-national SADC 2024,baseline
TZ23,Katavi,TZ2302,Mpanda,Hazard & Exposure,Human hazards,hazard:conflictIntensity,Conflict Intensity,0,INFORM SADC 2024,INFORM Sub-national SADC 2024,baseline
TZ23,Katavi,TZ2302,Mpanda,Hazard & Exposure,Human hazards,hazard:conflictRisk,Conflict Risk,0.7,INFORM SADC 2024,INFORM Sub-national SADC 2024,baseline
TZ23,Katavi,TZ2302,Mpanda,Hazard & Exposure,Human hazards,hazard:internalViolence,Internal Violence,4.9,INFORM SADC 2024,INFORM Sub-national SADC 2024,baseline
TZ23,Katavi,TZ2302,Mpanda,Vulnerability,Socio-economic,vulnerability:developmentPoverty,Development Poverty,9.3,NBS,Household Budget Survey 2017/18,poverty headcount
TZ23,Katavi,TZ2302,Mpanda,Vulnerability,Socio-economic,vulnerability:economicDependency,Economic Dependency,4.366666667,INFORM SADC 2024,INFORM Sub-national SADC 2024,baseline
TZ23,Katavi,TZ2302,Mpanda,Vulnerability,Socio-economic,vulnerability:habitat,Habitat,5.15,INFORM SADC 2024,INFORM Sub-national SADC 2024,baseline
TZ23,Katavi,TZ2302,Mpanda,Vulnerability,Socio-economic,vulnerability:livelihoods,Livelihoods,0,MUCHALI / IPC (MoA),IPC acute food-insecurity rounds,food-insecurity phase
TZ23,Katavi,TZ2302,Mpanda,Vulnerability,Vulnerable groups,vulnerability:displacedPeople,Displaced People,0,INFORM SADC 2024,INFORM Sub-national SADC 2024,baseline
TZ23,Katavi,TZ2302,Mpanda,Vulnerability,Vulnerable groups,vulnerability:healthConditions,Health Conditions,5.433333333,INFORM SADC 2024,INFORM Sub-national SADC 2024,baseline
TZ23,Katavi,TZ2302,Mpanda,Vulnerability,Vulnerable groups,vulnerability:childrenHealthNutrition,Children Health Nutrition,8.225,MoH,TDHS 2022,under-5 stunting
TZ23,Katavi,TZ2302,Mpanda,Lack of Coping Capacity,Infrastructure,coping:accessHealth,Access Health,8,MoH,2022 PHC health facilities,resource availability
TZ23,Katavi,TZ2302,Mpanda,Lack of Coping Capacity,Infrastructure,coping:economicCapacity,Economic Capacity,9.733333333,INFORM SADC 2024,INFORM Sub-national SADC 2024,baseline
TZ23,Katavi,TZ2302,Mpanda,Lack of Coping Capacity,Infrastructure,coping:wash,Wash,5.8,MoW,2022 PHC water points & boreholes,"resource availability, rank 2-8"
TZ23,Katavi,TZ2302,Mpanda,Lack of Coping Capacity,Infrastructure,coping:communication,Communication,10,INFORM SADC 2024,INFORM Sub-national SADC 2024,baseline
TZ23,Katavi,TZ2302,Mpanda,Lack of Coping Capacity,Infrastructure,coping:education,Education,6.15,NBS / MoH,2022 PHC schools,resource availability
TZ23,Katavi,TZ2302,Mpanda,Lack of Coping Capacity,Institutional,coping:drrImplementation,Drr Implementation,6.5,PMO-DMD / DRR Coordinator,EPRP / EOCC / Anticipatory-Action records,DRM investment overlay
TZ23,Katavi,TZ2302,Mpanda,Lack of Coping Capacity,Institutional,coping:governance,Governance,6.2,PMO-DMD,INFORM SADC governance,baseline
TZ23,Katavi,TZ2303,Mlele,Hazard & Exposure,Exposure,hazard:exposure,Population Exposure,0.3,NBS,2022 PHC population,"population density, log min-max"
TZ23,Katavi,TZ2303,Mlele,Hazard & Exposure,Natural hazards,hazard:coastalHazards,Coastal Hazards,0,TMA / PMO-DMD,coastal strip,documented overlay
TZ23,Katavi,TZ2303,Mlele,Hazard & Exposure,Natural hazards,hazard:drought,Drought,2.3,TMA / MoA,CHIRPS v3 1991-2024 + ERA5 t2m,"aridity+variability+SPEI+growing-season, min-max"
TZ23,Katavi,TZ2303,Mlele,Hazard & Exposure,Natural hazards,hazard:earthquake,Earthquake,8.8,INFORM SADC,INFORM seismic,baseline
TZ23,Katavi,TZ2303,Mlele,Hazard & Exposure,Natural hazards,hazard:environmentalDegradation,Environmental Degradation,2.85,INFORM SADC 2024,INFORM Sub-national SADC 2024,baseline
TZ23,Katavi,TZ2303,Mlele,Hazard & Exposure,Natural hazards,hazard:flood,Flood,7.5,PMO-DMD / TMA / MoW,CHIRPS v3 daily + recorded floods,"max(hazard, sqrt(hazard×exposure))"
TZ23,Katavi,TZ2303,Mlele,Hazard & Exposure,Natural hazards,hazard:landslide,Landslide,3.7,TMA / PMO-DMD,documented rainfall-triggered events,documented overlay
TZ23,Katavi,TZ2303,Mlele,Hazard & Exposure,Natural hazards,hazard:stormsCyclone,Storms Cyclone,0,TMA / PMO-DMD,Cyclone Hidaya 2024 + Lindi 1952 + Zanzibar 1872,documented cyclone/storm exposure overlay
TZ23,Katavi,TZ2303,Mlele,Hazard & Exposure,Natural hazards,hazard:volcano,Volcano,0,INFORM SADC 2024,INFORM Sub-national SADC 2024,baseline
TZ23,Katavi,TZ2303,Mlele,Hazard & Exposure,Natural hazards,hazard:wildfire,Wildfire,9.4,INFORM SADC 2024,INFORM Sub-national SADC 2024,baseline
TZ23,Katavi,TZ2303,Mlele,Hazard & Exposure,Human hazards,hazard:conflictIntensity,Conflict Intensity,0,INFORM SADC 2024,INFORM Sub-national SADC 2024,baseline
TZ23,Katavi,TZ2303,Mlele,Hazard & Exposure,Human hazards,hazard:conflictRisk,Conflict Risk,0.7,INFORM SADC 2024,INFORM Sub-national SADC 2024,baseline
TZ23,Katavi,TZ2303,Mlele,Hazard & Exposure,Human hazards,hazard:internalViolence,Internal Violence,4.9,INFORM SADC 2024,INFORM Sub-national SADC 2024,baseline
TZ23,Katavi,TZ2303,Mlele,Vulnerability,Socio-economic,vulnerability:developmentPoverty,Development Poverty,9.3,NBS,Household Budget Survey 2017/18,poverty headcount
TZ23,Katavi,TZ2303,Mlele,Vulnerability,Socio-economic,vulnerability:economicDependency,Economic Dependency,4.366666667,INFORM SADC 2024,INFORM Sub-national SADC 2024,baseline
TZ23,Katavi,TZ2303,Mlele,Vulnerability,Socio-economic,vulnerability:habitat,Habitat,5.15,INFORM SADC 2024,INFORM Sub-national SADC 2024,baseline
TZ23,Katavi,TZ2303,Mlele,Vulnerability,Socio-economic,vulnerability:livelihoods,Livelihoods,0,MUCHALI / IPC (MoA),IPC acute food-insecurity rounds,food-insecurity phase
TZ23,Katavi,TZ2303,Mlele,Vulnerability,Vulnerable groups,vulnerability:displacedPeople,Displaced People,0,INFORM SADC 2024,INFORM Sub-national SADC 2024,baseline
TZ23,Katavi,TZ2303,Mlele,Vulnerability,Vulnerable groups,vulnerability:healthConditions,Health Conditions,5.433333333,INFORM SADC 2024,INFORM Sub-national SADC 2024,baseline
TZ23,Katavi,TZ2303,Mlele,Vulnerability,Vulnerable groups,vulnerability:childrenHealthNutrition,Children Health Nutrition,8.225,MoH,TDHS 2022,under-5 stunting
TZ23,Katavi,TZ2303,Mlele,Lack of Coping Capacity,Infrastructure,coping:accessHealth,Access Health,8,MoH,2022 PHC health facilities,resource availability
TZ23,Katavi,TZ2303,Mlele,Lack of Coping Capacity,Infrastructure,coping:economicCapacity,Economic Capacity,9.733333333,INFORM SADC 2024,INFORM Sub-national SADC 2024,baseline
TZ23,Katavi,TZ2303,Mlele,Lack of Coping Capacity,Infrastructure,coping:wash,Wash,7.2,MoW,2022 PHC water points & boreholes,"resource availability, rank 2-8"
TZ23,Katavi,TZ2303,Mlele,Lack of Coping Capacity,Infrastructure,coping:communication,Communication,10,INFORM SADC 2024,INFORM Sub-national SADC 2024,baseline
TZ23,Katavi,TZ2303,Mlele,Lack of Coping Capacity,Infrastructure,coping:education,Education,6.15,NBS / MoH,2022 PHC schools,resource availability
TZ23,Katavi,TZ2303,Mlele,Lack of Coping Capacity,Institutional,coping:drrImplementation,Drr Implementation,6.5,PMO-DMD / DRR Coordinator,EPRP / EOCC / Anticipatory-Action records,DRM investment overlay
TZ23,Katavi,TZ2303,Mlele,Lack of Coping Capacity,Institutional,coping:governance,Governance,6.2,PMO-DMD,INFORM SADC governance,baseline
TZ24,Simiyu,TZ2401,Bariadi,Hazard & Exposure,Exposure,hazard:exposure,Population Exposure,4.16,NBS,2022 PHC population,"population density, log min-max"
TZ24,Simiyu,TZ2401,Bariadi,Hazard & Exposure,Natural hazards,hazard:coastalHazards,Coastal Hazards,0,TMA / PMO-DMD,coastal strip,documented overlay
TZ24,Simiyu,TZ2401,Bariadi,Hazard & Exposure,Natural hazards,hazard:drought,Drought,7,TMA / MoA,CHIRPS v3 1991-2024 + ERA5 t2m,"aridity+variability+SPEI+growing-season, min-max"
TZ24,Simiyu,TZ2401,Bariadi,Hazard & Exposure,Natural hazards,hazard:earthquake,Earthquake,0,INFORM SADC,INFORM seismic,baseline
TZ24,Simiyu,TZ2401,Bariadi,Hazard & Exposure,Natural hazards,hazard:environmentalDegradation,Environmental Degradation,1.75,INFORM SADC 2024,INFORM Sub-national SADC 2024,baseline
TZ24,Simiyu,TZ2401,Bariadi,Hazard & Exposure,Natural hazards,hazard:flood,Flood,4.9,PMO-DMD / TMA / MoW,CHIRPS v3 daily + recorded floods,"max(hazard, sqrt(hazard×exposure))"
TZ24,Simiyu,TZ2401,Bariadi,Hazard & Exposure,Natural hazards,hazard:landslide,Landslide,0,TMA / PMO-DMD,documented rainfall-triggered events,documented overlay
TZ24,Simiyu,TZ2401,Bariadi,Hazard & Exposure,Natural hazards,hazard:stormsCyclone,Storms Cyclone,0,TMA / PMO-DMD,Cyclone Hidaya 2024 + Lindi 1952 + Zanzibar 1872,documented cyclone/storm exposure overlay
TZ24,Simiyu,TZ2401,Bariadi,Hazard & Exposure,Natural hazards,hazard:volcano,Volcano,0,INFORM SADC 2024,INFORM Sub-national SADC 2024,baseline
TZ24,Simiyu,TZ2401,Bariadi,Hazard & Exposure,Natural hazards,hazard:wildfire,Wildfire,7.55,INFORM SADC 2024,INFORM Sub-national SADC 2024,baseline
TZ24,Simiyu,TZ2401,Bariadi,Hazard & Exposure,Human hazards,hazard:conflictIntensity,Conflict Intensity,0,INFORM SADC 2024,INFORM Sub-national SADC 2024,baseline
TZ24,Simiyu,TZ2401,Bariadi,Hazard & Exposure,Human hazards,hazard:conflictRisk,Conflict Risk,0.7,INFORM SADC 2024,INFORM Sub-national SADC 2024,baseline
TZ24,Simiyu,TZ2401,Bariadi,Hazard & Exposure,Human hazards,hazard:internalViolence,Internal Violence,0,INFORM SADC 2024,INFORM Sub-national SADC 2024,baseline
TZ24,Simiyu,TZ2401,Bariadi,Vulnerability,Socio-economic,vulnerability:developmentPoverty,Development Poverty,8.525,NBS,Household Budget Survey 2017/18,poverty headcount
TZ24,Simiyu,TZ2401,Bariadi,Vulnerability,Socio-economic,vulnerability:economicDependency,Economic Dependency,4.233333333,INFORM SADC 2024,INFORM Sub-national SADC 2024,baseline
TZ24,Simiyu,TZ2401,Bariadi,Vulnerability,Socio-economic,vulnerability:habitat,Habitat,4.55,INFORM SADC 2024,INFORM Sub-national SADC 2024,baseline
TZ24,Simiyu,TZ2401,Bariadi,Vulnerability,Socio-economic,vulnerability:livelihoods,Livelihoods,9.5,MUCHALI / IPC (MoA),IPC acute food-insecurity rounds,food-insecurity phase
TZ24,Simiyu,TZ2401,Bariadi,Vulnerability,Vulnerable groups,vulnerability:displacedPeople,Displaced People,0,INFORM SADC 2024,INFORM Sub-national SADC 2024,baseline
TZ24,Simiyu,TZ2401,Bariadi,Vulnerability,Vulnerable groups,vulnerability:healthConditions,Health Conditions,3.9,INFORM SADC 2024,INFORM Sub-national SADC 2024,baseline
TZ24,Simiyu,TZ2401,Bariadi,Vulnerability,Vulnerable groups,vulnerability:childrenHealthNutrition,Children Health Nutrition,5.675,MoH,TDHS 2022,under-5 stunting
TZ24,Simiyu,TZ2401,Bariadi,Lack of Coping Capacity,Infrastructure,coping:accessHealth,Access Health,8.12,MoH,2022 PHC health facilities,resource availability
TZ24,Simiyu,TZ2401,Bariadi,Lack of Coping Capacity,Infrastructure,coping:economicCapacity,Economic Capacity,8.933333333,INFORM SADC 2024,INFORM Sub-national SADC 2024,baseline
TZ24,Simiyu,TZ2401,Bariadi,Lack of Coping Capacity,Infrastructure,coping:wash,Wash,4.8,MoW,2022 PHC water points & boreholes,"resource availability, rank 2-8"
TZ24,Simiyu,TZ2401,Bariadi,Lack of Coping Capacity,Infrastructure,coping:communication,Communication,7.1,INFORM SADC 2024,INFORM Sub-national SADC 2024,baseline
TZ24,Simiyu,TZ2401,Bariadi,Lack of Coping Capacity,Infrastructure,coping:education,Education,6.3,NBS / MoH,2022 PHC schools,resource availability
TZ24,Simiyu,TZ2401,Bariadi,Lack of Coping Capacity,Institutional,coping:drrImplementation,Drr Implementation,6.5,PMO-DMD / DRR Coordinator,EPRP / EOCC / Anticipatory-Action records,DRM investment overlay
TZ24,Simiyu,TZ2401,Bariadi,Lack of Coping Capacity,Institutional,coping:governance,Governance,4.9,PMO-DMD,INFORM SADC governance,baseline
TZ24,Simiyu,TZ2402,Itilima,Hazard & Exposure,Exposure,hazard:exposure,Population Exposure,3.82,NBS,2022 PHC population,"population density, log min-max"
TZ24,Simiyu,TZ2402,Itilima,Hazard & Exposure,Natural hazards,hazard:coastalHazards,Coastal Hazards,0,TMA / PMO-DMD,coastal strip,documented overlay
TZ24,Simiyu,TZ2402,Itilima,Hazard & Exposure,Natural hazards,hazard:drought,Drought,7,TMA / MoA,CHIRPS v3 1991-2024 + ERA5 t2m,"aridity+variability+SPEI+growing-season, min-max"
TZ24,Simiyu,TZ2402,Itilima,Hazard & Exposure,Natural hazards,hazard:earthquake,Earthquake,3.9,INFORM SADC,INFORM seismic,baseline
TZ24,Simiyu,TZ2402,Itilima,Hazard & Exposure,Natural hazards,hazard:environmentalDegradation,Environmental Degradation,1.1,INFORM SADC 2024,INFORM Sub-national SADC 2024,baseline
TZ24,Simiyu,TZ2402,Itilima,Hazard & Exposure,Natural hazards,hazard:flood,Flood,2.7,PMO-DMD / TMA / MoW,CHIRPS v3 daily + recorded floods,"max(hazard, sqrt(hazard×exposure))"
TZ24,Simiyu,TZ2402,Itilima,Hazard & Exposure,Natural hazards,hazard:landslide,Landslide,0.3,TMA / PMO-DMD,documented rainfall-triggered events,documented overlay
TZ24,Simiyu,TZ2402,Itilima,Hazard & Exposure,Natural hazards,hazard:stormsCyclone,Storms Cyclone,0,TMA / PMO-DMD,Cyclone Hidaya 2024 + Lindi 1952 + Zanzibar 1872,documented cyclone/storm exposure overlay
TZ24,Simiyu,TZ2402,Itilima,Hazard & Exposure,Natural hazards,hazard:volcano,Volcano,0,INFORM SADC 2024,INFORM Sub-national SADC 2024,baseline
TZ24,Simiyu,TZ2402,Itilima,Hazard & Exposure,Natural hazards,hazard:wildfire,Wildfire,7.55,INFORM SADC 2024,INFORM Sub-national SADC 2024,baseline
TZ24,Simiyu,TZ2402,Itilima,Hazard & Exposure,Human hazards,hazard:conflictIntensity,Conflict Intensity,0,INFORM SADC 2024,INFORM Sub-national SADC 2024,baseline
TZ24,Simiyu,TZ2402,Itilima,Hazard & Exposure,Human hazards,hazard:conflictRisk,Conflict Risk,0.7,INFORM SADC 2024,INFORM Sub-national SADC 2024,baseline
TZ24,Simiyu,TZ2402,Itilima,Hazard & Exposure,Human hazards,hazard:internalViolence,Internal Violence,0,INFORM SADC 2024,INFORM Sub-national SADC 2024,baseline
TZ24,Simiyu,TZ2402,Itilima,Vulnerability,Socio-economic,vulnerability:developmentPoverty,Development Poverty,8.525,NBS,Household Budget Survey 2017/18,poverty headcount
TZ24,Simiyu,TZ2402,Itilima,Vulnerability,Socio-economic,vulnerability:economicDependency,Economic Dependency,4.233333333,INFORM SADC 2024,INFORM Sub-national SADC 2024,baseline
TZ24,Simiyu,TZ2402,Itilima,Vulnerability,Socio-economic,vulnerability:habitat,Habitat,4.55,INFORM SADC 2024,INFORM Sub-national SADC 2024,baseline
TZ24,Simiyu,TZ2402,Itilima,Vulnerability,Socio-economic,vulnerability:livelihoods,Livelihoods,9.5,MUCHALI / IPC (MoA),IPC acute food-insecurity rounds,food-insecurity phase
TZ24,Simiyu,TZ2402,Itilima,Vulnerability,Vulnerable groups,vulnerability:displacedPeople,Displaced People,0,INFORM SADC 2024,INFORM Sub-national SADC 2024,baseline
TZ24,Simiyu,TZ2402,Itilima,Vulnerability,Vulnerable groups,vulnerability:healthConditions,Health Conditions,3.9,INFORM SADC 2024,INFORM Sub-national SADC 2024,baseline
TZ24,Simiyu,TZ2402,Itilima,Vulnerability,Vulnerable groups,vulnerability:childrenHealthNutrition,Children Health Nutrition,5.675,MoH,TDHS 2022,under-5 stunting
TZ24,Simiyu,TZ2402,Itilima,Lack of Coping Capacity,Infrastructure,coping:accessHealth,Access Health,8.12,MoH,2022 PHC health facilities,resource availability
TZ24,Simiyu,TZ2402,Itilima,Lack of Coping Capacity,Infrastructure,coping:economicCapacity,Economic Capacity,8.933333333,INFORM SADC 2024,INFORM Sub-national SADC 2024,baseline
TZ24,Simiyu,TZ2402,Itilima,Lack of Coping Capacity,Infrastructure,coping:wash,Wash,5,MoW,2022 PHC water points & boreholes,"resource availability, rank 2-8"
TZ24,Simiyu,TZ2402,Itilima,Lack of Coping Capacity,Infrastructure,coping:communication,Communication,7.1,INFORM SADC 2024,INFORM Sub-national SADC 2024,baseline
TZ24,Simiyu,TZ2402,Itilima,Lack of Coping Capacity,Infrastructure,coping:education,Education,6.3,NBS / MoH,2022 PHC schools,resource availability
TZ24,Simiyu,TZ2402,Itilima,Lack of Coping Capacity,Institutional,coping:drrImplementation,Drr Implementation,6.5,PMO-DMD / DRR Coordinator,EPRP / EOCC / Anticipatory-Action records,DRM investment overlay
TZ24,Simiyu,TZ2402,Itilima,Lack of Coping Capacity,Institutional,coping:governance,Governance,4.9,PMO-DMD,INFORM SADC governance,baseline
TZ24,Simiyu,TZ2403,Meatu,Hazard & Exposure,Exposure,hazard:exposure,Population Exposure,2.87,NBS,2022 PHC population,"population density, log min-max"
TZ24,Simiyu,TZ2403,Meatu,Hazard & Exposure,Natural hazards,hazard:coastalHazards,Coastal Hazards,0,TMA / PMO-DMD,coastal strip,documented overlay
TZ24,Simiyu,TZ2403,Meatu,Hazard & Exposure,Natural hazards,hazard:drought,Drought,7,TMA / MoA,CHIRPS v3 1991-2024 + ERA5 t2m,"aridity+variability+SPEI+growing-season, min-max"
TZ24,Simiyu,TZ2403,Meatu,Hazard & Exposure,Natural hazards,hazard:earthquake,Earthquake,10,INFORM SADC,INFORM seismic,baseline
TZ24,Simiyu,TZ2403,Meatu,Hazard & Exposure,Natural hazards,hazard:environmentalDegradation,Environmental Degradation,1.45,INFORM SADC 2024,INFORM Sub-national SADC 2024,baseline
TZ24,Simiyu,TZ2403,Meatu,Hazard & Exposure,Natural hazards,hazard:flood,Flood,7.5,PMO-DMD / TMA / MoW,CHIRPS v3 daily + recorded floods,"max(hazard, sqrt(hazard×exposure))"
TZ24,Simiyu,TZ2403,Meatu,Hazard & Exposure,Natural hazards,hazard:landslide,Landslide,0,TMA / PMO-DMD,documented rainfall-triggered events,documented overlay
TZ24,Simiyu,TZ2403,Meatu,Hazard & Exposure,Natural hazards,hazard:stormsCyclone,Storms Cyclone,0,TMA / PMO-DMD,Cyclone Hidaya 2024 + Lindi 1952 + Zanzibar 1872,documented cyclone/storm exposure overlay
TZ24,Simiyu,TZ2403,Meatu,Hazard & Exposure,Natural hazards,hazard:volcano,Volcano,0,INFORM SADC 2024,INFORM Sub-national SADC 2024,baseline
TZ24,Simiyu,TZ2403,Meatu,Hazard & Exposure,Natural hazards,hazard:wildfire,Wildfire,7.55,INFORM SADC 2024,INFORM Sub-national SADC 2024,baseline
TZ24,Simiyu,TZ2403,Meatu,Hazard & Exposure,Human hazards,hazard:conflictIntensity,Conflict Intensity,0,INFORM SADC 2024,INFORM Sub-national SADC 2024,baseline
TZ24,Simiyu,TZ2403,Meatu,Hazard & Exposure,Human hazards,hazard:conflictRisk,Conflict Risk,0.7,INFORM SADC 2024,INFORM Sub-national SADC 2024,baseline
TZ24,Simiyu,TZ2403,Meatu,Hazard & Exposure,Human hazards,hazard:internalViolence,Internal Violence,0,INFORM SADC 2024,INFORM Sub-national SADC 2024,baseline
TZ24,Simiyu,TZ2403,Meatu,Vulnerability,Socio-economic,vulnerability:developmentPoverty,Development Poverty,8.525,NBS,Household Budget Survey 2017/18,poverty headcount
TZ24,Simiyu,TZ2403,Meatu,Vulnerability,Socio-economic,vulnerability:economicDependency,Economic Dependency,4.233333333,INFORM SADC 2024,INFORM Sub-national SADC 2024,baseline
TZ24,Simiyu,TZ2403,Meatu,Vulnerability,Socio-economic,vulnerability:habitat,Habitat,4.55,INFORM SADC 2024,INFORM Sub-national SADC 2024,baseline
TZ24,Simiyu,TZ2403,Meatu,Vulnerability,Socio-economic,vulnerability:livelihoods,Livelihoods,9.5,MUCHALI / IPC (MoA),IPC acute food-insecurity rounds,food-insecurity phase
TZ24,Simiyu,TZ2403,Meatu,Vulnerability,Vulnerable groups,vulnerability:displacedPeople,Displaced People,0,INFORM SADC 2024,INFORM Sub-national SADC 2024,baseline
TZ24,Simiyu,TZ2403,Meatu,Vulnerability,Vulnerable groups,vulnerability:healthConditions,Health Conditions,3.9,INFORM SADC 2024,INFORM Sub-national SADC 2024,baseline
TZ24,Simiyu,TZ2403,Meatu,Vulnerability,Vulnerable groups,vulnerability:childrenHealthNutrition,Children Health Nutrition,5.675,MoH,TDHS 2022,under-5 stunting
TZ24,Simiyu,TZ2403,Meatu,Lack of Coping Capacity,Infrastructure,coping:accessHealth,Access Health,8.12,MoH,2022 PHC health facilities,resource availability
TZ24,Simiyu,TZ2403,Meatu,Lack of Coping Capacity,Infrastructure,coping:economicCapacity,Economic Capacity,8.933333333,INFORM SADC 2024,INFORM Sub-national SADC 2024,baseline
TZ24,Simiyu,TZ2403,Meatu,Lack of Coping Capacity,Infrastructure,coping:wash,Wash,5.4,MoW,2022 PHC water points & boreholes,"resource availability, rank 2-8"
TZ24,Simiyu,TZ2403,Meatu,Lack of Coping Capacity,Infrastructure,coping:communication,Communication,7.1,INFORM SADC 2024,INFORM Sub-national SADC 2024,baseline
TZ24,Simiyu,TZ2403,Meatu,Lack of Coping Capacity,Infrastructure,coping:education,Education,6.3,NBS / MoH,2022 PHC schools,resource availability
TZ24,Simiyu,TZ2403,Meatu,Lack of Coping Capacity,Institutional,coping:drrImplementation,Drr Implementation,3.8,PMO-DMD / DRR Coordinator,EPRP / EOCC / Anticipatory-Action records,DRM investment overlay
TZ24,Simiyu,TZ2403,Meatu,Lack of Coping Capacity,Institutional,coping:governance,Governance,4.5,PMO-DMD,INFORM SADC governance,baseline
TZ24,Simiyu,TZ2404,Maswa,Hazard & Exposure,Exposure,hazard:exposure,Population Exposure,4.14,NBS,2022 PHC population,"population density, log min-max"
TZ24,Simiyu,TZ2404,Maswa,Hazard & Exposure,Natural hazards,hazard:coastalHazards,Coastal Hazards,0,TMA / PMO-DMD,coastal strip,documented overlay
TZ24,Simiyu,TZ2404,Maswa,Hazard & Exposure,Natural hazards,hazard:drought,Drought,7,TMA / MoA,CHIRPS v3 1991-2024 + ERA5 t2m,"aridity+variability+SPEI+growing-season, min-max"
TZ24,Simiyu,TZ2404,Maswa,Hazard & Exposure,Natural hazards,hazard:earthquake,Earthquake,8.8,INFORM SADC,INFORM seismic,baseline
TZ24,Simiyu,TZ2404,Maswa,Hazard & Exposure,Natural hazards,hazard:environmentalDegradation,Environmental Degradation,1.35,INFORM SADC 2024,INFORM Sub-national SADC 2024,baseline
TZ24,Simiyu,TZ2404,Maswa,Hazard & Exposure,Natural hazards,hazard:flood,Flood,3.8,PMO-DMD / TMA / MoW,CHIRPS v3 daily + recorded floods,"max(hazard, sqrt(hazard×exposure))"
TZ24,Simiyu,TZ2404,Maswa,Hazard & Exposure,Natural hazards,hazard:landslide,Landslide,0,TMA / PMO-DMD,documented rainfall-triggered events,documented overlay
TZ24,Simiyu,TZ2404,Maswa,Hazard & Exposure,Natural hazards,hazard:stormsCyclone,Storms Cyclone,0,TMA / PMO-DMD,Cyclone Hidaya 2024 + Lindi 1952 + Zanzibar 1872,documented cyclone/storm exposure overlay
TZ24,Simiyu,TZ2404,Maswa,Hazard & Exposure,Natural hazards,hazard:volcano,Volcano,0,INFORM SADC 2024,INFORM Sub-national SADC 2024,baseline
TZ24,Simiyu,TZ2404,Maswa,Hazard & Exposure,Natural hazards,hazard:wildfire,Wildfire,7.55,INFORM SADC 2024,INFORM Sub-national SADC 2024,baseline
TZ24,Simiyu,TZ2404,Maswa,Hazard & Exposure,Human hazards,hazard:conflictIntensity,Conflict Intensity,0,INFORM SADC 2024,INFORM Sub-national SADC 2024,baseline
TZ24,Simiyu,TZ2404,Maswa,Hazard & Exposure,Human hazards,hazard:conflictRisk,Conflict Risk,0.7,INFORM SADC 2024,INFORM Sub-national SADC 2024,baseline
TZ24,Simiyu,TZ2404,Maswa,Hazard & Exposure,Human hazards,hazard:internalViolence,Internal Violence,0,INFORM SADC 2024,INFORM Sub-national SADC 2024,baseline
TZ24,Simiyu,TZ2404,Maswa,Vulnerability,Socio-economic,vulnerability:developmentPoverty,Development Poverty,8.525,NBS,Household Budget Survey 2017/18,poverty headcount
TZ24,Simiyu,TZ2404,Maswa,Vulnerability,Socio-economic,vulnerability:economicDependency,Economic Dependency,4.233333333,INFORM SADC 2024,INFORM Sub-national SADC 2024,baseline
TZ24,Simiyu,TZ2404,Maswa,Vulnerability,Socio-economic,vulnerability:habitat,Habitat,4.55,INFORM SADC 2024,INFORM Sub-national SADC 2024,baseline
TZ24,Simiyu,TZ2404,Maswa,Vulnerability,Socio-economic,vulnerability:livelihoods,Livelihoods,9.5,MUCHALI / IPC (MoA),IPC acute food-insecurity rounds,food-insecurity phase
TZ24,Simiyu,TZ2404,Maswa,Vulnerability,Vulnerable groups,vulnerability:displacedPeople,Displaced People,0,INFORM SADC 2024,INFORM Sub-national SADC 2024,baseline
TZ24,Simiyu,TZ2404,Maswa,Vulnerability,Vulnerable groups,vulnerability:healthConditions,Health Conditions,3.9,INFORM SADC 2024,INFORM Sub-national SADC 2024,baseline
TZ24,Simiyu,TZ2404,Maswa,Vulnerability,Vulnerable groups,vulnerability:childrenHealthNutrition,Children Health Nutrition,5.675,MoH,TDHS 2022,under-5 stunting
TZ24,Simiyu,TZ2404,Maswa,Lack of Coping Capacity,Infrastructure,coping:accessHealth,Access Health,8.12,MoH,2022 PHC health facilities,resource availability
TZ24,Simiyu,TZ2404,Maswa,Lack of Coping Capacity,Infrastructure,coping:economicCapacity,Economic Capacity,8.933333333,INFORM SADC 2024,INFORM Sub-national SADC 2024,baseline
TZ24,Simiyu,TZ2404,Maswa,Lack of Coping Capacity,Infrastructure,coping:wash,Wash,4.8,MoW,2022 PHC water points & boreholes,"resource availability, rank 2-8"
TZ24,Simiyu,TZ2404,Maswa,Lack of Coping Capacity,Infrastructure,coping:communication,Communication,7.1,INFORM SADC 2024,INFORM Sub-national SADC 2024,baseline
TZ24,Simiyu,TZ2404,Maswa,Lack of Coping Capacity,Infrastructure,coping:education,Education,6.3,NBS / MoH,2022 PHC schools,resource availability
TZ24,Simiyu,TZ2404,Maswa,Lack of Coping Capacity,Institutional,coping:drrImplementation,Drr Implementation,6.5,PMO-DMD / DRR Coordinator,EPRP / EOCC / Anticipatory-Action records,DRM investment overlay
TZ24,Simiyu,TZ2404,Maswa,Lack of Coping Capacity,Institutional,coping:governance,Governance,4.9,PMO-DMD,INFORM SADC governance,baseline
TZ24,Simiyu,TZ2405,Busega,Hazard & Exposure,Exposure,hazard:exposure,Population Exposure,4.79,NBS,2022 PHC population,"population density, log min-max"
TZ24,Simiyu,TZ2405,Busega,Hazard & Exposure,Natural hazards,hazard:coastalHazards,Coastal Hazards,0,TMA / PMO-DMD,coastal strip,documented overlay
TZ24,Simiyu,TZ2405,Busega,Hazard & Exposure,Natural hazards,hazard:drought,Drought,7,TMA / MoA,CHIRPS v3 1991-2024 + ERA5 t2m,"aridity+variability+SPEI+growing-season, min-max"
TZ24,Simiyu,TZ2405,Busega,Hazard & Exposure,Natural hazards,hazard:earthquake,Earthquake,0,INFORM SADC,INFORM seismic,baseline
TZ24,Simiyu,TZ2405,Busega,Hazard & Exposure,Natural hazards,hazard:environmentalDegradation,Environmental Degradation,3.05,INFORM SADC 2024,INFORM Sub-national SADC 2024,baseline
TZ24,Simiyu,TZ2405,Busega,Hazard & Exposure,Natural hazards,hazard:flood,Flood,7.1,PMO-DMD / TMA / MoW,CHIRPS v3 daily + recorded floods,"max(hazard, sqrt(hazard×exposure))"
TZ24,Simiyu,TZ2405,Busega,Hazard & Exposure,Natural hazards,hazard:landslide,Landslide,0.2,TMA / PMO-DMD,documented rainfall-triggered events,documented overlay
TZ24,Simiyu,TZ2405,Busega,Hazard & Exposure,Natural hazards,hazard:stormsCyclone,Storms Cyclone,0,TMA / PMO-DMD,Cyclone Hidaya 2024 + Lindi 1952 + Zanzibar 1872,documented cyclone/storm exposure overlay
TZ24,Simiyu,TZ2405,Busega,Hazard & Exposure,Natural hazards,hazard:volcano,Volcano,0,INFORM SADC 2024,INFORM Sub-national SADC 2024,baseline
TZ24,Simiyu,TZ2405,Busega,Hazard & Exposure,Natural hazards,hazard:wildfire,Wildfire,7.55,INFORM SADC 2024,INFORM Sub-national SADC 2024,baseline
TZ24,Simiyu,TZ2405,Busega,Hazard & Exposure,Human hazards,hazard:conflictIntensity,Conflict Intensity,0,INFORM SADC 2024,INFORM Sub-national SADC 2024,baseline
TZ24,Simiyu,TZ2405,Busega,Hazard & Exposure,Human hazards,hazard:conflictRisk,Conflict Risk,0.7,INFORM SADC 2024,INFORM Sub-national SADC 2024,baseline
TZ24,Simiyu,TZ2405,Busega,Hazard & Exposure,Human hazards,hazard:internalViolence,Internal Violence,0,INFORM SADC 2024,INFORM Sub-national SADC 2024,baseline
TZ24,Simiyu,TZ2405,Busega,Vulnerability,Socio-economic,vulnerability:developmentPoverty,Development Poverty,8.525,NBS,Household Budget Survey 2017/18,poverty headcount
TZ24,Simiyu,TZ2405,Busega,Vulnerability,Socio-economic,vulnerability:economicDependency,Economic Dependency,4.233333333,INFORM SADC 2024,INFORM Sub-national SADC 2024,baseline
TZ24,Simiyu,TZ2405,Busega,Vulnerability,Socio-economic,vulnerability:habitat,Habitat,4.55,INFORM SADC 2024,INFORM Sub-national SADC 2024,baseline
TZ24,Simiyu,TZ2405,Busega,Vulnerability,Socio-economic,vulnerability:livelihoods,Livelihoods,9.5,MUCHALI / IPC (MoA),IPC acute food-insecurity rounds,food-insecurity phase
TZ24,Simiyu,TZ2405,Busega,Vulnerability,Vulnerable groups,vulnerability:displacedPeople,Displaced People,0,INFORM SADC 2024,INFORM Sub-national SADC 2024,baseline
TZ24,Simiyu,TZ2405,Busega,Vulnerability,Vulnerable groups,vulnerability:healthConditions,Health Conditions,3.9,INFORM SADC 2024,INFORM Sub-national SADC 2024,baseline
TZ24,Simiyu,TZ2405,Busega,Vulnerability,Vulnerable groups,vulnerability:childrenHealthNutrition,Children Health Nutrition,5.675,MoH,TDHS 2022,under-5 stunting
TZ24,Simiyu,TZ2405,Busega,Lack of Coping Capacity,Infrastructure,coping:accessHealth,Access Health,8.12,MoH,2022 PHC health facilities,resource availability
TZ24,Simiyu,TZ2405,Busega,Lack of Coping Capacity,Infrastructure,coping:economicCapacity,Economic Capacity,8.933333333,INFORM SADC 2024,INFORM Sub-national SADC 2024,baseline
TZ24,Simiyu,TZ2405,Busega,Lack of Coping Capacity,Infrastructure,coping:wash,Wash,6.3,MoW,2022 PHC water points & boreholes,"resource availability, rank 2-8"
TZ24,Simiyu,TZ2405,Busega,Lack of Coping Capacity,Infrastructure,coping:communication,Communication,7.1,INFORM SADC 2024,INFORM Sub-national SADC 2024,baseline
TZ24,Simiyu,TZ2405,Busega,Lack of Coping Capacity,Infrastructure,coping:education,Education,6.3,NBS / MoH,2022 PHC schools,resource availability
TZ24,Simiyu,TZ2405,Busega,Lack of Coping Capacity,Institutional,coping:drrImplementation,Drr Implementation,6.5,PMO-DMD / DRR Coordinator,EPRP / EOCC / Anticipatory-Action records,DRM investment overlay
TZ24,Simiyu,TZ2405,Busega,Lack of Coping Capacity,Institutional,coping:governance,Governance,4.9,PMO-DMD,INFORM SADC governance,baseline
TZ25,Geita,TZ2501,Geita,Hazard & Exposure,Exposure,hazard:exposure,Population Exposure,5.24,NBS,2022 PHC population,"population density, log min-max"
TZ25,Geita,TZ2501,Geita,Hazard & Exposure,Natural hazards,hazard:coastalHazards,Coastal Hazards,0,TMA / PMO-DMD,coastal strip,documented overlay
TZ25,Geita,TZ2501,Geita,Hazard & Exposure,Natural hazards,hazard:drought,Drought,4.4,TMA / MoA,CHIRPS v3 1991-2024 + ERA5 t2m,"aridity+variability+SPEI+growing-season, min-max"
TZ25,Geita,TZ2501,Geita,Hazard & Exposure,Natural hazards,hazard:earthquake,Earthquake,0,INFORM SADC,INFORM seismic,baseline
TZ25,Geita,TZ2501,Geita,Hazard & Exposure,Natural hazards,hazard:environmentalDegradation,Environmental Degradation,4.05,INFORM SADC 2024,INFORM Sub-national SADC 2024,baseline
TZ25,Geita,TZ2501,Geita,Hazard & Exposure,Natural hazards,hazard:flood,Flood,6.1,PMO-DMD / TMA / MoW,CHIRPS v3 daily + recorded floods,"max(hazard, sqrt(hazard×exposure))"
TZ25,Geita,TZ2501,Geita,Hazard & Exposure,Natural hazards,hazard:landslide,Landslide,2.8,TMA / PMO-DMD,documented rainfall-triggered events,documented overlay
TZ25,Geita,TZ2501,Geita,Hazard & Exposure,Natural hazards,hazard:stormsCyclone,Storms Cyclone,0,TMA / PMO-DMD,Cyclone Hidaya 2024 + Lindi 1952 + Zanzibar 1872,documented cyclone/storm exposure overlay
TZ25,Geita,TZ2501,Geita,Hazard & Exposure,Natural hazards,hazard:volcano,Volcano,0,INFORM SADC 2024,INFORM Sub-national SADC 2024,baseline
TZ25,Geita,TZ2501,Geita,Hazard & Exposure,Natural hazards,hazard:wildfire,Wildfire,5.1,INFORM SADC 2024,INFORM Sub-national SADC 2024,baseline
TZ25,Geita,TZ2501,Geita,Hazard & Exposure,Human hazards,hazard:conflictIntensity,Conflict Intensity,0,INFORM SADC 2024,INFORM Sub-national SADC 2024,baseline
TZ25,Geita,TZ2501,Geita,Hazard & Exposure,Human hazards,hazard:conflictRisk,Conflict Risk,0.7,INFORM SADC 2024,INFORM Sub-national SADC 2024,baseline
TZ25,Geita,TZ2501,Geita,Hazard & Exposure,Human hazards,hazard:internalViolence,Internal Violence,7.75,INFORM SADC 2024,INFORM Sub-national SADC 2024,baseline
TZ25,Geita,TZ2501,Geita,Vulnerability,Socio-economic,vulnerability:developmentPoverty,Development Poverty,8.7,NBS,Household Budget Survey 2017/18,poverty headcount
TZ25,Geita,TZ2501,Geita,Vulnerability,Socio-economic,vulnerability:economicDependency,Economic Dependency,3.966666667,INFORM SADC 2024,INFORM Sub-national SADC 2024,baseline
TZ25,Geita,TZ2501,Geita,Vulnerability,Socio-economic,vulnerability:habitat,Habitat,5.75,INFORM SADC 2024,INFORM Sub-national SADC 2024,baseline
TZ25,Geita,TZ2501,Geita,Vulnerability,Socio-economic,vulnerability:livelihoods,Livelihoods,0,MUCHALI / IPC (MoA),IPC acute food-insecurity rounds,food-insecurity phase
TZ25,Geita,TZ2501,Geita,Vulnerability,Vulnerable groups,vulnerability:displacedPeople,Displaced People,0,INFORM SADC 2024,INFORM Sub-national SADC 2024,baseline
TZ25,Geita,TZ2501,Geita,Vulnerability,Vulnerable groups,vulnerability:healthConditions,Health Conditions,4.9,INFORM SADC 2024,INFORM Sub-national SADC 2024,baseline
TZ25,Geita,TZ2501,Geita,Vulnerability,Vulnerable groups,vulnerability:childrenHealthNutrition,Children Health Nutrition,7.5,MoH,TDHS 2022,under-5 stunting
TZ25,Geita,TZ2501,Geita,Lack of Coping Capacity,Infrastructure,coping:accessHealth,Access Health,8.16,MoH,2022 PHC health facilities,resource availability
TZ25,Geita,TZ2501,Geita,Lack of Coping Capacity,Infrastructure,coping:economicCapacity,Economic Capacity,8.9,INFORM SADC 2024,INFORM Sub-national SADC 2024,baseline
TZ25,Geita,TZ2501,Geita,Lack of Coping Capacity,Infrastructure,coping:wash,Wash,2.5,MoW,2022 PHC water points & boreholes,"resource availability, rank 2-8"
TZ25,Geita,TZ2501,Geita,Lack of Coping Capacity,Infrastructure,coping:communication,Communication,7.25,INFORM SADC 2024,INFORM Sub-national SADC 2024,baseline
TZ25,Geita,TZ2501,Geita,Lack of Coping Capacity,Infrastructure,coping:education,Education,5.9,NBS / MoH,2022 PHC schools,resource availability
TZ25,Geita,TZ2501,Geita,Lack of Coping Capacity,Institutional,coping:drrImplementation,Drr Implementation,6.5,PMO-DMD / DRR Coordinator,EPRP / EOCC / Anticipatory-Action records,DRM investment overlay
TZ25,Geita,TZ2501,Geita,Lack of Coping Capacity,Institutional,coping:governance,Governance,4.05,PMO-DMD,INFORM SADC governance,baseline
TZ25,Geita,TZ2502,Nyang'hwale,Hazard & Exposure,Exposure,hazard:exposure,Population Exposure,4.38,NBS,2022 PHC population,"population density, log min-max"
TZ25,Geita,TZ2502,Nyang'hwale,Hazard & Exposure,Natural hazards,hazard:coastalHazards,Coastal Hazards,0,TMA / PMO-DMD,coastal strip,documented overlay
TZ25,Geita,TZ2502,Nyang'hwale,Hazard & Exposure,Natural hazards,hazard:drought,Drought,4.5,TMA / MoA,CHIRPS v3 1991-2024 + ERA5 t2m,"aridity+variability+SPEI+growing-season, min-max"
TZ25,Geita,TZ2502,Nyang'hwale,Hazard & Exposure,Natural hazards,hazard:earthquake,Earthquake,0,INFORM SADC,INFORM seismic,baseline
TZ25,Geita,TZ2502,Nyang'hwale,Hazard & Exposure,Natural hazards,hazard:environmentalDegradation,Environmental Degradation,3.15,INFORM SADC 2024,INFORM Sub-national SADC 2024,baseline
TZ25,Geita,TZ2502,Nyang'hwale,Hazard & Exposure,Natural hazards,hazard:flood,Flood,4.9,PMO-DMD / TMA / MoW,CHIRPS v3 daily + recorded floods,"max(hazard, sqrt(hazard×exposure))"
TZ25,Geita,TZ2502,Nyang'hwale,Hazard & Exposure,Natural hazards,hazard:landslide,Landslide,0,TMA / PMO-DMD,documented rainfall-triggered events,documented overlay
TZ25,Geita,TZ2502,Nyang'hwale,Hazard & Exposure,Natural hazards,hazard:stormsCyclone,Storms Cyclone,0,TMA / PMO-DMD,Cyclone Hidaya 2024 + Lindi 1952 + Zanzibar 1872,documented cyclone/storm exposure overlay
TZ25,Geita,TZ2502,Nyang'hwale,Hazard & Exposure,Natural hazards,hazard:volcano,Volcano,0,INFORM SADC 2024,INFORM Sub-national SADC 2024,baseline
TZ25,Geita,TZ2502,Nyang'hwale,Hazard & Exposure,Natural hazards,hazard:wildfire,Wildfire,5.1,INFORM SADC 2024,INFORM Sub-national SADC 2024,baseline
TZ25,Geita,TZ2502,Nyang'hwale,Hazard & Exposure,Human hazards,hazard:conflictIntensity,Conflict Intensity,0,INFORM SADC 2024,INFORM Sub-national SADC 2024,baseline
TZ25,Geita,TZ2502,Nyang'hwale,Hazard & Exposure,Human hazards,hazard:conflictRisk,Conflict Risk,0.7,INFORM SADC 2024,INFORM Sub-national SADC 2024,baseline
TZ25,Geita,TZ2502,Nyang'hwale,Hazard & Exposure,Human hazards,hazard:internalViolence,Internal Violence,7.75,INFORM SADC 2024,INFORM Sub-national SADC 2024,baseline
TZ25,Geita,TZ2502,Nyang'hwale,Vulnerability,Socio-economic,vulnerability:developmentPoverty,Development Poverty,8.7,NBS,Household Budget Survey 2017/18,poverty headcount
TZ25,Geita,TZ2502,Nyang'hwale,Vulnerability,Socio-economic,vulnerability:economicDependency,Economic Dependency,3.966666667,INFORM SADC 2024,INFORM Sub-national SADC 2024,baseline
TZ25,Geita,TZ2502,Nyang'hwale,Vulnerability,Socio-economic,vulnerability:habitat,Habitat,5.75,INFORM SADC 2024,INFORM Sub-national SADC 2024,baseline
TZ25,Geita,TZ2502,Nyang'hwale,Vulnerability,Socio-economic,vulnerability:livelihoods,Livelihoods,0,MUCHALI / IPC (MoA),IPC acute food-insecurity rounds,food-insecurity phase
TZ25,Geita,TZ2502,Nyang'hwale,Vulnerability,Vulnerable groups,vulnerability:displacedPeople,Displaced People,0,INFORM SADC 2024,INFORM Sub-national SADC 2024,baseline
TZ25,Geita,TZ2502,Nyang'hwale,Vulnerability,Vulnerable groups,vulnerability:healthConditions,Health Conditions,4.9,INFORM SADC 2024,INFORM Sub-national SADC 2024,baseline
TZ25,Geita,TZ2502,Nyang'hwale,Vulnerability,Vulnerable groups,vulnerability:childrenHealthNutrition,Children Health Nutrition,7.5,MoH,TDHS 2022,under-5 stunting
TZ25,Geita,TZ2502,Nyang'hwale,Lack of Coping Capacity,Infrastructure,coping:accessHealth,Access Health,8.16,MoH,2022 PHC health facilities,resource availability
TZ25,Geita,TZ2502,Nyang'hwale,Lack of Coping Capacity,Infrastructure,coping:economicCapacity,Economic Capacity,8.9,INFORM SADC 2024,INFORM Sub-national SADC 2024,baseline
TZ25,Geita,TZ2502,Nyang'hwale,Lack of Coping Capacity,Infrastructure,coping:wash,Wash,6.4,MoW,2022 PHC water points & boreholes,"resource availability, rank 2-8"
TZ25,Geita,TZ2502,Nyang'hwale,Lack of Coping Capacity,Infrastructure,coping:communication,Communication,7.25,INFORM SADC 2024,INFORM Sub-national SADC 2024,baseline
TZ25,Geita,TZ2502,Nyang'hwale,Lack of Coping Capacity,Infrastructure,coping:education,Education,5.9,NBS / MoH,2022 PHC schools,resource availability
TZ25,Geita,TZ2502,Nyang'hwale,Lack of Coping Capacity,Institutional,coping:drrImplementation,Drr Implementation,6.5,PMO-DMD / DRR Coordinator,EPRP / EOCC / Anticipatory-Action records,DRM investment overlay
TZ25,Geita,TZ2502,Nyang'hwale,Lack of Coping Capacity,Institutional,coping:governance,Governance,4.05,PMO-DMD,INFORM SADC governance,baseline
TZ25,Geita,TZ2503,Mbogwe,Hazard & Exposure,Exposure,hazard:exposure,Population Exposure,4.61,NBS,2022 PHC population,"population density, log min-max"
TZ25,Geita,TZ2503,Mbogwe,Hazard & Exposure,Natural hazards,hazard:coastalHazards,Coastal Hazards,0,TMA / PMO-DMD,coastal strip,documented overlay
TZ25,Geita,TZ2503,Mbogwe,Hazard & Exposure,Natural hazards,hazard:drought,Drought,5.2,TMA / MoA,CHIRPS v3 1991-2024 + ERA5 t2m,"aridity+variability+SPEI+growing-season, min-max"
TZ25,Geita,TZ2503,Mbogwe,Hazard & Exposure,Natural hazards,hazard:earthquake,Earthquake,0,INFORM SADC,INFORM seismic,baseline
TZ25,Geita,TZ2503,Mbogwe,Hazard & Exposure,Natural hazards,hazard:environmentalDegradation,Environmental Degradation,4.45,INFORM SADC 2024,INFORM Sub-national SADC 2024,baseline
TZ25,Geita,TZ2503,Mbogwe,Hazard & Exposure,Natural hazards,hazard:flood,Flood,3.6,PMO-DMD / TMA / MoW,CHIRPS v3 daily + recorded floods,"max(hazard, sqrt(hazard×exposure))"
TZ25,Geita,TZ2503,Mbogwe,Hazard & Exposure,Natural hazards,hazard:landslide,Landslide,0,TMA / PMO-DMD,documented rainfall-triggered events,documented overlay
TZ25,Geita,TZ2503,Mbogwe,Hazard & Exposure,Natural hazards,hazard:stormsCyclone,Storms Cyclone,0,TMA / PMO-DMD,Cyclone Hidaya 2024 + Lindi 1952 + Zanzibar 1872,documented cyclone/storm exposure overlay
TZ25,Geita,TZ2503,Mbogwe,Hazard & Exposure,Natural hazards,hazard:volcano,Volcano,0,INFORM SADC 2024,INFORM Sub-national SADC 2024,baseline
TZ25,Geita,TZ2503,Mbogwe,Hazard & Exposure,Natural hazards,hazard:wildfire,Wildfire,5.1,INFORM SADC 2024,INFORM Sub-national SADC 2024,baseline
TZ25,Geita,TZ2503,Mbogwe,Hazard & Exposure,Human hazards,hazard:conflictIntensity,Conflict Intensity,0,INFORM SADC 2024,INFORM Sub-national SADC 2024,baseline
TZ25,Geita,TZ2503,Mbogwe,Hazard & Exposure,Human hazards,hazard:conflictRisk,Conflict Risk,0.7,INFORM SADC 2024,INFORM Sub-national SADC 2024,baseline
TZ25,Geita,TZ2503,Mbogwe,Hazard & Exposure,Human hazards,hazard:internalViolence,Internal Violence,7.75,INFORM SADC 2024,INFORM Sub-national SADC 2024,baseline
TZ25,Geita,TZ2503,Mbogwe,Vulnerability,Socio-economic,vulnerability:developmentPoverty,Development Poverty,8.7,NBS,Household Budget Survey 2017/18,poverty headcount
TZ25,Geita,TZ2503,Mbogwe,Vulnerability,Socio-economic,vulnerability:economicDependency,Economic Dependency,3.966666667,INFORM SADC 2024,INFORM Sub-national SADC 2024,baseline
TZ25,Geita,TZ2503,Mbogwe,Vulnerability,Socio-economic,vulnerability:habitat,Habitat,5.75,INFORM SADC 2024,INFORM Sub-national SADC 2024,baseline
TZ25,Geita,TZ2503,Mbogwe,Vulnerability,Socio-economic,vulnerability:livelihoods,Livelihoods,0,MUCHALI / IPC (MoA),IPC acute food-insecurity rounds,food-insecurity phase
TZ25,Geita,TZ2503,Mbogwe,Vulnerability,Vulnerable groups,vulnerability:displacedPeople,Displaced People,0,INFORM SADC 2024,INFORM Sub-national SADC 2024,baseline
TZ25,Geita,TZ2503,Mbogwe,Vulnerability,Vulnerable groups,vulnerability:healthConditions,Health Conditions,4.9,INFORM SADC 2024,INFORM Sub-national SADC 2024,baseline
TZ25,Geita,TZ2503,Mbogwe,Vulnerability,Vulnerable groups,vulnerability:childrenHealthNutrition,Children Health Nutrition,7.5,MoH,TDHS 2022,under-5 stunting
TZ25,Geita,TZ2503,Mbogwe,Lack of Coping Capacity,Infrastructure,coping:accessHealth,Access Health,8.16,MoH,2022 PHC health facilities,resource availability
TZ25,Geita,TZ2503,Mbogwe,Lack of Coping Capacity,Infrastructure,coping:economicCapacity,Economic Capacity,8.9,INFORM SADC 2024,INFORM Sub-national SADC 2024,baseline
TZ25,Geita,TZ2503,Mbogwe,Lack of Coping Capacity,Infrastructure,coping:wash,Wash,5.7,MoW,2022 PHC water points & boreholes,"resource availability, rank 2-8"
TZ25,Geita,TZ2503,Mbogwe,Lack of Coping Capacity,Infrastructure,coping:communication,Communication,7.25,INFORM SADC 2024,INFORM Sub-national SADC 2024,baseline
TZ25,Geita,TZ2503,Mbogwe,Lack of Coping Capacity,Infrastructure,coping:education,Education,5.9,NBS / MoH,2022 PHC schools,resource availability
TZ25,Geita,TZ2503,Mbogwe,Lack of Coping Capacity,Institutional,coping:drrImplementation,Drr Implementation,6.5,PMO-DMD / DRR Coordinator,EPRP / EOCC / Anticipatory-Action records,DRM investment overlay
TZ25,Geita,TZ2503,Mbogwe,Lack of Coping Capacity,Institutional,coping:governance,Governance,4.05,PMO-DMD,INFORM SADC governance,baseline
TZ25,Geita,TZ2504,Bukombe,Hazard & Exposure,Exposure,hazard:exposure,Population Exposure,3.12,NBS,2022 PHC population,"population density, log min-max"
TZ25,Geita,TZ2504,Bukombe,Hazard & Exposure,Natural hazards,hazard:coastalHazards,Coastal Hazards,0,TMA / PMO-DMD,coastal strip,documented overlay
TZ25,Geita,TZ2504,Bukombe,Hazard & Exposure,Natural hazards,hazard:drought,Drought,3.1,TMA / MoA,CHIRPS v3 1991-2024 + ERA5 t2m,"aridity+variability+SPEI+growing-season, min-max"
TZ25,Geita,TZ2504,Bukombe,Hazard & Exposure,Natural hazards,hazard:earthquake,Earthquake,0,INFORM SADC,INFORM seismic,baseline
TZ25,Geita,TZ2504,Bukombe,Hazard & Exposure,Natural hazards,hazard:environmentalDegradation,Environmental Degradation,3.35,INFORM SADC 2024,INFORM Sub-national SADC 2024,baseline
TZ25,Geita,TZ2504,Bukombe,Hazard & Exposure,Natural hazards,hazard:flood,Flood,3.8,PMO-DMD / TMA / MoW,CHIRPS v3 daily + recorded floods,"max(hazard, sqrt(hazard×exposure))"
TZ25,Geita,TZ2504,Bukombe,Hazard & Exposure,Natural hazards,hazard:landslide,Landslide,0,TMA / PMO-DMD,documented rainfall-triggered events,documented overlay
TZ25,Geita,TZ2504,Bukombe,Hazard & Exposure,Natural hazards,hazard:stormsCyclone,Storms Cyclone,0,TMA / PMO-DMD,Cyclone Hidaya 2024 + Lindi 1952 + Zanzibar 1872,documented cyclone/storm exposure overlay
TZ25,Geita,TZ2504,Bukombe,Hazard & Exposure,Natural hazards,hazard:volcano,Volcano,0,INFORM SADC 2024,INFORM Sub-national SADC 2024,baseline
TZ25,Geita,TZ2504,Bukombe,Hazard & Exposure,Natural hazards,hazard:wildfire,Wildfire,5.1,INFORM SADC 2024,INFORM Sub-national SADC 2024,baseline
TZ25,Geita,TZ2504,Bukombe,Hazard & Exposure,Human hazards,hazard:conflictIntensity,Conflict Intensity,0,INFORM SADC 2024,INFORM Sub-national SADC 2024,baseline
TZ25,Geita,TZ2504,Bukombe,Hazard & Exposure,Human hazards,hazard:conflictRisk,Conflict Risk,0.7,INFORM SADC 2024,INFORM Sub-national SADC 2024,baseline
TZ25,Geita,TZ2504,Bukombe,Hazard & Exposure,Human hazards,hazard:internalViolence,Internal Violence,7.75,INFORM SADC 2024,INFORM Sub-national SADC 2024,baseline
TZ25,Geita,TZ2504,Bukombe,Vulnerability,Socio-economic,vulnerability:developmentPoverty,Development Poverty,8.7,NBS,Household Budget Survey 2017/18,poverty headcount
TZ25,Geita,TZ2504,Bukombe,Vulnerability,Socio-economic,vulnerability:economicDependency,Economic Dependency,3.966666667,INFORM SADC 2024,INFORM Sub-national SADC 2024,baseline
TZ25,Geita,TZ2504,Bukombe,Vulnerability,Socio-economic,vulnerability:habitat,Habitat,5.75,INFORM SADC 2024,INFORM Sub-national SADC 2024,baseline
TZ25,Geita,TZ2504,Bukombe,Vulnerability,Socio-economic,vulnerability:livelihoods,Livelihoods,0,MUCHALI / IPC (MoA),IPC acute food-insecurity rounds,food-insecurity phase
TZ25,Geita,TZ2504,Bukombe,Vulnerability,Vulnerable groups,vulnerability:displacedPeople,Displaced People,0,INFORM SADC 2024,INFORM Sub-national SADC 2024,baseline
TZ25,Geita,TZ2504,Bukombe,Vulnerability,Vulnerable groups,vulnerability:healthConditions,Health Conditions,4.9,INFORM SADC 2024,INFORM Sub-national SADC 2024,baseline
TZ25,Geita,TZ2504,Bukombe,Vulnerability,Vulnerable groups,vulnerability:childrenHealthNutrition,Children Health Nutrition,7.5,MoH,TDHS 2022,under-5 stunting
TZ25,Geita,TZ2504,Bukombe,Lack of Coping Capacity,Infrastructure,coping:accessHealth,Access Health,8.16,MoH,2022 PHC health facilities,resource availability
TZ25,Geita,TZ2504,Bukombe,Lack of Coping Capacity,Infrastructure,coping:economicCapacity,Economic Capacity,8.9,INFORM SADC 2024,INFORM Sub-national SADC 2024,baseline
TZ25,Geita,TZ2504,Bukombe,Lack of Coping Capacity,Infrastructure,coping:wash,Wash,6.1,MoW,2022 PHC water points & boreholes,"resource availability, rank 2-8"
TZ25,Geita,TZ2504,Bukombe,Lack of Coping Capacity,Infrastructure,coping:communication,Communication,7.25,INFORM SADC 2024,INFORM Sub-national SADC 2024,baseline
TZ25,Geita,TZ2504,Bukombe,Lack of Coping Capacity,Infrastructure,coping:education,Education,5.9,NBS / MoH,2022 PHC schools,resource availability
TZ25,Geita,TZ2504,Bukombe,Lack of Coping Capacity,Institutional,coping:drrImplementation,Drr Implementation,6.5,PMO-DMD / DRR Coordinator,EPRP / EOCC / Anticipatory-Action records,DRM investment overlay
TZ25,Geita,TZ2504,Bukombe,Lack of Coping Capacity,Institutional,coping:governance,Governance,4.05,PMO-DMD,INFORM SADC governance,baseline
TZ25,Geita,TZ2505,Chato,Hazard & Exposure,Exposure,hazard:exposure,Population Exposure,4.77,NBS,2022 PHC population,"population density, log min-max"
TZ25,Geita,TZ2505,Chato,Hazard & Exposure,Natural hazards,hazard:coastalHazards,Coastal Hazards,0,TMA / PMO-DMD,coastal strip,documented overlay
TZ25,Geita,TZ2505,Chato,Hazard & Exposure,Natural hazards,hazard:drought,Drought,3,TMA / MoA,CHIRPS v3 1991-2024 + ERA5 t2m,"aridity+variability+SPEI+growing-season, min-max"
TZ25,Geita,TZ2505,Chato,Hazard & Exposure,Natural hazards,hazard:earthquake,Earthquake,0,INFORM SADC,INFORM seismic,baseline
TZ25,Geita,TZ2505,Chato,Hazard & Exposure,Natural hazards,hazard:environmentalDegradation,Environmental Degradation,4.2,INFORM SADC 2024,INFORM Sub-national SADC 2024,baseline
TZ25,Geita,TZ2505,Chato,Hazard & Exposure,Natural hazards,hazard:flood,Flood,7.2,PMO-DMD / TMA / MoW,CHIRPS v3 daily + recorded floods,"max(hazard, sqrt(hazard×exposure))"
TZ25,Geita,TZ2505,Chato,Hazard & Exposure,Natural hazards,hazard:landslide,Landslide,2.1,TMA / PMO-DMD,documented rainfall-triggered events,documented overlay
TZ25,Geita,TZ2505,Chato,Hazard & Exposure,Natural hazards,hazard:stormsCyclone,Storms Cyclone,0,TMA / PMO-DMD,Cyclone Hidaya 2024 + Lindi 1952 + Zanzibar 1872,documented cyclone/storm exposure overlay
TZ25,Geita,TZ2505,Chato,Hazard & Exposure,Natural hazards,hazard:volcano,Volcano,0,INFORM SADC 2024,INFORM Sub-national SADC 2024,baseline
TZ25,Geita,TZ2505,Chato,Hazard & Exposure,Natural hazards,hazard:wildfire,Wildfire,5.1,INFORM SADC 2024,INFORM Sub-national SADC 2024,baseline
TZ25,Geita,TZ2505,Chato,Hazard & Exposure,Human hazards,hazard:conflictIntensity,Conflict Intensity,0,INFORM SADC 2024,INFORM Sub-national SADC 2024,baseline
TZ25,Geita,TZ2505,Chato,Hazard & Exposure,Human hazards,hazard:conflictRisk,Conflict Risk,0.7,INFORM SADC 2024,INFORM Sub-national SADC 2024,baseline
TZ25,Geita,TZ2505,Chato,Hazard & Exposure,Human hazards,hazard:internalViolence,Internal Violence,7.75,INFORM SADC 2024,INFORM Sub-national SADC 2024,baseline
TZ25,Geita,TZ2505,Chato,Vulnerability,Socio-economic,vulnerability:developmentPoverty,Development Poverty,8.7,NBS,Household Budget Survey 2017/18,poverty headcount
TZ25,Geita,TZ2505,Chato,Vulnerability,Socio-economic,vulnerability:economicDependency,Economic Dependency,3.966666667,INFORM SADC 2024,INFORM Sub-national SADC 2024,baseline
TZ25,Geita,TZ2505,Chato,Vulnerability,Socio-economic,vulnerability:habitat,Habitat,5.75,INFORM SADC 2024,INFORM Sub-national SADC 2024,baseline
TZ25,Geita,TZ2505,Chato,Vulnerability,Socio-economic,vulnerability:livelihoods,Livelihoods,0,MUCHALI / IPC (MoA),IPC acute food-insecurity rounds,food-insecurity phase
TZ25,Geita,TZ2505,Chato,Vulnerability,Vulnerable groups,vulnerability:displacedPeople,Displaced People,0,INFORM SADC 2024,INFORM Sub-national SADC 2024,baseline
TZ25,Geita,TZ2505,Chato,Vulnerability,Vulnerable groups,vulnerability:healthConditions,Health Conditions,4.9,INFORM SADC 2024,INFORM Sub-national SADC 2024,baseline
TZ25,Geita,TZ2505,Chato,Vulnerability,Vulnerable groups,vulnerability:childrenHealthNutrition,Children Health Nutrition,7.5,MoH,TDHS 2022,under-5 stunting
TZ25,Geita,TZ2505,Chato,Lack of Coping Capacity,Infrastructure,coping:accessHealth,Access Health,8.16,MoH,2022 PHC health facilities,resource availability
TZ25,Geita,TZ2505,Chato,Lack of Coping Capacity,Infrastructure,coping:economicCapacity,Economic Capacity,8.9,INFORM SADC 2024,INFORM Sub-national SADC 2024,baseline
TZ25,Geita,TZ2505,Chato,Lack of Coping Capacity,Infrastructure,coping:wash,Wash,3.5,MoW,2022 PHC water points & boreholes,"resource availability, rank 2-8"
TZ25,Geita,TZ2505,Chato,Lack of Coping Capacity,Infrastructure,coping:communication,Communication,7.25,INFORM SADC 2024,INFORM Sub-national SADC 2024,baseline
TZ25,Geita,TZ2505,Chato,Lack of Coping Capacity,Infrastructure,coping:education,Education,5.9,NBS / MoH,2022 PHC schools,resource availability
TZ25,Geita,TZ2505,Chato,Lack of Coping Capacity,Institutional,coping:drrImplementation,Drr Implementation,6.5,PMO-DMD / DRR Coordinator,EPRP / EOCC / Anticipatory-Action records,DRM investment overlay
TZ25,Geita,TZ2505,Chato,Lack of Coping Capacity,Institutional,coping:governance,Governance,4.05,PMO-DMD,INFORM SADC governance,baseline
TZ26,Songwe,TZ2601,Songwe,Hazard & Exposure,Exposure,hazard:exposure,Population Exposure,2.03,NBS,2022 PHC population,"population density, log min-max"
TZ26,Songwe,TZ2601,Songwe,Hazard & Exposure,Natural hazards,hazard:coastalHazards,Coastal Hazards,0,TMA / PMO-DMD,coastal strip,documented overlay
TZ26,Songwe,TZ2601,Songwe,Hazard & Exposure,Natural hazards,hazard:drought,Drought,1.9,TMA / MoA,CHIRPS v3 1991-2024 + ERA5 t2m,"aridity+variability+SPEI+growing-season, min-max"
TZ26,Songwe,TZ2601,Songwe,Hazard & Exposure,Natural hazards,hazard:earthquake,Earthquake,9.8,INFORM SADC,INFORM seismic,baseline
TZ26,Songwe,TZ2601,Songwe,Hazard & Exposure,Natural hazards,hazard:environmentalDegradation,Environmental Degradation,4.1,INFORM SADC 2024,INFORM Sub-national SADC 2024,baseline
TZ26,Songwe,TZ2601,Songwe,Hazard & Exposure,Natural hazards,hazard:flood,Flood,7.7,PMO-DMD / TMA / MoW,CHIRPS v3 daily + recorded floods,"max(hazard, sqrt(hazard×exposure))"
TZ26,Songwe,TZ2601,Songwe,Hazard & Exposure,Natural hazards,hazard:landslide,Landslide,4.3,TMA / PMO-DMD,documented rainfall-triggered events,documented overlay
TZ26,Songwe,TZ2601,Songwe,Hazard & Exposure,Natural hazards,hazard:stormsCyclone,Storms Cyclone,0,TMA / PMO-DMD,Cyclone Hidaya 2024 + Lindi 1952 + Zanzibar 1872,documented cyclone/storm exposure overlay
TZ26,Songwe,TZ2601,Songwe,Hazard & Exposure,Natural hazards,hazard:volcano,Volcano,0,INFORM SADC 2024,INFORM Sub-national SADC 2024,baseline
TZ26,Songwe,TZ2601,Songwe,Hazard & Exposure,Natural hazards,hazard:wildfire,Wildfire,6.5,INFORM SADC 2024,INFORM Sub-national SADC 2024,baseline
TZ26,Songwe,TZ2601,Songwe,Hazard & Exposure,Human hazards,hazard:conflictIntensity,Conflict Intensity,0,INFORM SADC 2024,INFORM Sub-national SADC 2024,baseline
TZ26,Songwe,TZ2601,Songwe,Hazard & Exposure,Human hazards,hazard:conflictRisk,Conflict Risk,0.7,INFORM SADC 2024,INFORM Sub-national SADC 2024,baseline
TZ26,Songwe,TZ2601,Songwe,Hazard & Exposure,Human hazards,hazard:internalViolence,Internal Violence,5.5,INFORM SADC 2024,INFORM Sub-national SADC 2024,baseline
TZ26,Songwe,TZ2601,Songwe,Vulnerability,Socio-economic,vulnerability:developmentPoverty,Development Poverty,7.65,NBS,Household Budget Survey 2017/18,poverty headcount
TZ26,Songwe,TZ2601,Songwe,Vulnerability,Socio-economic,vulnerability:economicDependency,Economic Dependency,3.333333333,INFORM SADC 2024,INFORM Sub-national SADC 2024,baseline
TZ26,Songwe,TZ2601,Songwe,Vulnerability,Socio-economic,vulnerability:habitat,Habitat,5.55,INFORM SADC 2024,INFORM Sub-national SADC 2024,baseline
TZ26,Songwe,TZ2601,Songwe,Vulnerability,Socio-economic,vulnerability:livelihoods,Livelihoods,0,MUCHALI / IPC (MoA),IPC acute food-insecurity rounds,food-insecurity phase
TZ26,Songwe,TZ2601,Songwe,Vulnerability,Vulnerable groups,vulnerability:displacedPeople,Displaced People,0,INFORM SADC 2024,INFORM Sub-national SADC 2024,baseline
TZ26,Songwe,TZ2601,Songwe,Vulnerability,Vulnerable groups,vulnerability:healthConditions,Health Conditions,4.6,INFORM SADC 2024,INFORM Sub-national SADC 2024,baseline
TZ26,Songwe,TZ2601,Songwe,Vulnerability,Vulnerable groups,vulnerability:childrenHealthNutrition,Children Health Nutrition,8,MoH,TDHS 2022,under-5 stunting
TZ26,Songwe,TZ2601,Songwe,Lack of Coping Capacity,Infrastructure,coping:accessHealth,Access Health,5.72,MoH,2022 PHC health facilities,resource availability
TZ26,Songwe,TZ2601,Songwe,Lack of Coping Capacity,Infrastructure,coping:economicCapacity,Economic Capacity,8.8,INFORM SADC 2024,INFORM Sub-national SADC 2024,baseline
TZ26,Songwe,TZ2601,Songwe,Lack of Coping Capacity,Infrastructure,coping:wash,Wash,7.3,MoW,2022 PHC water points & boreholes,"resource availability, rank 2-8"
TZ26,Songwe,TZ2601,Songwe,Lack of Coping Capacity,Infrastructure,coping:communication,Communication,7.45,INFORM SADC 2024,INFORM Sub-national SADC 2024,baseline
TZ26,Songwe,TZ2601,Songwe,Lack of Coping Capacity,Infrastructure,coping:education,Education,5.05,NBS / MoH,2022 PHC schools,resource availability
TZ26,Songwe,TZ2601,Songwe,Lack of Coping Capacity,Institutional,coping:drrImplementation,Drr Implementation,6.5,PMO-DMD / DRR Coordinator,EPRP / EOCC / Anticipatory-Action records,DRM investment overlay
TZ26,Songwe,TZ2601,Songwe,Lack of Coping Capacity,Institutional,coping:governance,Governance,4.15,PMO-DMD,INFORM SADC governance,baseline
TZ26,Songwe,TZ2605,Ileje,Hazard & Exposure,Exposure,hazard:exposure,Population Exposure,3.47,NBS,2022 PHC population,"population density, log min-max"
TZ26,Songwe,TZ2605,Ileje,Hazard & Exposure,Natural hazards,hazard:coastalHazards,Coastal Hazards,0,TMA / PMO-DMD,coastal strip,documented overlay
TZ26,Songwe,TZ2605,Ileje,Hazard & Exposure,Natural hazards,hazard:drought,Drought,2.2,TMA / MoA,CHIRPS v3 1991-2024 + ERA5 t2m,"aridity+variability+SPEI+growing-season, min-max"
TZ26,Songwe,TZ2605,Ileje,Hazard & Exposure,Natural hazards,hazard:earthquake,Earthquake,10,INFORM SADC,INFORM seismic,baseline
TZ26,Songwe,TZ2605,Ileje,Hazard & Exposure,Natural hazards,hazard:environmentalDegradation,Environmental Degradation,4.55,INFORM SADC 2024,INFORM Sub-national SADC 2024,baseline
TZ26,Songwe,TZ2605,Ileje,Hazard & Exposure,Natural hazards,hazard:flood,Flood,2.6,PMO-DMD / TMA / MoW,CHIRPS v3 daily + recorded floods,"max(hazard, sqrt(hazard×exposure))"
TZ26,Songwe,TZ2605,Ileje,Hazard & Exposure,Natural hazards,hazard:landslide,Landslide,8.1,TMA / PMO-DMD,documented rainfall-triggered events,documented overlay
TZ26,Songwe,TZ2605,Ileje,Hazard & Exposure,Natural hazards,hazard:stormsCyclone,Storms Cyclone,0,TMA / PMO-DMD,Cyclone Hidaya 2024 + Lindi 1952 + Zanzibar 1872,documented cyclone/storm exposure overlay
TZ26,Songwe,TZ2605,Ileje,Hazard & Exposure,Natural hazards,hazard:volcano,Volcano,0,INFORM SADC 2024,INFORM Sub-national SADC 2024,baseline
TZ26,Songwe,TZ2605,Ileje,Hazard & Exposure,Natural hazards,hazard:wildfire,Wildfire,6.5,INFORM SADC 2024,INFORM Sub-national SADC 2024,baseline
TZ26,Songwe,TZ2605,Ileje,Hazard & Exposure,Human hazards,hazard:conflictIntensity,Conflict Intensity,0,INFORM SADC 2024,INFORM Sub-national SADC 2024,baseline
TZ26,Songwe,TZ2605,Ileje,Hazard & Exposure,Human hazards,hazard:conflictRisk,Conflict Risk,0.7,INFORM SADC 2024,INFORM Sub-national SADC 2024,baseline
TZ26,Songwe,TZ2605,Ileje,Hazard & Exposure,Human hazards,hazard:internalViolence,Internal Violence,5.5,INFORM SADC 2024,INFORM Sub-national SADC 2024,baseline
TZ26,Songwe,TZ2605,Ileje,Vulnerability,Socio-economic,vulnerability:developmentPoverty,Development Poverty,7.65,NBS,Household Budget Survey 2017/18,poverty headcount
TZ26,Songwe,TZ2605,Ileje,Vulnerability,Socio-economic,vulnerability:economicDependency,Economic Dependency,3.333333333,INFORM SADC 2024,INFORM Sub-national SADC 2024,baseline
TZ26,Songwe,TZ2605,Ileje,Vulnerability,Socio-economic,vulnerability:habitat,Habitat,5.55,INFORM SADC 2024,INFORM Sub-national SADC 2024,baseline
TZ26,Songwe,TZ2605,Ileje,Vulnerability,Socio-economic,vulnerability:livelihoods,Livelihoods,0,MUCHALI / IPC (MoA),IPC acute food-insecurity rounds,food-insecurity phase
TZ26,Songwe,TZ2605,Ileje,Vulnerability,Vulnerable groups,vulnerability:displacedPeople,Displaced People,0,INFORM SADC 2024,INFORM Sub-national SADC 2024,baseline
TZ26,Songwe,TZ2605,Ileje,Vulnerability,Vulnerable groups,vulnerability:healthConditions,Health Conditions,4.6,INFORM SADC 2024,INFORM Sub-national SADC 2024,baseline
TZ26,Songwe,TZ2605,Ileje,Vulnerability,Vulnerable groups,vulnerability:childrenHealthNutrition,Children Health Nutrition,8,MoH,TDHS 2022,under-5 stunting
TZ26,Songwe,TZ2605,Ileje,Lack of Coping Capacity,Infrastructure,coping:accessHealth,Access Health,5.72,MoH,2022 PHC health facilities,resource availability
TZ26,Songwe,TZ2605,Ileje,Lack of Coping Capacity,Infrastructure,coping:economicCapacity,Economic Capacity,8.8,INFORM SADC 2024,INFORM Sub-national SADC 2024,baseline
TZ26,Songwe,TZ2605,Ileje,Lack of Coping Capacity,Infrastructure,coping:wash,Wash,5.7,MoW,2022 PHC water points & boreholes,"resource availability, rank 2-8"
TZ26,Songwe,TZ2605,Ileje,Lack of Coping Capacity,Infrastructure,coping:communication,Communication,7.45,INFORM SADC 2024,INFORM Sub-national SADC 2024,baseline
TZ26,Songwe,TZ2605,Ileje,Lack of Coping Capacity,Infrastructure,coping:education,Education,5.05,NBS / MoH,2022 PHC schools,resource availability
TZ26,Songwe,TZ2605,Ileje,Lack of Coping Capacity,Institutional,coping:drrImplementation,Drr Implementation,6.5,PMO-DMD / DRR Coordinator,EPRP / EOCC / Anticipatory-Action records,DRM investment overlay
TZ26,Songwe,TZ2605,Ileje,Lack of Coping Capacity,Institutional,coping:governance,Governance,4.15,PMO-DMD,INFORM SADC governance,baseline
TZ26,Songwe,TZ2606,Mbozi,Hazard & Exposure,Exposure,hazard:exposure,Population Exposure,4.31,NBS,2022 PHC population,"population density, log min-max"
TZ26,Songwe,TZ2606,Mbozi,Hazard & Exposure,Natural hazards,hazard:coastalHazards,Coastal Hazards,0,TMA / PMO-DMD,coastal strip,documented overlay
TZ26,Songwe,TZ2606,Mbozi,Hazard & Exposure,Natural hazards,hazard:drought,Drought,3,TMA / MoA,CHIRPS v3 1991-2024 + ERA5 t2m,"aridity+variability+SPEI+growing-season, min-max"
TZ26,Songwe,TZ2606,Mbozi,Hazard & Exposure,Natural hazards,hazard:earthquake,Earthquake,10,INFORM SADC,INFORM seismic,baseline
TZ26,Songwe,TZ2606,Mbozi,Hazard & Exposure,Natural hazards,hazard:environmentalDegradation,Environmental Degradation,3.45,INFORM SADC 2024,INFORM Sub-national SADC 2024,baseline
TZ26,Songwe,TZ2606,Mbozi,Hazard & Exposure,Natural hazards,hazard:flood,Flood,0,PMO-DMD / TMA / MoW,CHIRPS v3 daily + recorded floods,"max(hazard, sqrt(hazard×exposure))"
TZ26,Songwe,TZ2606,Mbozi,Hazard & Exposure,Natural hazards,hazard:landslide,Landslide,4.3,TMA / PMO-DMD,documented rainfall-triggered events,documented overlay
TZ26,Songwe,TZ2606,Mbozi,Hazard & Exposure,Natural hazards,hazard:stormsCyclone,Storms Cyclone,0,TMA / PMO-DMD,Cyclone Hidaya 2024 + Lindi 1952 + Zanzibar 1872,documented cyclone/storm exposure overlay
TZ26,Songwe,TZ2606,Mbozi,Hazard & Exposure,Natural hazards,hazard:volcano,Volcano,0,INFORM SADC 2024,INFORM Sub-national SADC 2024,baseline
TZ26,Songwe,TZ2606,Mbozi,Hazard & Exposure,Natural hazards,hazard:wildfire,Wildfire,6.5,INFORM SADC 2024,INFORM Sub-national SADC 2024,baseline
TZ26,Songwe,TZ2606,Mbozi,Hazard & Exposure,Human hazards,hazard:conflictIntensity,Conflict Intensity,0,INFORM SADC 2024,INFORM Sub-national SADC 2024,baseline
TZ26,Songwe,TZ2606,Mbozi,Hazard & Exposure,Human hazards,hazard:conflictRisk,Conflict Risk,0.7,INFORM SADC 2024,INFORM Sub-national SADC 2024,baseline
TZ26,Songwe,TZ2606,Mbozi,Hazard & Exposure,Human hazards,hazard:internalViolence,Internal Violence,5.5,INFORM SADC 2024,INFORM Sub-national SADC 2024,baseline
TZ26,Songwe,TZ2606,Mbozi,Vulnerability,Socio-economic,vulnerability:developmentPoverty,Development Poverty,7.65,NBS,Household Budget Survey 2017/18,poverty headcount
TZ26,Songwe,TZ2606,Mbozi,Vulnerability,Socio-economic,vulnerability:economicDependency,Economic Dependency,3.333333333,INFORM SADC 2024,INFORM Sub-national SADC 2024,baseline
TZ26,Songwe,TZ2606,Mbozi,Vulnerability,Socio-economic,vulnerability:habitat,Habitat,5.55,INFORM SADC 2024,INFORM Sub-national SADC 2024,baseline
TZ26,Songwe,TZ2606,Mbozi,Vulnerability,Socio-economic,vulnerability:livelihoods,Livelihoods,0,MUCHALI / IPC (MoA),IPC acute food-insecurity rounds,food-insecurity phase
TZ26,Songwe,TZ2606,Mbozi,Vulnerability,Vulnerable groups,vulnerability:displacedPeople,Displaced People,0,INFORM SADC 2024,INFORM Sub-national SADC 2024,baseline
TZ26,Songwe,TZ2606,Mbozi,Vulnerability,Vulnerable groups,vulnerability:healthConditions,Health Conditions,4.6,INFORM SADC 2024,INFORM Sub-national SADC 2024,baseline
TZ26,Songwe,TZ2606,Mbozi,Vulnerability,Vulnerable groups,vulnerability:childrenHealthNutrition,Children Health Nutrition,8,MoH,TDHS 2022,under-5 stunting
TZ26,Songwe,TZ2606,Mbozi,Lack of Coping Capacity,Infrastructure,coping:accessHealth,Access Health,5.72,MoH,2022 PHC health facilities,resource availability
TZ26,Songwe,TZ2606,Mbozi,Lack of Coping Capacity,Infrastructure,coping:economicCapacity,Economic Capacity,8.8,INFORM SADC 2024,INFORM Sub-national SADC 2024,baseline
TZ26,Songwe,TZ2606,Mbozi,Lack of Coping Capacity,Infrastructure,coping:wash,Wash,2.7,MoW,2022 PHC water points & boreholes,"resource availability, rank 2-8"
TZ26,Songwe,TZ2606,Mbozi,Lack of Coping Capacity,Infrastructure,coping:communication,Communication,7.45,INFORM SADC 2024,INFORM Sub-national SADC 2024,baseline
TZ26,Songwe,TZ2606,Mbozi,Lack of Coping Capacity,Infrastructure,coping:education,Education,5.05,NBS / MoH,2022 PHC schools,resource availability
TZ26,Songwe,TZ2606,Mbozi,Lack of Coping Capacity,Institutional,coping:drrImplementation,Drr Implementation,6.5,PMO-DMD / DRR Coordinator,EPRP / EOCC / Anticipatory-Action records,DRM investment overlay
TZ26,Songwe,TZ2606,Mbozi,Lack of Coping Capacity,Institutional,coping:governance,Governance,4.15,PMO-DMD,INFORM SADC governance,baseline
TZ26,Songwe,TZ2609,Momba,Hazard & Exposure,Exposure,hazard:exposure,Population Exposure,3.2,NBS,2022 PHC population,"population density, log min-max"
TZ26,Songwe,TZ2609,Momba,Hazard & Exposure,Natural hazards,hazard:coastalHazards,Coastal Hazards,0,TMA / PMO-DMD,coastal strip,documented overlay
TZ26,Songwe,TZ2609,Momba,Hazard & Exposure,Natural hazards,hazard:drought,Drought,2.8,TMA / MoA,CHIRPS v3 1991-2024 + ERA5 t2m,"aridity+variability+SPEI+growing-season, min-max"
TZ26,Songwe,TZ2609,Momba,Hazard & Exposure,Natural hazards,hazard:earthquake,Earthquake,10,INFORM SADC,INFORM seismic,baseline
TZ26,Songwe,TZ2609,Momba,Hazard & Exposure,Natural hazards,hazard:environmentalDegradation,Environmental Degradation,4.6,INFORM SADC 2024,INFORM Sub-national SADC 2024,baseline
TZ26,Songwe,TZ2609,Momba,Hazard & Exposure,Natural hazards,hazard:flood,Flood,7.4,PMO-DMD / TMA / MoW,CHIRPS v3 daily + recorded floods,"max(hazard, sqrt(hazard×exposure))"
TZ26,Songwe,TZ2609,Momba,Hazard & Exposure,Natural hazards,hazard:landslide,Landslide,2.2,TMA / PMO-DMD,documented rainfall-triggered events,documented overlay
TZ26,Songwe,TZ2609,Momba,Hazard & Exposure,Natural hazards,hazard:stormsCyclone,Storms Cyclone,0,TMA / PMO-DMD,Cyclone Hidaya 2024 + Lindi 1952 + Zanzibar 1872,documented cyclone/storm exposure overlay
TZ26,Songwe,TZ2609,Momba,Hazard & Exposure,Natural hazards,hazard:volcano,Volcano,0,INFORM SADC 2024,INFORM Sub-national SADC 2024,baseline
TZ26,Songwe,TZ2609,Momba,Hazard & Exposure,Natural hazards,hazard:wildfire,Wildfire,6.5,INFORM SADC 2024,INFORM Sub-national SADC 2024,baseline
TZ26,Songwe,TZ2609,Momba,Hazard & Exposure,Human hazards,hazard:conflictIntensity,Conflict Intensity,0,INFORM SADC 2024,INFORM Sub-national SADC 2024,baseline
TZ26,Songwe,TZ2609,Momba,Hazard & Exposure,Human hazards,hazard:conflictRisk,Conflict Risk,0.7,INFORM SADC 2024,INFORM Sub-national SADC 2024,baseline
TZ26,Songwe,TZ2609,Momba,Hazard & Exposure,Human hazards,hazard:internalViolence,Internal Violence,5.5,INFORM SADC 2024,INFORM Sub-national SADC 2024,baseline
TZ26,Songwe,TZ2609,Momba,Vulnerability,Socio-economic,vulnerability:developmentPoverty,Development Poverty,7.65,NBS,Household Budget Survey 2017/18,poverty headcount
TZ26,Songwe,TZ2609,Momba,Vulnerability,Socio-economic,vulnerability:economicDependency,Economic Dependency,3.333333333,INFORM SADC 2024,INFORM Sub-national SADC 2024,baseline
TZ26,Songwe,TZ2609,Momba,Vulnerability,Socio-economic,vulnerability:habitat,Habitat,5.55,INFORM SADC 2024,INFORM Sub-national SADC 2024,baseline
TZ26,Songwe,TZ2609,Momba,Vulnerability,Socio-economic,vulnerability:livelihoods,Livelihoods,0,MUCHALI / IPC (MoA),IPC acute food-insecurity rounds,food-insecurity phase
TZ26,Songwe,TZ2609,Momba,Vulnerability,Vulnerable groups,vulnerability:displacedPeople,Displaced People,0,INFORM SADC 2024,INFORM Sub-national SADC 2024,baseline
TZ26,Songwe,TZ2609,Momba,Vulnerability,Vulnerable groups,vulnerability:healthConditions,Health Conditions,4.6,INFORM SADC 2024,INFORM Sub-national SADC 2024,baseline
TZ26,Songwe,TZ2609,Momba,Vulnerability,Vulnerable groups,vulnerability:childrenHealthNutrition,Children Health Nutrition,8,MoH,TDHS 2022,under-5 stunting
TZ26,Songwe,TZ2609,Momba,Lack of Coping Capacity,Infrastructure,coping:accessHealth,Access Health,5.72,MoH,2022 PHC health facilities,resource availability
TZ26,Songwe,TZ2609,Momba,Lack of Coping Capacity,Infrastructure,coping:economicCapacity,Economic Capacity,8.8,INFORM SADC 2024,INFORM Sub-national SADC 2024,baseline
TZ26,Songwe,TZ2609,Momba,Lack of Coping Capacity,Infrastructure,coping:wash,Wash,5.3,MoW,2022 PHC water points & boreholes,"resource availability, rank 2-8"
TZ26,Songwe,TZ2609,Momba,Lack of Coping Capacity,Infrastructure,coping:communication,Communication,7.45,INFORM SADC 2024,INFORM Sub-national SADC 2024,baseline
TZ26,Songwe,TZ2609,Momba,Lack of Coping Capacity,Infrastructure,coping:education,Education,5.05,NBS / MoH,2022 PHC schools,resource availability
TZ26,Songwe,TZ2609,Momba,Lack of Coping Capacity,Institutional,coping:drrImplementation,Drr Implementation,6.5,PMO-DMD / DRR Coordinator,EPRP / EOCC / Anticipatory-Action records,DRM investment overlay
TZ26,Songwe,TZ2609,Momba,Lack of Coping Capacity,Institutional,coping:governance,Governance,4.15,PMO-DMD,INFORM SADC governance,baseline
TZ26,Songwe,TZ2610,Tunduma,Hazard & Exposure,Natural hazards,hazard:coastalHazards,Coastal Hazards,0,TMA / PMO-DMD,coastal strip,documented overlay
TZ26,Songwe,TZ2610,Tunduma,Hazard & Exposure,Natural hazards,hazard:drought,Drought,0,TMA / MoA,CHIRPS v3 1991-2024 + ERA5 t2m,"aridity+variability+SPEI+growing-season, min-max"
TZ26,Songwe,TZ2610,Tunduma,Hazard & Exposure,Natural hazards,hazard:earthquake,Earthquake,10,INFORM SADC,INFORM seismic,baseline
TZ26,Songwe,TZ2610,Tunduma,Hazard & Exposure,Natural hazards,hazard:environmentalDegradation,Environmental Degradation,4.5,INFORM SADC 2024,INFORM Sub-national SADC 2024,baseline
TZ26,Songwe,TZ2610,Tunduma,Hazard & Exposure,Natural hazards,hazard:flood,Flood,0,PMO-DMD / TMA / MoW,CHIRPS v3 daily + recorded floods,"max(hazard, sqrt(hazard×exposure))"
TZ26,Songwe,TZ2610,Tunduma,Hazard & Exposure,Natural hazards,hazard:landslide,Landslide,6.8,TMA / PMO-DMD,documented rainfall-triggered events,documented overlay
TZ26,Songwe,TZ2610,Tunduma,Hazard & Exposure,Natural hazards,hazard:stormsCyclone,Storms Cyclone,0,TMA / PMO-DMD,Cyclone Hidaya 2024 + Lindi 1952 + Zanzibar 1872,documented cyclone/storm exposure overlay
TZ26,Songwe,TZ2610,Tunduma,Hazard & Exposure,Natural hazards,hazard:volcano,Volcano,0,INFORM SADC 2024,INFORM Sub-national SADC 2024,baseline
TZ26,Songwe,TZ2610,Tunduma,Hazard & Exposure,Natural hazards,hazard:wildfire,Wildfire,6.5,INFORM SADC 2024,INFORM Sub-national SADC 2024,baseline
TZ26,Songwe,TZ2610,Tunduma,Hazard & Exposure,Human hazards,hazard:conflictIntensity,Conflict Intensity,0,INFORM SADC 2024,INFORM Sub-national SADC 2024,baseline
TZ26,Songwe,TZ2610,Tunduma,Hazard & Exposure,Human hazards,hazard:conflictRisk,Conflict Risk,0.7,INFORM SADC 2024,INFORM Sub-national SADC 2024,baseline
TZ26,Songwe,TZ2610,Tunduma,Hazard & Exposure,Human hazards,hazard:internalViolence,Internal Violence,5.5,INFORM SADC 2024,INFORM Sub-national SADC 2024,baseline
TZ26,Songwe,TZ2610,Tunduma,Vulnerability,Socio-economic,vulnerability:developmentPoverty,Development Poverty,7.65,NBS,Household Budget Survey 2017/18,poverty headcount
TZ26,Songwe,TZ2610,Tunduma,Vulnerability,Socio-economic,vulnerability:economicDependency,Economic Dependency,3.333333333,INFORM SADC 2024,INFORM Sub-national SADC 2024,baseline
TZ26,Songwe,TZ2610,Tunduma,Vulnerability,Socio-economic,vulnerability:habitat,Habitat,5.55,INFORM SADC 2024,INFORM Sub-national SADC 2024,baseline
TZ26,Songwe,TZ2610,Tunduma,Vulnerability,Socio-economic,vulnerability:livelihoods,Livelihoods,0,MUCHALI / IPC (MoA),IPC acute food-insecurity rounds,food-insecurity phase
TZ26,Songwe,TZ2610,Tunduma,Vulnerability,Vulnerable groups,vulnerability:displacedPeople,Displaced People,0,INFORM SADC 2024,INFORM Sub-national SADC 2024,baseline
TZ26,Songwe,TZ2610,Tunduma,Vulnerability,Vulnerable groups,vulnerability:healthConditions,Health Conditions,4.6,INFORM SADC 2024,INFORM Sub-national SADC 2024,baseline
TZ26,Songwe,TZ2610,Tunduma,Vulnerability,Vulnerable groups,vulnerability:childrenHealthNutrition,Children Health Nutrition,8,MoH,TDHS 2022,under-5 stunting
TZ26,Songwe,TZ2610,Tunduma,Lack of Coping Capacity,Infrastructure,coping:accessHealth,Access Health,5.72,MoH,2022 PHC health facilities,resource availability
TZ26,Songwe,TZ2610,Tunduma,Lack of Coping Capacity,Infrastructure,coping:economicCapacity,Economic Capacity,8.8,INFORM SADC 2024,INFORM Sub-national SADC 2024,baseline
TZ26,Songwe,TZ2610,Tunduma,Lack of Coping Capacity,Infrastructure,coping:wash,Wash,7,MoW,2022 PHC water points & boreholes,"resource availability, rank 2-8"
TZ26,Songwe,TZ2610,Tunduma,Lack of Coping Capacity,Infrastructure,coping:communication,Communication,7.45,INFORM SADC 2024,INFORM Sub-national SADC 2024,baseline
TZ26,Songwe,TZ2610,Tunduma,Lack of Coping Capacity,Infrastructure,coping:education,Education,5.05,NBS / MoH,2022 PHC schools,resource availability
TZ26,Songwe,TZ2610,Tunduma,Lack of Coping Capacity,Institutional,coping:drrImplementation,Drr Implementation,6.5,PMO-DMD / DRR Coordinator,EPRP / EOCC / Anticipatory-Action records,DRM investment overlay
TZ26,Songwe,TZ2610,Tunduma,Lack of Coping Capacity,Institutional,coping:governance,Governance,4.15,PMO-DMD,INFORM SADC governance,baseline
TZ51,Kaskazini Unguja,TZ5101,Kaskazini A,Hazard & Exposure,Exposure,hazard:exposure,Population Exposure,6.24,NBS,2022 PHC population,"population density, log min-max"
TZ51,Kaskazini Unguja,TZ5101,Kaskazini A,Hazard & Exposure,Natural hazards,hazard:coastalHazards,Coastal Hazards,6.5,TMA / PMO-DMD,coastal strip,documented overlay
TZ51,Kaskazini Unguja,TZ5101,Kaskazini A,Hazard & Exposure,Natural hazards,hazard:drought,Drought,4.7,TMA / MoA,CHIRPS v3 1991-2024 + ERA5 t2m,"aridity+variability+SPEI+growing-season, min-max"
TZ51,Kaskazini Unguja,TZ5101,Kaskazini A,Hazard & Exposure,Natural hazards,hazard:earthquake,Earthquake,0,INFORM SADC,INFORM seismic,baseline
TZ51,Kaskazini Unguja,TZ5101,Kaskazini A,Hazard & Exposure,Natural hazards,hazard:environmentalDegradation,Environmental Degradation,6,INFORM SADC 2024,INFORM Sub-national SADC 2024,baseline
TZ51,Kaskazini Unguja,TZ5101,Kaskazini A,Hazard & Exposure,Natural hazards,hazard:flood,Flood,8,PMO-DMD / TMA / MoW,CHIRPS v3 daily + recorded floods,"max(hazard, sqrt(hazard×exposure))"
TZ51,Kaskazini Unguja,TZ5101,Kaskazini A,Hazard & Exposure,Natural hazards,hazard:landslide,Landslide,0,TMA / PMO-DMD,documented rainfall-triggered events,documented overlay
TZ51,Kaskazini Unguja,TZ5101,Kaskazini A,Hazard & Exposure,Natural hazards,hazard:stormsCyclone,Storms Cyclone,6,TMA / PMO-DMD,Cyclone Hidaya 2024 + Lindi 1952 + Zanzibar 1872,documented cyclone/storm exposure overlay
TZ51,Kaskazini Unguja,TZ5101,Kaskazini A,Hazard & Exposure,Natural hazards,hazard:volcano,Volcano,0,INFORM SADC 2024,INFORM Sub-national SADC 2024,baseline
TZ51,Kaskazini Unguja,TZ5101,Kaskazini A,Hazard & Exposure,Natural hazards,hazard:wildfire,Wildfire,0.1,INFORM SADC 2024,INFORM Sub-national SADC 2024,baseline
TZ51,Kaskazini Unguja,TZ5101,Kaskazini A,Hazard & Exposure,Human hazards,hazard:conflictIntensity,Conflict Intensity,0,INFORM SADC 2024,INFORM Sub-national SADC 2024,baseline
TZ51,Kaskazini Unguja,TZ5101,Kaskazini A,Hazard & Exposure,Human hazards,hazard:conflictRisk,Conflict Risk,0.7,INFORM SADC 2024,INFORM Sub-national SADC 2024,baseline
TZ51,Kaskazini Unguja,TZ5101,Kaskazini A,Hazard & Exposure,Human hazards,hazard:internalViolence,Internal Violence,5.2,INFORM SADC 2024,INFORM Sub-national SADC 2024,baseline
TZ51,Kaskazini Unguja,TZ5101,Kaskazini A,Vulnerability,Socio-economic,vulnerability:developmentPoverty,Development Poverty,2.875,NBS,Household Budget Survey 2017/18,poverty headcount
TZ51,Kaskazini Unguja,TZ5101,Kaskazini A,Vulnerability,Socio-economic,vulnerability:economicDependency,Economic Dependency,2.866666667,INFORM SADC 2024,INFORM Sub-national SADC 2024,baseline
TZ51,Kaskazini Unguja,TZ5101,Kaskazini A,Vulnerability,Socio-economic,vulnerability:habitat,Habitat,4.35,INFORM SADC 2024,INFORM Sub-national SADC 2024,baseline
TZ51,Kaskazini Unguja,TZ5101,Kaskazini A,Vulnerability,Socio-economic,vulnerability:livelihoods,Livelihoods,0,MUCHALI / IPC (MoA),IPC acute food-insecurity rounds,food-insecurity phase
TZ51,Kaskazini Unguja,TZ5101,Kaskazini A,Vulnerability,Vulnerable groups,vulnerability:displacedPeople,Displaced People,10,INFORM SADC 2024,INFORM Sub-national SADC 2024,baseline
TZ51,Kaskazini Unguja,TZ5101,Kaskazini A,Vulnerability,Vulnerable groups,vulnerability:healthConditions,Health Conditions,1.3,INFORM SADC 2024,INFORM Sub-national SADC 2024,baseline
TZ51,Kaskazini Unguja,TZ5101,Kaskazini A,Vulnerability,Vulnerable groups,vulnerability:childrenHealthNutrition,Children Health Nutrition,4.675,MoH,TDHS 2022,under-5 stunting
TZ51,Kaskazini Unguja,TZ5101,Kaskazini A,Lack of Coping Capacity,Infrastructure,coping:accessHealth,Access Health,5.04,MoH,2022 PHC health facilities,resource availability
TZ51,Kaskazini Unguja,TZ5101,Kaskazini A,Lack of Coping Capacity,Infrastructure,coping:economicCapacity,Economic Capacity,7.466666667,INFORM SADC 2024,INFORM Sub-national SADC 2024,baseline
TZ51,Kaskazini Unguja,TZ5101,Kaskazini A,Lack of Coping Capacity,Infrastructure,coping:wash,Wash,7.7,MoW,2022 PHC water points & boreholes,"resource availability, rank 2-8"
TZ51,Kaskazini Unguja,TZ5101,Kaskazini A,Lack of Coping Capacity,Infrastructure,coping:communication,Communication,5.45,INFORM SADC 2024,INFORM Sub-national SADC 2024,baseline
TZ51,Kaskazini Unguja,TZ5101,Kaskazini A,Lack of Coping Capacity,Infrastructure,coping:education,Education,5.9,NBS / MoH,2022 PHC schools,resource availability
TZ51,Kaskazini Unguja,TZ5101,Kaskazini A,Lack of Coping Capacity,Institutional,coping:drrImplementation,Drr Implementation,6.5,PMO-DMD / DRR Coordinator,EPRP / EOCC / Anticipatory-Action records,DRM investment overlay
TZ51,Kaskazini Unguja,TZ5101,Kaskazini A,Lack of Coping Capacity,Institutional,coping:governance,Governance,6.95,PMO-DMD,INFORM SADC governance,baseline
TZ51,Kaskazini Unguja,TZ5102,Kaskazini B,Hazard & Exposure,Exposure,hazard:exposure,Population Exposure,5.8,NBS,2022 PHC population,"population density, log min-max"
TZ51,Kaskazini Unguja,TZ5102,Kaskazini B,Hazard & Exposure,Natural hazards,hazard:coastalHazards,Coastal Hazards,6.5,TMA / PMO-DMD,coastal strip,documented overlay
TZ51,Kaskazini Unguja,TZ5102,Kaskazini B,Hazard & Exposure,Natural hazards,hazard:drought,Drought,4.1,TMA / MoA,CHIRPS v3 1991-2024 + ERA5 t2m,"aridity+variability+SPEI+growing-season, min-max"
TZ51,Kaskazini Unguja,TZ5102,Kaskazini B,Hazard & Exposure,Natural hazards,hazard:earthquake,Earthquake,0,INFORM SADC,INFORM seismic,baseline
TZ51,Kaskazini Unguja,TZ5102,Kaskazini B,Hazard & Exposure,Natural hazards,hazard:environmentalDegradation,Environmental Degradation,5.6,INFORM SADC 2024,INFORM Sub-national SADC 2024,baseline
TZ51,Kaskazini Unguja,TZ5102,Kaskazini B,Hazard & Exposure,Natural hazards,hazard:flood,Flood,5.9,PMO-DMD / TMA / MoW,CHIRPS v3 daily + recorded floods,"max(hazard, sqrt(hazard×exposure))"
TZ51,Kaskazini Unguja,TZ5102,Kaskazini B,Hazard & Exposure,Natural hazards,hazard:landslide,Landslide,0,TMA / PMO-DMD,documented rainfall-triggered events,documented overlay
TZ51,Kaskazini Unguja,TZ5102,Kaskazini B,Hazard & Exposure,Natural hazards,hazard:stormsCyclone,Storms Cyclone,5,TMA / PMO-DMD,Cyclone Hidaya 2024 + Lindi 1952 + Zanzibar 1872,documented cyclone/storm exposure overlay
TZ51,Kaskazini Unguja,TZ5102,Kaskazini B,Hazard & Exposure,Natural hazards,hazard:volcano,Volcano,0,INFORM SADC 2024,INFORM Sub-national SADC 2024,baseline
TZ51,Kaskazini Unguja,TZ5102,Kaskazini B,Hazard & Exposure,Natural hazards,hazard:wildfire,Wildfire,0.1,INFORM SADC 2024,INFORM Sub-national SADC 2024,baseline
TZ51,Kaskazini Unguja,TZ5102,Kaskazini B,Hazard & Exposure,Human hazards,hazard:conflictIntensity,Conflict Intensity,0,INFORM SADC 2024,INFORM Sub-national SADC 2024,baseline
TZ51,Kaskazini Unguja,TZ5102,Kaskazini B,Hazard & Exposure,Human hazards,hazard:conflictRisk,Conflict Risk,0.7,INFORM SADC 2024,INFORM Sub-national SADC 2024,baseline
TZ51,Kaskazini Unguja,TZ5102,Kaskazini B,Hazard & Exposure,Human hazards,hazard:internalViolence,Internal Violence,5.2,INFORM SADC 2024,INFORM Sub-national SADC 2024,baseline
TZ51,Kaskazini Unguja,TZ5102,Kaskazini B,Vulnerability,Socio-economic,vulnerability:developmentPoverty,Development Poverty,2.875,NBS,Household Budget Survey 2017/18,poverty headcount
TZ51,Kaskazini Unguja,TZ5102,Kaskazini B,Vulnerability,Socio-economic,vulnerability:economicDependency,Economic Dependency,2.866666667,INFORM SADC 2024,INFORM Sub-national SADC 2024,baseline
TZ51,Kaskazini Unguja,TZ5102,Kaskazini B,Vulnerability,Socio-economic,vulnerability:habitat,Habitat,4.35,INFORM SADC 2024,INFORM Sub-national SADC 2024,baseline
TZ51,Kaskazini Unguja,TZ5102,Kaskazini B,Vulnerability,Socio-economic,vulnerability:livelihoods,Livelihoods,0,MUCHALI / IPC (MoA),IPC acute food-insecurity rounds,food-insecurity phase
TZ51,Kaskazini Unguja,TZ5102,Kaskazini B,Vulnerability,Vulnerable groups,vulnerability:displacedPeople,Displaced People,10,INFORM SADC 2024,INFORM Sub-national SADC 2024,baseline
TZ51,Kaskazini Unguja,TZ5102,Kaskazini B,Vulnerability,Vulnerable groups,vulnerability:healthConditions,Health Conditions,1.3,INFORM SADC 2024,INFORM Sub-national SADC 2024,baseline
TZ51,Kaskazini Unguja,TZ5102,Kaskazini B,Vulnerability,Vulnerable groups,vulnerability:childrenHealthNutrition,Children Health Nutrition,4.675,MoH,TDHS 2022,under-5 stunting
TZ51,Kaskazini Unguja,TZ5102,Kaskazini B,Lack of Coping Capacity,Infrastructure,coping:accessHealth,Access Health,5.04,MoH,2022 PHC health facilities,resource availability
TZ51,Kaskazini Unguja,TZ5102,Kaskazini B,Lack of Coping Capacity,Infrastructure,coping:economicCapacity,Economic Capacity,7.466666667,INFORM SADC 2024,INFORM Sub-national SADC 2024,baseline
TZ51,Kaskazini Unguja,TZ5102,Kaskazini B,Lack of Coping Capacity,Infrastructure,coping:wash,Wash,7.9,MoW,2022 PHC water points & boreholes,"resource availability, rank 2-8"
TZ51,Kaskazini Unguja,TZ5102,Kaskazini B,Lack of Coping Capacity,Infrastructure,coping:communication,Communication,5.45,INFORM SADC 2024,INFORM Sub-national SADC 2024,baseline
TZ51,Kaskazini Unguja,TZ5102,Kaskazini B,Lack of Coping Capacity,Infrastructure,coping:education,Education,5.9,NBS / MoH,2022 PHC schools,resource availability
TZ51,Kaskazini Unguja,TZ5102,Kaskazini B,Lack of Coping Capacity,Institutional,coping:drrImplementation,Drr Implementation,6.5,PMO-DMD / DRR Coordinator,EPRP / EOCC / Anticipatory-Action records,DRM investment overlay
TZ51,Kaskazini Unguja,TZ5102,Kaskazini B,Lack of Coping Capacity,Institutional,coping:governance,Governance,6.95,PMO-DMD,INFORM SADC governance,baseline
TZ52,Kusini Unguja,TZ5201,Kati,Hazard & Exposure,Exposure,hazard:exposure,Population Exposure,5.12,NBS,2022 PHC population,"population density, log min-max"
TZ52,Kusini Unguja,TZ5201,Kati,Hazard & Exposure,Natural hazards,hazard:coastalHazards,Coastal Hazards,6.5,TMA / PMO-DMD,coastal strip,documented overlay
TZ52,Kusini Unguja,TZ5201,Kati,Hazard & Exposure,Natural hazards,hazard:drought,Drought,4.4,TMA / MoA,CHIRPS v3 1991-2024 + ERA5 t2m,"aridity+variability+SPEI+growing-season, min-max"
TZ52,Kusini Unguja,TZ5201,Kati,Hazard & Exposure,Natural hazards,hazard:earthquake,Earthquake,0,INFORM SADC,INFORM seismic,baseline
TZ52,Kusini Unguja,TZ5201,Kati,Hazard & Exposure,Natural hazards,hazard:environmentalDegradation,Environmental Degradation,5.9,INFORM SADC 2024,INFORM Sub-national SADC 2024,baseline
TZ52,Kusini Unguja,TZ5201,Kati,Hazard & Exposure,Natural hazards,hazard:flood,Flood,4.5,PMO-DMD / TMA / MoW,CHIRPS v3 daily + recorded floods,"max(hazard, sqrt(hazard×exposure))"
TZ52,Kusini Unguja,TZ5201,Kati,Hazard & Exposure,Natural hazards,hazard:landslide,Landslide,3.7,TMA / PMO-DMD,documented rainfall-triggered events,documented overlay
TZ52,Kusini Unguja,TZ5201,Kati,Hazard & Exposure,Natural hazards,hazard:stormsCyclone,Storms Cyclone,6,TMA / PMO-DMD,Cyclone Hidaya 2024 + Lindi 1952 + Zanzibar 1872,documented cyclone/storm exposure overlay
TZ52,Kusini Unguja,TZ5201,Kati,Hazard & Exposure,Natural hazards,hazard:volcano,Volcano,0,INFORM SADC 2024,INFORM Sub-national SADC 2024,baseline
TZ52,Kusini Unguja,TZ5201,Kati,Hazard & Exposure,Natural hazards,hazard:wildfire,Wildfire,0,INFORM SADC 2024,INFORM Sub-national SADC 2024,baseline
TZ52,Kusini Unguja,TZ5201,Kati,Hazard & Exposure,Human hazards,hazard:conflictIntensity,Conflict Intensity,0,INFORM SADC 2024,INFORM Sub-national SADC 2024,baseline
TZ52,Kusini Unguja,TZ5201,Kati,Hazard & Exposure,Human hazards,hazard:conflictRisk,Conflict Risk,0.7,INFORM SADC 2024,INFORM Sub-national SADC 2024,baseline
TZ52,Kusini Unguja,TZ5201,Kati,Hazard & Exposure,Human hazards,hazard:internalViolence,Internal Violence,6.15,INFORM SADC 2024,INFORM Sub-national SADC 2024,baseline
TZ52,Kusini Unguja,TZ5201,Kati,Vulnerability,Socio-economic,vulnerability:developmentPoverty,Development Poverty,2.225,NBS,Household Budget Survey 2017/18,poverty headcount
TZ52,Kusini Unguja,TZ5201,Kati,Vulnerability,Socio-economic,vulnerability:economicDependency,Economic Dependency,3.133333333,INFORM SADC 2024,INFORM Sub-national SADC 2024,baseline
TZ52,Kusini Unguja,TZ5201,Kati,Vulnerability,Socio-economic,vulnerability:habitat,Habitat,4.3,INFORM SADC 2024,INFORM Sub-national SADC 2024,baseline
TZ52,Kusini Unguja,TZ5201,Kati,Vulnerability,Socio-economic,vulnerability:livelihoods,Livelihoods,0,MUCHALI / IPC (MoA),IPC acute food-insecurity rounds,food-insecurity phase
TZ52,Kusini Unguja,TZ5201,Kati,Vulnerability,Vulnerable groups,vulnerability:displacedPeople,Displaced People,0,INFORM SADC 2024,INFORM Sub-national SADC 2024,baseline
TZ52,Kusini Unguja,TZ5201,Kati,Vulnerability,Vulnerable groups,vulnerability:healthConditions,Health Conditions,0.6,INFORM SADC 2024,INFORM Sub-national SADC 2024,baseline
TZ52,Kusini Unguja,TZ5201,Kati,Vulnerability,Vulnerable groups,vulnerability:childrenHealthNutrition,Children Health Nutrition,3.9,MoH,TDHS 2022,under-5 stunting
TZ52,Kusini Unguja,TZ5201,Kati,Lack of Coping Capacity,Infrastructure,coping:accessHealth,Access Health,4.3,MoH,2022 PHC health facilities,resource availability
TZ52,Kusini Unguja,TZ5201,Kati,Lack of Coping Capacity,Infrastructure,coping:economicCapacity,Economic Capacity,6.6,INFORM SADC 2024,INFORM Sub-national SADC 2024,baseline
TZ52,Kusini Unguja,TZ5201,Kati,Lack of Coping Capacity,Infrastructure,coping:wash,Wash,7.7,MoW,2022 PHC water points & boreholes,"resource availability, rank 2-8"
TZ52,Kusini Unguja,TZ5201,Kati,Lack of Coping Capacity,Infrastructure,coping:communication,Communication,4.55,INFORM SADC 2024,INFORM Sub-national SADC 2024,baseline
TZ52,Kusini Unguja,TZ5201,Kati,Lack of Coping Capacity,Infrastructure,coping:education,Education,3.8,NBS / MoH,2022 PHC schools,resource availability
TZ52,Kusini Unguja,TZ5201,Kati,Lack of Coping Capacity,Institutional,coping:drrImplementation,Drr Implementation,6.5,PMO-DMD / DRR Coordinator,EPRP / EOCC / Anticipatory-Action records,DRM investment overlay
TZ52,Kusini Unguja,TZ5201,Kati,Lack of Coping Capacity,Institutional,coping:governance,Governance,7.2,PMO-DMD,INFORM SADC governance,baseline
TZ52,Kusini Unguja,TZ5202,Kusini,Hazard & Exposure,Exposure,hazard:exposure,Population Exposure,4.62,NBS,2022 PHC population,"population density, log min-max"
TZ52,Kusini Unguja,TZ5202,Kusini,Hazard & Exposure,Natural hazards,hazard:coastalHazards,Coastal Hazards,6.5,TMA / PMO-DMD,coastal strip,documented overlay
TZ52,Kusini Unguja,TZ5202,Kusini,Hazard & Exposure,Natural hazards,hazard:drought,Drought,4.3,TMA / MoA,CHIRPS v3 1991-2024 + ERA5 t2m,"aridity+variability+SPEI+growing-season, min-max"
TZ52,Kusini Unguja,TZ5202,Kusini,Hazard & Exposure,Natural hazards,hazard:earthquake,Earthquake,0,INFORM SADC,INFORM seismic,baseline
TZ52,Kusini Unguja,TZ5202,Kusini,Hazard & Exposure,Natural hazards,hazard:environmentalDegradation,Environmental Degradation,6.35,INFORM SADC 2024,INFORM Sub-national SADC 2024,baseline
TZ52,Kusini Unguja,TZ5202,Kusini,Hazard & Exposure,Natural hazards,hazard:flood,Flood,5.5,PMO-DMD / TMA / MoW,CHIRPS v3 daily + recorded floods,"max(hazard, sqrt(hazard×exposure))"
TZ52,Kusini Unguja,TZ5202,Kusini,Hazard & Exposure,Natural hazards,hazard:landslide,Landslide,2.2,TMA / PMO-DMD,documented rainfall-triggered events,documented overlay
TZ52,Kusini Unguja,TZ5202,Kusini,Hazard & Exposure,Natural hazards,hazard:stormsCyclone,Storms Cyclone,7,TMA / PMO-DMD,Cyclone Hidaya 2024 + Lindi 1952 + Zanzibar 1872,documented cyclone/storm exposure overlay
TZ52,Kusini Unguja,TZ5202,Kusini,Hazard & Exposure,Natural hazards,hazard:volcano,Volcano,0,INFORM SADC 2024,INFORM Sub-national SADC 2024,baseline
TZ52,Kusini Unguja,TZ5202,Kusini,Hazard & Exposure,Natural hazards,hazard:wildfire,Wildfire,0,INFORM SADC 2024,INFORM Sub-national SADC 2024,baseline
TZ52,Kusini Unguja,TZ5202,Kusini,Hazard & Exposure,Human hazards,hazard:conflictIntensity,Conflict Intensity,0,INFORM SADC 2024,INFORM Sub-national SADC 2024,baseline
TZ52,Kusini Unguja,TZ5202,Kusini,Hazard & Exposure,Human hazards,hazard:conflictRisk,Conflict Risk,0.7,INFORM SADC 2024,INFORM Sub-national SADC 2024,baseline
TZ52,Kusini Unguja,TZ5202,Kusini,Hazard & Exposure,Human hazards,hazard:internalViolence,Internal Violence,6.15,INFORM SADC 2024,INFORM Sub-national SADC 2024,baseline
TZ52,Kusini Unguja,TZ5202,Kusini,Vulnerability,Socio-economic,vulnerability:developmentPoverty,Development Poverty,2.225,NBS,Household Budget Survey 2017/18,poverty headcount
TZ52,Kusini Unguja,TZ5202,Kusini,Vulnerability,Socio-economic,vulnerability:economicDependency,Economic Dependency,3.133333333,INFORM SADC 2024,INFORM Sub-national SADC 2024,baseline
TZ52,Kusini Unguja,TZ5202,Kusini,Vulnerability,Socio-economic,vulnerability:habitat,Habitat,4.3,INFORM SADC 2024,INFORM Sub-national SADC 2024,baseline
TZ52,Kusini Unguja,TZ5202,Kusini,Vulnerability,Socio-economic,vulnerability:livelihoods,Livelihoods,0,MUCHALI / IPC (MoA),IPC acute food-insecurity rounds,food-insecurity phase
TZ52,Kusini Unguja,TZ5202,Kusini,Vulnerability,Vulnerable groups,vulnerability:displacedPeople,Displaced People,0,INFORM SADC 2024,INFORM Sub-national SADC 2024,baseline
TZ52,Kusini Unguja,TZ5202,Kusini,Vulnerability,Vulnerable groups,vulnerability:healthConditions,Health Conditions,0.6,INFORM SADC 2024,INFORM Sub-national SADC 2024,baseline
TZ52,Kusini Unguja,TZ5202,Kusini,Vulnerability,Vulnerable groups,vulnerability:childrenHealthNutrition,Children Health Nutrition,3.9,MoH,TDHS 2022,under-5 stunting
TZ52,Kusini Unguja,TZ5202,Kusini,Lack of Coping Capacity,Infrastructure,coping:accessHealth,Access Health,4.3,MoH,2022 PHC health facilities,resource availability
TZ52,Kusini Unguja,TZ5202,Kusini,Lack of Coping Capacity,Infrastructure,coping:economicCapacity,Economic Capacity,6.6,INFORM SADC 2024,INFORM Sub-national SADC 2024,baseline
TZ52,Kusini Unguja,TZ5202,Kusini,Lack of Coping Capacity,Infrastructure,coping:wash,Wash,8,MoW,2022 PHC water points & boreholes,"resource availability, rank 2-8"
TZ52,Kusini Unguja,TZ5202,Kusini,Lack of Coping Capacity,Infrastructure,coping:communication,Communication,4.55,INFORM SADC 2024,INFORM Sub-national SADC 2024,baseline
TZ52,Kusini Unguja,TZ5202,Kusini,Lack of Coping Capacity,Infrastructure,coping:education,Education,3.8,NBS / MoH,2022 PHC schools,resource availability
TZ52,Kusini Unguja,TZ5202,Kusini,Lack of Coping Capacity,Institutional,coping:drrImplementation,Drr Implementation,6.5,PMO-DMD / DRR Coordinator,EPRP / EOCC / Anticipatory-Action records,DRM investment overlay
TZ52,Kusini Unguja,TZ5202,Kusini,Lack of Coping Capacity,Institutional,coping:governance,Governance,7.2,PMO-DMD,INFORM SADC governance,baseline
TZ53,Mjini Magharibi,TZ5301,Magharibi,Hazard & Exposure,Natural hazards,hazard:coastalHazards,Coastal Hazards,6.5,TMA / PMO-DMD,coastal strip,documented overlay
TZ53,Mjini Magharibi,TZ5301,Magharibi,Hazard & Exposure,Natural hazards,hazard:drought,Drought,0,TMA / MoA,CHIRPS v3 1991-2024 + ERA5 t2m,"aridity+variability+SPEI+growing-season, min-max"
TZ53,Mjini Magharibi,TZ5301,Magharibi,Hazard & Exposure,Natural hazards,hazard:earthquake,Earthquake,0,INFORM SADC,INFORM seismic,baseline
TZ53,Mjini Magharibi,TZ5301,Magharibi,Hazard & Exposure,Natural hazards,hazard:environmentalDegradation,Environmental Degradation,5.5,INFORM SADC 2024,INFORM Sub-national SADC 2024,baseline
TZ53,Mjini Magharibi,TZ5301,Magharibi,Hazard & Exposure,Natural hazards,hazard:flood,Flood,3.4,PMO-DMD / TMA / MoW,CHIRPS v3 daily + recorded floods,"max(hazard, sqrt(hazard×exposure))"
TZ53,Mjini Magharibi,TZ5301,Magharibi,Hazard & Exposure,Natural hazards,hazard:landslide,Landslide,3.4,TMA / PMO-DMD,documented rainfall-triggered events,documented overlay
TZ53,Mjini Magharibi,TZ5301,Magharibi,Hazard & Exposure,Natural hazards,hazard:stormsCyclone,Storms Cyclone,0,TMA / PMO-DMD,Cyclone Hidaya 2024 + Lindi 1952 + Zanzibar 1872,documented cyclone/storm exposure overlay
TZ53,Mjini Magharibi,TZ5301,Magharibi,Hazard & Exposure,Natural hazards,hazard:volcano,Volcano,0,INFORM SADC 2024,INFORM Sub-national SADC 2024,baseline
TZ53,Mjini Magharibi,TZ5301,Magharibi,Hazard & Exposure,Natural hazards,hazard:wildfire,Wildfire,0,INFORM SADC 2024,INFORM Sub-national SADC 2024,baseline
TZ53,Mjini Magharibi,TZ5301,Magharibi,Hazard & Exposure,Human hazards,hazard:conflictIntensity,Conflict Intensity,0,INFORM SADC 2024,INFORM Sub-national SADC 2024,baseline
TZ53,Mjini Magharibi,TZ5301,Magharibi,Hazard & Exposure,Human hazards,hazard:conflictRisk,Conflict Risk,0.7,INFORM SADC 2024,INFORM Sub-national SADC 2024,baseline
TZ53,Mjini Magharibi,TZ5301,Magharibi,Hazard & Exposure,Human hazards,hazard:internalViolence,Internal Violence,1.7,INFORM SADC 2024,INFORM Sub-national SADC 2024,baseline
TZ53,Mjini Magharibi,TZ5301,Magharibi,Vulnerability,Socio-economic,vulnerability:developmentPoverty,Development Poverty,0.825,NBS,Household Budget Survey 2017/18,poverty headcount
TZ53,Mjini Magharibi,TZ5301,Magharibi,Vulnerability,Socio-economic,vulnerability:economicDependency,Economic Dependency,1.7,INFORM SADC 2024,INFORM Sub-national SADC 2024,baseline
TZ53,Mjini Magharibi,TZ5301,Magharibi,Vulnerability,Socio-economic,vulnerability:habitat,Habitat,6.7,INFORM SADC 2024,INFORM Sub-national SADC 2024,baseline
TZ53,Mjini Magharibi,TZ5301,Magharibi,Vulnerability,Socio-economic,vulnerability:livelihoods,Livelihoods,0,MUCHALI / IPC (MoA),IPC acute food-insecurity rounds,food-insecurity phase
TZ53,Mjini Magharibi,TZ5301,Magharibi,Vulnerability,Vulnerable groups,vulnerability:displacedPeople,Displaced People,0,INFORM SADC 2024,INFORM Sub-national SADC 2024,baseline
TZ53,Mjini Magharibi,TZ5301,Magharibi,Vulnerability,Vulnerable groups,vulnerability:healthConditions,Health Conditions,1.066666667,INFORM SADC 2024,INFORM Sub-national SADC 2024,baseline
TZ53,Mjini Magharibi,TZ5301,Magharibi,Vulnerability,Vulnerable groups,vulnerability:childrenHealthNutrition,Children Health Nutrition,3.3,MoH,TDHS 2022,under-5 stunting
TZ53,Mjini Magharibi,TZ5301,Magharibi,Lack of Coping Capacity,Infrastructure,coping:accessHealth,Access Health,4.24,MoH,2022 PHC health facilities,resource availability
TZ53,Mjini Magharibi,TZ5301,Magharibi,Lack of Coping Capacity,Infrastructure,coping:economicCapacity,Economic Capacity,3.2,INFORM SADC 2024,INFORM Sub-national SADC 2024,baseline
TZ53,Mjini Magharibi,TZ5301,Magharibi,Lack of Coping Capacity,Infrastructure,coping:wash,Wash,7,MoW,2022 PHC water points & boreholes,"resource availability, rank 2-8"
TZ53,Mjini Magharibi,TZ5301,Magharibi,Lack of Coping Capacity,Infrastructure,coping:communication,Communication,1.05,INFORM SADC 2024,INFORM Sub-national SADC 2024,baseline
TZ53,Mjini Magharibi,TZ5301,Magharibi,Lack of Coping Capacity,Infrastructure,coping:education,Education,1.95,NBS / MoH,2022 PHC schools,resource availability
TZ53,Mjini Magharibi,TZ5301,Magharibi,Lack of Coping Capacity,Institutional,coping:drrImplementation,Drr Implementation,6.5,PMO-DMD / DRR Coordinator,EPRP / EOCC / Anticipatory-Action records,DRM investment overlay
TZ53,Mjini Magharibi,TZ5301,Magharibi,Lack of Coping Capacity,Institutional,coping:governance,Governance,7.35,PMO-DMD,INFORM SADC governance,baseline
TZ53,Mjini Magharibi,TZ5302,Mjini,Hazard & Exposure,Exposure,hazard:exposure,Population Exposure,10,NBS,2022 PHC population,"population density, log min-max"
TZ53,Mjini Magharibi,TZ5302,Mjini,Hazard & Exposure,Natural hazards,hazard:coastalHazards,Coastal Hazards,6.5,TMA / PMO-DMD,coastal strip,documented overlay
TZ53,Mjini Magharibi,TZ5302,Mjini,Hazard & Exposure,Natural hazards,hazard:drought,Drought,0,TMA / MoA,CHIRPS v3 1991-2024 + ERA5 t2m,"aridity+variability+SPEI+growing-season, min-max"
TZ53,Mjini Magharibi,TZ5302,Mjini,Hazard & Exposure,Natural hazards,hazard:earthquake,Earthquake,0,INFORM SADC,INFORM seismic,baseline
TZ53,Mjini Magharibi,TZ5302,Mjini,Hazard & Exposure,Natural hazards,hazard:environmentalDegradation,Environmental Degradation,5.45,INFORM SADC 2024,INFORM Sub-national SADC 2024,baseline
TZ53,Mjini Magharibi,TZ5302,Mjini,Hazard & Exposure,Natural hazards,hazard:flood,Flood,7.7,PMO-DMD / TMA / MoW,CHIRPS v3 daily + recorded floods,"max(hazard, sqrt(hazard×exposure))"
TZ53,Mjini Magharibi,TZ5302,Mjini,Hazard & Exposure,Natural hazards,hazard:landslide,Landslide,3.7,TMA / PMO-DMD,documented rainfall-triggered events,documented overlay
TZ53,Mjini Magharibi,TZ5302,Mjini,Hazard & Exposure,Natural hazards,hazard:stormsCyclone,Storms Cyclone,6,TMA / PMO-DMD,Cyclone Hidaya 2024 + Lindi 1952 + Zanzibar 1872,documented cyclone/storm exposure overlay
TZ53,Mjini Magharibi,TZ5302,Mjini,Hazard & Exposure,Natural hazards,hazard:volcano,Volcano,0,INFORM SADC 2024,INFORM Sub-national SADC 2024,baseline
TZ53,Mjini Magharibi,TZ5302,Mjini,Hazard & Exposure,Natural hazards,hazard:wildfire,Wildfire,0,INFORM SADC 2024,INFORM Sub-national SADC 2024,baseline
TZ53,Mjini Magharibi,TZ5302,Mjini,Hazard & Exposure,Human hazards,hazard:conflictIntensity,Conflict Intensity,0,INFORM SADC 2024,INFORM Sub-national SADC 2024,baseline
TZ53,Mjini Magharibi,TZ5302,Mjini,Hazard & Exposure,Human hazards,hazard:conflictRisk,Conflict Risk,0.7,INFORM SADC 2024,INFORM Sub-national SADC 2024,baseline
TZ53,Mjini Magharibi,TZ5302,Mjini,Hazard & Exposure,Human hazards,hazard:internalViolence,Internal Violence,1.7,INFORM SADC 2024,INFORM Sub-national SADC 2024,baseline
TZ53,Mjini Magharibi,TZ5302,Mjini,Vulnerability,Socio-economic,vulnerability:developmentPoverty,Development Poverty,0.825,NBS,Household Budget Survey 2017/18,poverty headcount
TZ53,Mjini Magharibi,TZ5302,Mjini,Vulnerability,Socio-economic,vulnerability:economicDependency,Economic Dependency,1.7,INFORM SADC 2024,INFORM Sub-national SADC 2024,baseline
TZ53,Mjini Magharibi,TZ5302,Mjini,Vulnerability,Socio-economic,vulnerability:habitat,Habitat,6.7,INFORM SADC 2024,INFORM Sub-national SADC 2024,baseline
TZ53,Mjini Magharibi,TZ5302,Mjini,Vulnerability,Socio-economic,vulnerability:livelihoods,Livelihoods,0,MUCHALI / IPC (MoA),IPC acute food-insecurity rounds,food-insecurity phase
TZ53,Mjini Magharibi,TZ5302,Mjini,Vulnerability,Vulnerable groups,vulnerability:displacedPeople,Displaced People,0,INFORM SADC 2024,INFORM Sub-national SADC 2024,baseline
TZ53,Mjini Magharibi,TZ5302,Mjini,Vulnerability,Vulnerable groups,vulnerability:healthConditions,Health Conditions,1.066666667,INFORM SADC 2024,INFORM Sub-national SADC 2024,baseline
TZ53,Mjini Magharibi,TZ5302,Mjini,Vulnerability,Vulnerable groups,vulnerability:childrenHealthNutrition,Children Health Nutrition,3.3,MoH,TDHS 2022,under-5 stunting
TZ53,Mjini Magharibi,TZ5302,Mjini,Lack of Coping Capacity,Infrastructure,coping:accessHealth,Access Health,4.24,MoH,2022 PHC health facilities,resource availability
TZ53,Mjini Magharibi,TZ5302,Mjini,Lack of Coping Capacity,Infrastructure,coping:economicCapacity,Economic Capacity,3.2,INFORM SADC 2024,INFORM Sub-national SADC 2024,baseline
TZ53,Mjini Magharibi,TZ5302,Mjini,Lack of Coping Capacity,Infrastructure,coping:wash,Wash,7.6,MoW,2022 PHC water points & boreholes,"resource availability, rank 2-8"
TZ53,Mjini Magharibi,TZ5302,Mjini,Lack of Coping Capacity,Infrastructure,coping:communication,Communication,1.05,INFORM SADC 2024,INFORM Sub-national SADC 2024,baseline
TZ53,Mjini Magharibi,TZ5302,Mjini,Lack of Coping Capacity,Infrastructure,coping:education,Education,1.95,NBS / MoH,2022 PHC schools,resource availability
TZ53,Mjini Magharibi,TZ5302,Mjini,Lack of Coping Capacity,Institutional,coping:drrImplementation,Drr Implementation,6.5,PMO-DMD / DRR Coordinator,EPRP / EOCC / Anticipatory-Action records,DRM investment overlay
TZ53,Mjini Magharibi,TZ5302,Mjini,Lack of Coping Capacity,Institutional,coping:governance,Governance,7.35,PMO-DMD,INFORM SADC governance,baseline
TZ54,Kaskazini Pemba,TZ5401,Wete,Hazard & Exposure,Exposure,hazard:exposure,Population Exposure,5.91,NBS,2022 PHC population,"population density, log min-max"
TZ54,Kaskazini Pemba,TZ5401,Wete,Hazard & Exposure,Natural hazards,hazard:coastalHazards,Coastal Hazards,6.5,TMA / PMO-DMD,coastal strip,documented overlay
TZ54,Kaskazini Pemba,TZ5401,Wete,Hazard & Exposure,Natural hazards,hazard:drought,Drought,5,TMA / MoA,CHIRPS v3 1991-2024 + ERA5 t2m,"aridity+variability+SPEI+growing-season, min-max"
TZ54,Kaskazini Pemba,TZ5401,Wete,Hazard & Exposure,Natural hazards,hazard:earthquake,Earthquake,0,INFORM SADC,INFORM seismic,baseline
TZ54,Kaskazini Pemba,TZ5401,Wete,Hazard & Exposure,Natural hazards,hazard:environmentalDegradation,Environmental Degradation,5.4,INFORM SADC 2024,INFORM Sub-national SADC 2024,baseline
TZ54,Kaskazini Pemba,TZ5401,Wete,Hazard & Exposure,Natural hazards,hazard:flood,Flood,8.3,PMO-DMD / TMA / MoW,CHIRPS v3 daily + recorded floods,"max(hazard, sqrt(hazard×exposure))"
TZ54,Kaskazini Pemba,TZ5401,Wete,Hazard & Exposure,Natural hazards,hazard:landslide,Landslide,3.9,TMA / PMO-DMD,documented rainfall-triggered events,documented overlay
TZ54,Kaskazini Pemba,TZ5401,Wete,Hazard & Exposure,Natural hazards,hazard:stormsCyclone,Storms Cyclone,6,TMA / PMO-DMD,Cyclone Hidaya 2024 + Lindi 1952 + Zanzibar 1872,documented cyclone/storm exposure overlay
TZ54,Kaskazini Pemba,TZ5401,Wete,Hazard & Exposure,Natural hazards,hazard:volcano,Volcano,0,INFORM SADC 2024,INFORM Sub-national SADC 2024,baseline
TZ54,Kaskazini Pemba,TZ5401,Wete,Hazard & Exposure,Natural hazards,hazard:wildfire,Wildfire,0,INFORM SADC 2024,INFORM Sub-national SADC 2024,baseline
TZ54,Kaskazini Pemba,TZ5401,Wete,Hazard & Exposure,Human hazards,hazard:conflictIntensity,Conflict Intensity,0,INFORM SADC 2024,INFORM Sub-national SADC 2024,baseline
TZ54,Kaskazini Pemba,TZ5401,Wete,Hazard & Exposure,Human hazards,hazard:conflictRisk,Conflict Risk,0.7,INFORM SADC 2024,INFORM Sub-national SADC 2024,baseline
TZ54,Kaskazini Pemba,TZ5401,Wete,Hazard & Exposure,Human hazards,hazard:internalViolence,Internal Violence,6.8,INFORM SADC 2024,INFORM Sub-national SADC 2024,baseline
TZ54,Kaskazini Pemba,TZ5401,Wete,Vulnerability,Socio-economic,vulnerability:developmentPoverty,Development Poverty,5.275,NBS,Household Budget Survey 2017/18,poverty headcount
TZ54,Kaskazini Pemba,TZ5401,Wete,Vulnerability,Socio-economic,vulnerability:economicDependency,Economic Dependency,3.9,INFORM SADC 2024,INFORM Sub-national SADC 2024,baseline
TZ54,Kaskazini Pemba,TZ5401,Wete,Vulnerability,Socio-economic,vulnerability:habitat,Habitat,4.8,INFORM SADC 2024,INFORM Sub-national SADC 2024,baseline
TZ54,Kaskazini Pemba,TZ5401,Wete,Vulnerability,Socio-economic,vulnerability:livelihoods,Livelihoods,0,MUCHALI / IPC (MoA),IPC acute food-insecurity rounds,food-insecurity phase
TZ54,Kaskazini Pemba,TZ5401,Wete,Vulnerability,Vulnerable groups,vulnerability:displacedPeople,Displaced People,0,INFORM SADC 2024,INFORM Sub-national SADC 2024,baseline
TZ54,Kaskazini Pemba,TZ5401,Wete,Vulnerability,Vulnerable groups,vulnerability:healthConditions,Health Conditions,0.8333333333,INFORM SADC 2024,INFORM Sub-national SADC 2024,baseline
TZ54,Kaskazini Pemba,TZ5401,Wete,Vulnerability,Vulnerable groups,vulnerability:childrenHealthNutrition,Children Health Nutrition,3.95,MoH,TDHS 2022,under-5 stunting
TZ54,Kaskazini Pemba,TZ5401,Wete,Lack of Coping Capacity,Infrastructure,coping:accessHealth,Access Health,7.16,MoH,2022 PHC health facilities,resource availability
TZ54,Kaskazini Pemba,TZ5401,Wete,Lack of Coping Capacity,Infrastructure,coping:economicCapacity,Economic Capacity,7.266666667,INFORM SADC 2024,INFORM Sub-national SADC 2024,baseline
TZ54,Kaskazini Pemba,TZ5401,Wete,Lack of Coping Capacity,Infrastructure,coping:wash,Wash,7.8,MoW,2022 PHC water points & boreholes,"resource availability, rank 2-8"
TZ54,Kaskazini Pemba,TZ5401,Wete,Lack of Coping Capacity,Infrastructure,coping:communication,Communication,5.65,INFORM SADC 2024,INFORM Sub-national SADC 2024,baseline
TZ54,Kaskazini Pemba,TZ5401,Wete,Lack of Coping Capacity,Infrastructure,coping:education,Education,6.45,NBS / MoH,2022 PHC schools,resource availability
TZ54,Kaskazini Pemba,TZ5401,Wete,Lack of Coping Capacity,Institutional,coping:drrImplementation,Drr Implementation,6.5,PMO-DMD / DRR Coordinator,EPRP / EOCC / Anticipatory-Action records,DRM investment overlay
TZ54,Kaskazini Pemba,TZ5401,Wete,Lack of Coping Capacity,Institutional,coping:governance,Governance,6.85,PMO-DMD,INFORM SADC governance,baseline
TZ54,Kaskazini Pemba,TZ5402,Micheweni,Hazard & Exposure,Exposure,hazard:exposure,Population Exposure,6.16,NBS,2022 PHC population,"population density, log min-max"
TZ54,Kaskazini Pemba,TZ5402,Micheweni,Hazard & Exposure,Natural hazards,hazard:coastalHazards,Coastal Hazards,6.5,TMA / PMO-DMD,coastal strip,documented overlay
TZ54,Kaskazini Pemba,TZ5402,Micheweni,Hazard & Exposure,Natural hazards,hazard:drought,Drought,5.7,TMA / MoA,CHIRPS v3 1991-2024 + ERA5 t2m,"aridity+variability+SPEI+growing-season, min-max"
TZ54,Kaskazini Pemba,TZ5402,Micheweni,Hazard & Exposure,Natural hazards,hazard:earthquake,Earthquake,0,INFORM SADC,INFORM seismic,baseline
TZ54,Kaskazini Pemba,TZ5402,Micheweni,Hazard & Exposure,Natural hazards,hazard:environmentalDegradation,Environmental Degradation,5.05,INFORM SADC 2024,INFORM Sub-national SADC 2024,baseline
TZ54,Kaskazini Pemba,TZ5402,Micheweni,Hazard & Exposure,Natural hazards,hazard:flood,Flood,8.8,PMO-DMD / TMA / MoW,CHIRPS v3 daily + recorded floods,"max(hazard, sqrt(hazard×exposure))"
TZ54,Kaskazini Pemba,TZ5402,Micheweni,Hazard & Exposure,Natural hazards,hazard:landslide,Landslide,2.2,TMA / PMO-DMD,documented rainfall-triggered events,documented overlay
TZ54,Kaskazini Pemba,TZ5402,Micheweni,Hazard & Exposure,Natural hazards,hazard:stormsCyclone,Storms Cyclone,6,TMA / PMO-DMD,Cyclone Hidaya 2024 + Lindi 1952 + Zanzibar 1872,documented cyclone/storm exposure overlay
TZ54,Kaskazini Pemba,TZ5402,Micheweni,Hazard & Exposure,Natural hazards,hazard:volcano,Volcano,0,INFORM SADC 2024,INFORM Sub-national SADC 2024,baseline
TZ54,Kaskazini Pemba,TZ5402,Micheweni,Hazard & Exposure,Natural hazards,hazard:wildfire,Wildfire,0,INFORM SADC 2024,INFORM Sub-national SADC 2024,baseline
TZ54,Kaskazini Pemba,TZ5402,Micheweni,Hazard & Exposure,Human hazards,hazard:conflictIntensity,Conflict Intensity,0,INFORM SADC 2024,INFORM Sub-national SADC 2024,baseline
TZ54,Kaskazini Pemba,TZ5402,Micheweni,Hazard & Exposure,Human hazards,hazard:conflictRisk,Conflict Risk,0.7,INFORM SADC 2024,INFORM Sub-national SADC 2024,baseline
TZ54,Kaskazini Pemba,TZ5402,Micheweni,Hazard & Exposure,Human hazards,hazard:internalViolence,Internal Violence,6.8,INFORM SADC 2024,INFORM Sub-national SADC 2024,baseline
TZ54,Kaskazini Pemba,TZ5402,Micheweni,Vulnerability,Socio-economic,vulnerability:developmentPoverty,Development Poverty,5.275,NBS,Household Budget Survey 2017/18,poverty headcount
TZ54,Kaskazini Pemba,TZ5402,Micheweni,Vulnerability,Socio-economic,vulnerability:economicDependency,Economic Dependency,3.9,INFORM SADC 2024,INFORM Sub-national SADC 2024,baseline
TZ54,Kaskazini Pemba,TZ5402,Micheweni,Vulnerability,Socio-economic,vulnerability:habitat,Habitat,4.8,INFORM SADC 2024,INFORM Sub-national SADC 2024,baseline
TZ54,Kaskazini Pemba,TZ5402,Micheweni,Vulnerability,Socio-economic,vulnerability:livelihoods,Livelihoods,0,MUCHALI / IPC (MoA),IPC acute food-insecurity rounds,food-insecurity phase
TZ54,Kaskazini Pemba,TZ5402,Micheweni,Vulnerability,Vulnerable groups,vulnerability:displacedPeople,Displaced People,0,INFORM SADC 2024,INFORM Sub-national SADC 2024,baseline
TZ54,Kaskazini Pemba,TZ5402,Micheweni,Vulnerability,Vulnerable groups,vulnerability:healthConditions,Health Conditions,0.8333333333,INFORM SADC 2024,INFORM Sub-national SADC 2024,baseline
TZ54,Kaskazini Pemba,TZ5402,Micheweni,Vulnerability,Vulnerable groups,vulnerability:childrenHealthNutrition,Children Health Nutrition,3.95,MoH,TDHS 2022,under-5 stunting
TZ54,Kaskazini Pemba,TZ5402,Micheweni,Lack of Coping Capacity,Infrastructure,coping:accessHealth,Access Health,7.16,MoH,2022 PHC health facilities,resource availability
TZ54,Kaskazini Pemba,TZ5402,Micheweni,Lack of Coping Capacity,Infrastructure,coping:economicCapacity,Economic Capacity,7.266666667,INFORM SADC 2024,INFORM Sub-national SADC 2024,baseline
TZ54,Kaskazini Pemba,TZ5402,Micheweni,Lack of Coping Capacity,Infrastructure,coping:wash,Wash,8,MoW,2022 PHC water points & boreholes,"resource availability, rank 2-8"
TZ54,Kaskazini Pemba,TZ5402,Micheweni,Lack of Coping Capacity,Infrastructure,coping:communication,Communication,5.65,INFORM SADC 2024,INFORM Sub-national SADC 2024,baseline
TZ54,Kaskazini Pemba,TZ5402,Micheweni,Lack of Coping Capacity,Infrastructure,coping:education,Education,6.45,NBS / MoH,2022 PHC schools,resource availability
TZ54,Kaskazini Pemba,TZ5402,Micheweni,Lack of Coping Capacity,Institutional,coping:drrImplementation,Drr Implementation,3.8,PMO-DMD / DRR Coordinator,EPRP / EOCC / Anticipatory-Action records,DRM investment overlay
TZ54,Kaskazini Pemba,TZ5402,Micheweni,Lack of Coping Capacity,Institutional,coping:governance,Governance,4.5,PMO-DMD,INFORM SADC governance,baseline
TZ55,Kusini Pemba,TZ5501,Chake Chake,Hazard & Exposure,Exposure,hazard:exposure,Population Exposure,6.15,NBS,2022 PHC population,"population density, log min-max"
TZ55,Kusini Pemba,TZ5501,Chake Chake,Hazard & Exposure,Natural hazards,hazard:coastalHazards,Coastal Hazards,6.5,TMA / PMO-DMD,coastal strip,documented overlay
TZ55,Kusini Pemba,TZ5501,Chake Chake,Hazard & Exposure,Natural hazards,hazard:drought,Drought,4.8,TMA / MoA,CHIRPS v3 1991-2024 + ERA5 t2m,"aridity+variability+SPEI+growing-season, min-max"
TZ55,Kusini Pemba,TZ5501,Chake Chake,Hazard & Exposure,Natural hazards,hazard:earthquake,Earthquake,0,INFORM SADC,INFORM seismic,baseline
TZ55,Kusini Pemba,TZ5501,Chake Chake,Hazard & Exposure,Natural hazards,hazard:environmentalDegradation,Environmental Degradation,4.75,INFORM SADC 2024,INFORM Sub-national SADC 2024,baseline
TZ55,Kusini Pemba,TZ5501,Chake Chake,Hazard & Exposure,Natural hazards,hazard:flood,Flood,6.4,PMO-DMD / TMA / MoW,CHIRPS v3 daily + recorded floods,"max(hazard, sqrt(hazard×exposure))"
TZ55,Kusini Pemba,TZ5501,Chake Chake,Hazard & Exposure,Natural hazards,hazard:landslide,Landslide,3.2,TMA / PMO-DMD,documented rainfall-triggered events,documented overlay
TZ55,Kusini Pemba,TZ5501,Chake Chake,Hazard & Exposure,Natural hazards,hazard:stormsCyclone,Storms Cyclone,6,TMA / PMO-DMD,Cyclone Hidaya 2024 + Lindi 1952 + Zanzibar 1872,documented cyclone/storm exposure overlay
TZ55,Kusini Pemba,TZ5501,Chake Chake,Hazard & Exposure,Natural hazards,hazard:volcano,Volcano,0,INFORM SADC 2024,INFORM Sub-national SADC 2024,baseline
TZ55,Kusini Pemba,TZ5501,Chake Chake,Hazard & Exposure,Natural hazards,hazard:wildfire,Wildfire,0,INFORM SADC 2024,INFORM Sub-national SADC 2024,baseline
TZ55,Kusini Pemba,TZ5501,Chake Chake,Hazard & Exposure,Human hazards,hazard:conflictIntensity,Conflict Intensity,0,INFORM SADC 2024,INFORM Sub-national SADC 2024,baseline
TZ55,Kusini Pemba,TZ5501,Chake Chake,Hazard & Exposure,Human hazards,hazard:conflictRisk,Conflict Risk,0.7,INFORM SADC 2024,INFORM Sub-national SADC 2024,baseline
TZ55,Kusini Pemba,TZ5501,Chake Chake,Hazard & Exposure,Human hazards,hazard:internalViolence,Internal Violence,0,INFORM SADC 2024,INFORM Sub-national SADC 2024,baseline
TZ55,Kusini Pemba,TZ5501,Chake Chake,Vulnerability,Socio-economic,vulnerability:developmentPoverty,Development Poverty,3.525,NBS,Household Budget Survey 2017/18,poverty headcount
TZ55,Kusini Pemba,TZ5501,Chake Chake,Vulnerability,Socio-economic,vulnerability:economicDependency,Economic Dependency,3.666666667,INFORM SADC 2024,INFORM Sub-national SADC 2024,baseline
TZ55,Kusini Pemba,TZ5501,Chake Chake,Vulnerability,Socio-economic,vulnerability:habitat,Habitat,5.2,INFORM SADC 2024,INFORM Sub-national SADC 2024,baseline
TZ55,Kusini Pemba,TZ5501,Chake Chake,Vulnerability,Socio-economic,vulnerability:livelihoods,Livelihoods,0,MUCHALI / IPC (MoA),IPC acute food-insecurity rounds,food-insecurity phase
TZ55,Kusini Pemba,TZ5501,Chake Chake,Vulnerability,Vulnerable groups,vulnerability:displacedPeople,Displaced People,0,INFORM SADC 2024,INFORM Sub-national SADC 2024,baseline
TZ55,Kusini Pemba,TZ5501,Chake Chake,Vulnerability,Vulnerable groups,vulnerability:healthConditions,Health Conditions,0.6333333333,INFORM SADC 2024,INFORM Sub-national SADC 2024,baseline
TZ55,Kusini Pemba,TZ5501,Chake Chake,Vulnerability,Vulnerable groups,vulnerability:childrenHealthNutrition,Children Health Nutrition,3.3,MoH,TDHS 2022,under-5 stunting
TZ55,Kusini Pemba,TZ5501,Chake Chake,Lack of Coping Capacity,Infrastructure,coping:accessHealth,Access Health,6.02,MoH,2022 PHC health facilities,resource availability
TZ55,Kusini Pemba,TZ5501,Chake Chake,Lack of Coping Capacity,Infrastructure,coping:economicCapacity,Economic Capacity,6.8,INFORM SADC 2024,INFORM Sub-national SADC 2024,baseline
TZ55,Kusini Pemba,TZ5501,Chake Chake,Lack of Coping Capacity,Infrastructure,coping:wash,Wash,7.9,MoW,2022 PHC water points & boreholes,"resource availability, rank 2-8"
TZ55,Kusini Pemba,TZ5501,Chake Chake,Lack of Coping Capacity,Infrastructure,coping:communication,Communication,5.2,INFORM SADC 2024,INFORM Sub-national SADC 2024,baseline
TZ55,Kusini Pemba,TZ5501,Chake Chake,Lack of Coping Capacity,Infrastructure,coping:education,Education,5.55,NBS / MoH,2022 PHC schools,resource availability
TZ55,Kusini Pemba,TZ5501,Chake Chake,Lack of Coping Capacity,Institutional,coping:drrImplementation,Drr Implementation,6.5,PMO-DMD / DRR Coordinator,EPRP / EOCC / Anticipatory-Action records,DRM investment overlay
TZ55,Kusini Pemba,TZ5501,Chake Chake,Lack of Coping Capacity,Institutional,coping:governance,Governance,8,PMO-DMD,INFORM SADC governance,baseline
TZ55,Kusini Pemba,TZ5502,Mkoani,Hazard & Exposure,Exposure,hazard:exposure,Population Exposure,5.95,NBS,2022 PHC population,"population density, log min-max"
TZ55,Kusini Pemba,TZ5502,Mkoani,Hazard & Exposure,Natural hazards,hazard:coastalHazards,Coastal Hazards,6.5,TMA / PMO-DMD,coastal strip,documented overlay
TZ55,Kusini Pemba,TZ5502,Mkoani,Hazard & Exposure,Natural hazards,hazard:drought,Drought,4.2,TMA / MoA,CHIRPS v3 1991-2024 + ERA5 t2m,"aridity+variability+SPEI+growing-season, min-max"
TZ55,Kusini Pemba,TZ5502,Mkoani,Hazard & Exposure,Natural hazards,hazard:earthquake,Earthquake,0,INFORM SADC,INFORM seismic,baseline
TZ55,Kusini Pemba,TZ5502,Mkoani,Hazard & Exposure,Natural hazards,hazard:environmentalDegradation,Environmental Degradation,4.75,INFORM SADC 2024,INFORM Sub-national SADC 2024,baseline
TZ55,Kusini Pemba,TZ5502,Mkoani,Hazard & Exposure,Natural hazards,hazard:flood,Flood,10,PMO-DMD / TMA / MoW,CHIRPS v3 daily + recorded floods,"max(hazard, sqrt(hazard×exposure))"
TZ55,Kusini Pemba,TZ5502,Mkoani,Hazard & Exposure,Natural hazards,hazard:landslide,Landslide,2.2,TMA / PMO-DMD,documented rainfall-triggered events,documented overlay
TZ55,Kusini Pemba,TZ5502,Mkoani,Hazard & Exposure,Natural hazards,hazard:stormsCyclone,Storms Cyclone,6,TMA / PMO-DMD,Cyclone Hidaya 2024 + Lindi 1952 + Zanzibar 1872,documented cyclone/storm exposure overlay
TZ55,Kusini Pemba,TZ5502,Mkoani,Hazard & Exposure,Natural hazards,hazard:volcano,Volcano,0,INFORM SADC 2024,INFORM Sub-national SADC 2024,baseline
TZ55,Kusini Pemba,TZ5502,Mkoani,Hazard & Exposure,Natural hazards,hazard:wildfire,Wildfire,0,INFORM SADC 2024,INFORM Sub-national SADC 2024,baseline
TZ55,Kusini Pemba,TZ5502,Mkoani,Hazard & Exposure,Human hazards,hazard:conflictIntensity,Conflict Intensity,0,INFORM SADC 2024,INFORM Sub-national SADC 2024,baseline
TZ55,Kusini Pemba,TZ5502,Mkoani,Hazard & Exposure,Human hazards,hazard:conflictRisk,Conflict Risk,0.7,INFORM SADC 2024,INFORM Sub-national SADC 2024,baseline
TZ55,Kusini Pemba,TZ5502,Mkoani,Hazard & Exposure,Human hazards,hazard:internalViolence,Internal Violence,0,INFORM SADC 2024,INFORM Sub-national SADC 2024,baseline
TZ55,Kusini Pemba,TZ5502,Mkoani,Vulnerability,Socio-economic,vulnerability:developmentPoverty,Development Poverty,3.525,NBS,Household Budget Survey 2017/18,poverty headcount
TZ55,Kusini Pemba,TZ5502,Mkoani,Vulnerability,Socio-economic,vulnerability:economicDependency,Economic Dependency,3.666666667,INFORM SADC 2024,INFORM Sub-national SADC 2024,baseline
TZ55,Kusini Pemba,TZ5502,Mkoani,Vulnerability,Socio-economic,vulnerability:habitat,Habitat,5.2,INFORM SADC 2024,INFORM Sub-national SADC 2024,baseline
TZ55,Kusini Pemba,TZ5502,Mkoani,Vulnerability,Socio-economic,vulnerability:livelihoods,Livelihoods,0,MUCHALI / IPC (MoA),IPC acute food-insecurity rounds,food-insecurity phase
TZ55,Kusini Pemba,TZ5502,Mkoani,Vulnerability,Vulnerable groups,vulnerability:displacedPeople,Displaced People,0,INFORM SADC 2024,INFORM Sub-national SADC 2024,baseline
TZ55,Kusini Pemba,TZ5502,Mkoani,Vulnerability,Vulnerable groups,vulnerability:healthConditions,Health Conditions,0.6333333333,INFORM SADC 2024,INFORM Sub-national SADC 2024,baseline
TZ55,Kusini Pemba,TZ5502,Mkoani,Vulnerability,Vulnerable groups,vulnerability:childrenHealthNutrition,Children Health Nutrition,3.3,MoH,TDHS 2022,under-5 stunting
TZ55,Kusini Pemba,TZ5502,Mkoani,Lack of Coping Capacity,Infrastructure,coping:accessHealth,Access Health,6.02,MoH,2022 PHC health facilities,resource availability
TZ55,Kusini Pemba,TZ5502,Mkoani,Lack of Coping Capacity,Infrastructure,coping:economicCapacity,Economic Capacity,6.8,INFORM SADC 2024,INFORM Sub-national SADC 2024,baseline
TZ55,Kusini Pemba,TZ5502,Mkoani,Lack of Coping Capacity,Infrastructure,coping:wash,Wash,7.8,MoW,2022 PHC water points & boreholes,"resource availability, rank 2-8"
TZ55,Kusini Pemba,TZ5502,Mkoani,Lack of Coping Capacity,Infrastructure,coping:communication,Communication,5.2,INFORM SADC 2024,INFORM Sub-national SADC 2024,baseline
TZ55,Kusini Pemba,TZ5502,Mkoani,Lack of Coping Capacity,Infrastructure,coping:education,Education,5.55,NBS / MoH,2022 PHC schools,resource availability
TZ55,Kusini Pemba,TZ5502,Mkoani,Lack of Coping Capacity,Institutional,coping:drrImplementation,Drr Implementation,6.5,PMO-DMD / DRR Coordinator,EPRP / EOCC / Anticipatory-Action records,DRM investment overlay
TZ55,Kusini Pemba,TZ5502,Mkoani,Lack of Coping Capacity,Institutional,coping:governance,Governance,8,PMO-DMD,INFORM SADC governance,baseline
